{"timestamp": "2026-08-31T06:22:24.960038", "log_type": "api_request", "method": "GET", "path": "/", "user_id": "anonymous", "status_code": 302, "duration_ms": 1.0}
{"timestamp": "2026-08-31T06:22:25.008368", "log_type": "api_request", "method": "GET", "path": "/login", "user_id": "anonymous", "status_code": 200, "duration_ms": 33.3}
{"timestamp": "2026-08-31T06:22:27.147741", "log_type": "api_request", "method": "GET", "path": "/favicon.ico", "user_id": "anonymous", "status_code": 500, "duration_ms": 10.5}
{"timestamp": "2026-08-31T06:22:34.990928", "log_type": "api_request", "method": "POST", "path": "/auth/login", "user_id": "anonymous", "status_code": 500, "duration_ms": 2.0}
{"timestamp": "2026-08-31T06:22:37.931711", "log_type": "api_request", "method": "POST", "path": "/auth/login", "user_id": "anonymous", "status_code": 500, "duration_ms": 2.0}
{"timestamp": "2026-08-31T06:22:38.518303", "log_type": "api_request", "method": "POST", "path": "/auth/login", "user_id": "anonymous", "status_code": 500, "duration_ms": 2.0}
{"timestamp": "2026-08-31T06:22:38.741446", "log_type": "api_request", "method": "POST", "path": "/auth/login", "user_id": "anonymous", "status_code": 500, "duration_ms": 2.0}
{"timestamp": "2026-08-31T06:28:14.552528", "log_type": "api_request", "method": "GET", "path": "/favicon.ico", "user_id": "anonymous", "status_code": 500, "duration_ms": 40.5}
{"timestamp": "2026-08-31T06:28:41.153266", "log_type": "api_request", "method": "POST", "path": "/auth/login", "user_id": "anonymous", "status_code": 500, "duration_ms": 2.0}
{"timestamp": "2026-08-31T06:29:49.521539", "log_type": "api_request", "method": "POST", "path": "/auth/login", "user_id": "anonymous", "status_code": 500, "duration_ms": 1.3}
{"timestamp": "2026-08-31T06:30:24.139661", "log_type": "api_request", "method": "POST", "path": "/auth/login", "user_id": "anonymous", "status_code": 500, "duration_ms": 3.6}
{"timestamp": "2026-08-31T07:59:11.502919", "log_type": "api_request", "method": "POST", "path": "/auth/login", "user_id": "anonymous", "status_code": 500, "duration_ms": 11.5}
{"timestamp": "2026-08-31T08:00:06.873940", "log_type": "security_event", "event_type": "login", "user_id": "6a94394ec2557d067dccdcd6", "ip": "127.0.0.1", "details": {}}
{"timestamp": "2026-08-31T08:00:06.876210", "log_type": "api_request", "method": "POST", "path": "/auth/login", "user_id": "anonymous", "status_code": 200, "duration_ms": 258.5}
{"timestamp": "2026-08-31T08:09:24.391175", "log_type": "api_request", "method": "GET", "path": "/", "user_id": "anonymous", "status_code": 302, "duration_ms": 1.1}
{"timestamp": "2026-08-31T08:09:24.428885", "log_type": "api_request", "method": "GET", "path": "/login", "user_id": "anonymous", "status_code": 200, "duration_ms": 21.0}
{"timestamp": "2026-08-31T08:09:26.755061", "log_type": "api_request", "method": "GET", "path": "/favicon.ico", "user_id": "anonymous", "status_code": 500, "duration_ms": 7.5}
{"timestamp": "2026-08-31T08:10:05.657755", "log_type": "api_request", "method": "POST", "path": "/auth/login", "user_id": "anonymous", "status_code": 500, "duration_ms": 21.5}
{"timestamp": "2026-08-31T08:10:06.055082", "log_type": "api_request", "method": "POST", "path": "/auth/login", "user_id": "anonymous", "status_code": 500, "duration_ms": 30369.0}
{"timestamp": "2026-08-31T08:10:08.721489", "log_type": "api_request", "method": "POST", "path": "/auth/login", "user_id": "anonymous", "status_code": 500, "duration_ms": 30082.5}
{"timestamp": "2026-08-31T08:10:10.247197", "log_type": "api_request", "method": "POST", "path": "/auth/login", "user_id": "anonymous", "status_code": 500, "duration_ms": 30020.4}
{"timestamp": "2026-08-31T08:10:10.257007", "log_type": "api_request", "method": "POST", "path": "/auth/login", "user_id": "anonymous", "status_code": 500, "duration_ms": 30202.8}
{"timestamp": "2026-08-31T08:10:10.748314", "log_type": "api_request", "method": "POST", "path": "/auth/login", "user_id": "anonymous", "status_code": 500, "duration_ms": 30303.2}
{"log_type": "civicpulse", "msg": "Starting CivicPulse prediction sweep"}
{"log_type": "civicpulse", "msg": "Sweep complete", "segments": 1}
{"timestamp": "2026-08-31T09:18:29.575264", "log_type": "api_request", "method": "GET", "path": "/", "user_id": "anonymous", "status_code": 302, "duration_ms": 0.0}
{"timestamp": "2026-08-31T09:18:29.662284", "log_type": "api_request", "method": "GET", "path": "/login", "user_id": "anonymous", "status_code": 200, "duration_ms": 14.0}
{"timestamp": "2026-08-31T09:18:31.833316", "log_type": "api_request", "method": "GET", "path": "/favicon.ico", "user_id": "anonymous", "status_code": 500, "duration_ms": 5.0}
{"timestamp": "2026-08-31T09:18:43.005249", "log_type": "api_request", "method": "POST", "path": "/auth/login", "user_id": "anonymous", "status_code": 500, "duration_ms": 9.0}
{"timestamp": "2026-08-31T09:18:43.009150", "log_type": "api_request", "method": "POST", "path": "/auth/login", "user_id": "anonymous", "status_code": 500, "duration_ms": 1.0}
{"timestamp": "2026-08-31T09:18:48.164255", "log_type": "api_request", "method": "GET", "path": "/login", "user_id": "anonymous", "status_code": 200, "duration_ms": 1.0}
{"timestamp": "2026-08-31T09:18:48.405492", "log_type": "api_request", "method": "GET", "path": "/favicon.ico", "user_id": "anonymous", "status_code": 500, "duration_ms": 2.0}
{"timestamp": "2026-08-31T09:18:49.515059", "log_type": "api_request", "method": "GET", "path": "/login", "user_id": "anonymous", "status_code": 200, "duration_ms": 0.0}
{"timestamp": "2026-08-31T09:18:49.684693", "log_type": "api_request", "method": "GET", "path": "/favicon.ico", "user_id": "anonymous", "status_code": 500, "duration_ms": 1.0}
{"timestamp": "2026-08-31T09:19:09.528568", "log_type": "api_request", "method": "POST", "path": "/auth/login", "user_id": "anonymous", "status_code": 500, "duration_ms": 30329.7}
{"timestamp": "2026-08-31T09:19:11.635379", "log_type": "api_request", "method": "POST", "path": "/auth/login", "user_id": "anonymous", "status_code": 500, "duration_ms": 30112.2}
{"timestamp": "2026-08-31T09:19:12.634654", "log_type": "api_request", "method": "POST", "path": "/auth/login", "user_id": "anonymous", "status_code": 500, "duration_ms": 30044.7}
{"timestamp": "2026-08-31T09:19:12.636655", "log_type": "api_request", "method": "POST", "path": "/auth/login", "user_id": "anonymous", "status_code": 500, "duration_ms": 30244.8}
{"timestamp": "2026-08-31T09:19:13.143872", "log_type": "api_request", "method": "POST", "path": "/auth/login", "user_id": "anonymous", "status_code": 500, "duration_ms": 30320.8}
{"timestamp": "2026-08-31T09:32:16.269011", "log_type": "api_request", "method": "GET", "path": "/", "user_id": "anonymous", "status_code": 302, "duration_ms": 1.0}
{"timestamp": "2026-08-31T09:32:16.370765", "log_type": "api_request", "method": "GET", "path": "/login", "user_id": "anonymous", "status_code": 200, "duration_ms": 71.6}
{"timestamp": "2026-08-31T09:32:17.214586", "log_type": "api_request", "method": "GET", "path": "/favicon.ico", "user_id": "anonymous", "status_code": 500, "duration_ms": 10.0}
{"timestamp": "2026-08-31T09:32:26.886700", "log_type": "api_request", "method": "POST", "path": "/auth/login", "user_id": "anonymous", "status_code": 500, "duration_ms": 8.0}
{"timestamp": "2026-08-31T09:32:26.895822", "log_type": "api_request", "method": "POST", "path": "/auth/login", "user_id": "anonymous", "status_code": 500, "duration_ms": 3.1}
{"timestamp": "2026-08-31T09:32:26.903765", "log_type": "api_request", "method": "POST", "path": "/auth/login", "user_id": "anonymous", "status_code": 500, "duration_ms": 4.0}
{"timestamp": "2026-08-31T09:32:27.113745", "log_type": "api_request", "method": "POST", "path": "/auth/login", "user_id": "anonymous", "status_code": 500, "duration_ms": 3.0}
{"timestamp": "2026-08-31T09:32:54.521160", "log_type": "api_request", "method": "POST", "path": "/auth/login", "user_id": "anonymous", "status_code": 500, "duration_ms": 30408.1}
{"timestamp": "2026-08-31T09:32:56.091291", "log_type": "api_request", "method": "POST", "path": "/auth/login", "user_id": "anonymous", "status_code": 500, "duration_ms": 30361.6}
{"timestamp": "2026-08-31T09:32:56.604454", "log_type": "api_request", "method": "POST", "path": "/auth/login", "user_id": "anonymous", "status_code": 500, "duration_ms": 30209.4}
{"timestamp": "2026-08-31T09:32:56.608352", "log_type": "api_request", "method": "POST", "path": "/auth/login", "user_id": "anonymous", "status_code": 500, "duration_ms": 30049.9}
{"timestamp": "2026-08-31T09:32:57.103191", "log_type": "api_request", "method": "POST", "path": "/auth/login", "user_id": "anonymous", "status_code": 500, "duration_ms": 30387.3}
{"timestamp": "2026-08-31T09:37:19.263325", "log_type": "api_request", "method": "GET", "path": "/", "user_id": "anonymous", "status_code": 302, "duration_ms": 1.1}
{"timestamp": "2026-08-31T09:37:19.357123", "log_type": "api_request", "method": "GET", "path": "/login", "user_id": "anonymous", "status_code": 200, "duration_ms": 64.1}
{"timestamp": "2026-08-31T09:37:20.758327", "log_type": "api_request", "method": "GET", "path": "/favicon.ico", "user_id": "anonymous", "status_code": 500, "duration_ms": 11.1}
{"timestamp": "2026-08-31T09:37:34.136572", "log_type": "security_event", "event_type": "login", "user_id": "6a954acf6b7db0e201b78b4e", "ip": "127.0.0.1", "details": {}}
{"timestamp": "2026-08-31T09:37:34.141120", "log_type": "api_request", "method": "POST", "path": "/auth/login", "user_id": "anonymous", "status_code": 200, "duration_ms": 631.7}
{"timestamp": "2026-08-31T09:37:35.207575", "log_type": "api_request", "method": "GET", "path": "/officer/dashboard", "user_id": "6a954acf6b7db0e201b78b4e", "status_code": 200, "duration_ms": 27.1}
{"timestamp": "2026-08-31T09:37:35.511289", "log_type": "api_request", "method": "GET", "path": "/static/js/dashboard.js", "user_id": "6a954acf6b7db0e201b78b4e", "status_code": 200, "duration_ms": 246.8}
{"timestamp": "2026-08-31T09:37:35.655869", "log_type": "api_request", "method": "GET", "path": "/favicon.ico", "user_id": "6a954acf6b7db0e201b78b4e", "status_code": 500, "duration_ms": 5.3}
{"timestamp": "2026-08-31T09:37:42.872071", "log_type": "api_request", "method": "GET", "path": "/api/issues", "user_id": "6a954acf6b7db0e201b78b4e", "status_code": 200, "duration_ms": 102.4}
{"timestamp": "2026-08-31T09:37:42.875063", "log_type": "api_request", "method": "GET", "path": "/api/issues", "user_id": "6a954acf6b7db0e201b78b4e", "status_code": 200, "duration_ms": 103.4}
{"timestamp": "2026-08-31T09:37:49.736185", "log_type": "api_request", "method": "GET", "path": "/api/issues", "user_id": "6a954acf6b7db0e201b78b4e", "status_code": 200, "duration_ms": 16.7}
{"timestamp": "2026-08-31T09:37:49.739248", "log_type": "api_request", "method": "GET", "path": "/api/issues", "user_id": "6a954acf6b7db0e201b78b4e", "status_code": 200, "duration_ms": 20.4}
{"timestamp": "2026-08-31T09:37:52.331582", "log_type": "api_request", "method": "GET", "path": "/api/issues", "user_id": "6a954acf6b7db0e201b78b4e", "status_code": 200, "duration_ms": 13.9}
{"timestamp": "2026-08-31T09:37:52.336540", "log_type": "api_request", "method": "GET", "path": "/api/issues", "user_id": "6a954acf6b7db0e201b78b4e", "status_code": 200, "duration_ms": 19.5}
{"timestamp": "2026-08-31T09:37:53.629517", "log_type": "api_request", "method": "GET", "path": "/api/issues", "user_id": "6a954acf6b7db0e201b78b4e", "status_code": 200, "duration_ms": 35.6}
{"timestamp": "2026-08-31T09:37:53.634888", "log_type": "api_request", "method": "GET", "path": "/api/issues", "user_id": "6a954acf6b7db0e201b78b4e", "status_code": 200, "duration_ms": 41.6}
{"timestamp": "2026-08-31T09:37:54.446586", "log_type": "api_request", "method": "GET", "path": "/api/issues", "user_id": "6a954acf6b7db0e201b78b4e", "status_code": 200, "duration_ms": 20.0}
{"timestamp": "2026-08-31T09:37:54.449437", "log_type": "api_request", "method": "GET", "path": "/api/issues", "user_id": "6a954acf6b7db0e201b78b4e", "status_code": 200, "duration_ms": 21.8}
{"timestamp": "2026-08-31T09:37:54.680204", "log_type": "api_request", "method": "GET", "path": "/api/issues", "user_id": "6a954acf6b7db0e201b78b4e", "status_code": 200, "duration_ms": 26.1}
{"timestamp": "2026-08-31T09:37:54.685247", "log_type": "api_request", "method": "GET", "path": "/api/issues", "user_id": "6a954acf6b7db0e201b78b4e", "status_code": 200, "duration_ms": 30.1}
{"timestamp": "2026-08-31T09:37:56.363174", "log_type": "api_request", "method": "GET", "path": "/api/issues", "user_id": "6a954acf6b7db0e201b78b4e", "status_code": 200, "duration_ms": 12.7}
{"timestamp": "2026-08-31T09:37:56.365631", "log_type": "api_request", "method": "GET", "path": "/api/issues", "user_id": "6a954acf6b7db0e201b78b4e", "status_code": 200, "duration_ms": 15.7}
{"timestamp": "2026-08-31T09:37:57.609746", "log_type": "api_request", "method": "GET", "path": "/api/issues", "user_id": "6a954acf6b7db0e201b78b4e", "status_code": 200, "duration_ms": 28.4}
{"timestamp": "2026-08-31T09:37:57.652033", "log_type": "api_request", "method": "GET", "path": "/api/issues", "user_id": "6a954acf6b7db0e201b78b4e", "status_code": 200, "duration_ms": 34.1}
{"timestamp": "2026-08-31T09:37:59.533828", "log_type": "api_request", "method": "GET", "path": "/api/analytics/overview", "user_id": "6a954acf6b7db0e201b78b4e", "status_code": 200, "duration_ms": 250.8}
{"timestamp": "2026-08-31T09:37:59.589299", "log_type": "api_request", "method": "GET", "path": "/api/officer/briefing", "user_id": "6a954acf6b7db0e201b78b4e", "status_code": 200, "duration_ms": 304.3}
{"timestamp": "2026-08-31T09:38:01.459696", "log_type": "api_request", "method": "GET", "path": "/api/issues", "user_id": "6a954acf6b7db0e201b78b4e", "status_code": 200, "duration_ms": 17.7}
{"timestamp": "2026-08-31T09:38:01.484591", "log_type": "api_request", "method": "GET", "path": "/api/issues", "user_id": "6a954acf6b7db0e201b78b4e", "status_code": 200, "duration_ms": 43.2}
{"timestamp": "2026-08-31T09:38:04.142200", "log_type": "api_request", "method": "GET", "path": "/api/analytics/recurring", "user_id": "6a954acf6b7db0e201b78b4e", "status_code": 200, "duration_ms": 50.6}
{"timestamp": "2026-08-31T09:38:10.753254", "log_type": "api_request", "method": "GET", "path": "/api/analytics/by-ward", "user_id": "6a954acf6b7db0e201b78b4e", "status_code": 200, "duration_ms": 3808.8}
{"timestamp": "2026-08-31T09:38:12.998170", "log_type": "api_request", "method": "GET", "path": "/api/workers", "user_id": "6a954acf6b7db0e201b78b4e", "status_code": 200, "duration_ms": 30.7}
{"timestamp": "2026-08-31T09:38:18.189438", "log_type": "api_request", "method": "GET", "path": "/api/issues", "user_id": "6a954acf6b7db0e201b78b4e", "status_code": 200, "duration_ms": 14.4}
{"timestamp": "2026-08-31T09:38:18.222444", "log_type": "api_request", "method": "GET", "path": "/api/issues", "user_id": "6a954acf6b7db0e201b78b4e", "status_code": 200, "duration_ms": 24.0}
{"timestamp": "2026-08-31T09:38:19.709285", "log_type": "api_request", "method": "GET", "path": "/api/issues", "user_id": "6a954acf6b7db0e201b78b4e", "status_code": 200, "duration_ms": 17.4}
{"timestamp": "2026-08-31T09:38:19.711868", "log_type": "api_request", "method": "GET", "path": "/api/issues", "user_id": "6a954acf6b7db0e201b78b4e", "status_code": 200, "duration_ms": 19.0}
{"timestamp": "2026-08-31T09:38:21.759630", "log_type": "api_request", "method": "GET", "path": "/api/issues", "user_id": "6a954acf6b7db0e201b78b4e", "status_code": 200, "duration_ms": 26.9}
{"timestamp": "2026-08-31T09:38:21.766042", "log_type": "api_request", "method": "GET", "path": "/api/issues", "user_id": "6a954acf6b7db0e201b78b4e", "status_code": 200, "duration_ms": 33.3}
{"timestamp": "2026-08-31T09:38:22.972273", "log_type": "api_request", "method": "GET", "path": "/api/issues", "user_id": "6a954acf6b7db0e201b78b4e", "status_code": 200, "duration_ms": 23.0}
{"timestamp": "2026-08-31T09:38:22.976272", "log_type": "api_request", "method": "GET", "path": "/api/issues", "user_id": "6a954acf6b7db0e201b78b4e", "status_code": 200, "duration_ms": 28.0}
{"timestamp": "2026-08-31T09:38:24.025350", "log_type": "api_request", "method": "GET", "path": "/api/issues", "user_id": "6a954acf6b7db0e201b78b4e", "status_code": 200, "duration_ms": 20.4}
{"timestamp": "2026-08-31T09:38:24.030562", "log_type": "api_request", "method": "GET", "path": "/api/issues", "user_id": "6a954acf6b7db0e201b78b4e", "status_code": 200, "duration_ms": 25.7}
{"timestamp": "2026-08-31T09:38:32.398484", "log_type": "api_request", "method": "GET", "path": "/", "user_id": "6a954acf6b7db0e201b78b4e", "status_code": 302, "duration_ms": 2.0}
{"timestamp": "2026-08-31T09:38:32.415603", "log_type": "api_request", "method": "GET", "path": "/officer/dashboard", "user_id": "6a954acf6b7db0e201b78b4e", "status_code": 200, "duration_ms": 4.4}
{"timestamp": "2026-08-31T09:38:32.486041", "log_type": "api_request", "method": "GET", "path": "/static/js/dashboard.js", "user_id": "6a954acf6b7db0e201b78b4e", "status_code": 304, "duration_ms": 3.0}
{"timestamp": "2026-08-31T09:38:33.072980", "log_type": "api_request", "method": "GET", "path": "/favicon.ico", "user_id": "6a954acf6b7db0e201b78b4e", "status_code": 500, "duration_ms": 3.1}
{"timestamp": "2026-09-03T05:47:04.595770", "log_type": "api_request", "method": "GET", "path": "/api/health", "user_id": "anonymous", "status_code": 200, "duration_ms": 0.0}
{"timestamp": "2026-09-03T05:49:21.492007", "log_type": "api_request", "method": "GET", "path": "/api/health", "user_id": "anonymous", "status_code": 200, "duration_ms": 0.5}
{"timestamp": "2026-09-03T06:53:00.811091", "log_type": "api_request", "method": "GET", "path": "/", "user_id": "anonymous", "status_code": 302, "duration_ms": 1.0}
{"timestamp": "2026-09-03T06:53:00.976132", "log_type": "api_request", "method": "GET", "path": "/login", "user_id": "anonymous", "status_code": 200, "duration_ms": 101.4}
{"timestamp": "2026-09-03T06:53:01.422879", "log_type": "api_request", "method": "GET", "path": "/static/css/main.css", "user_id": "anonymous", "status_code": 200, "duration_ms": 254.6}
{"timestamp": "2026-09-03T06:53:01.430239", "log_type": "api_request", "method": "GET", "path": "/static/js/filters.js", "user_id": "anonymous", "status_code": 200, "duration_ms": 2.3}
{"timestamp": "2026-09-03T06:53:01.441946", "log_type": "api_request", "method": "GET", "path": "/static/js/toast.js", "user_id": "anonymous", "status_code": 200, "duration_ms": 5.1}
{"timestamp": "2026-09-03T06:53:01.448948", "log_type": "api_request", "method": "GET", "path": "/static/css/dashboard.css", "user_id": "anonymous", "status_code": 200, "duration_ms": 3.4}
{"timestamp": "2026-09-03T06:53:02.375188", "log_type": "api_request", "method": "GET", "path": "/favicon.ico", "user_id": "anonymous", "status_code": 500, "duration_ms": 146.3}
{"timestamp": "2026-09-03T06:53:13.272508", "log_type": "security_event", "event_type": "failed_login", "user_id": "6a990f74933b4010bb9f5013", "ip": "127.0.0.1", "details": {"email": "authority@smartcivic.com", "attempt": 1}}
{"timestamp": "2026-09-03T06:53:13.273524", "log_type": "api_request", "method": "POST", "path": "/auth/login", "user_id": "anonymous", "status_code": 401, "duration_ms": 388.8}
{"timestamp": "2026-09-03T06:53:23.442303", "log_type": "security_event", "event_type": "failed_login", "user_id": "6a990f74933b4010bb9f5013", "ip": "127.0.0.1", "details": {"email": "authority@smartcivic.com", "attempt": 2}}
{"timestamp": "2026-09-03T06:53:23.442841", "log_type": "api_request", "method": "POST", "path": "/auth/login", "user_id": "anonymous", "status_code": 401, "duration_ms": 242.3}
{"timestamp": "2026-09-03T06:53:35.601578", "log_type": "api_request", "method": "GET", "path": "/login", "user_id": "anonymous", "status_code": 200, "duration_ms": 0.0}
{"timestamp": "2026-09-03T06:53:35.770769", "log_type": "api_request", "method": "GET", "path": "/static/css/main.css", "user_id": "anonymous", "status_code": 304, "duration_ms": 1.6}
{"timestamp": "2026-09-03T06:53:35.774888", "log_type": "api_request", "method": "GET", "path": "/static/js/filters.js", "user_id": "anonymous", "status_code": 304, "duration_ms": 1.0}
{"timestamp": "2026-09-03T06:53:35.778003", "log_type": "api_request", "method": "GET", "path": "/static/js/toast.js", "user_id": "anonymous", "status_code": 304, "duration_ms": 1.1}
{"timestamp": "2026-09-03T06:53:35.783587", "log_type": "api_request", "method": "GET", "path": "/static/css/dashboard.css", "user_id": "anonymous", "status_code": 304, "duration_ms": 3.5}
{"timestamp": "2026-09-03T06:53:35.991808", "log_type": "api_request", "method": "GET", "path": "/favicon.ico", "user_id": "anonymous", "status_code": 500, "duration_ms": 5.0}
{"timestamp": "2026-09-03T06:53:52.750065", "log_type": "security_event", "event_type": "failed_login", "user_id": "6a990f74933b4010bb9f5013", "ip": "127.0.0.1", "details": {"email": "authority@smartcivic.com", "attempt": 3}}
{"timestamp": "2026-09-03T06:53:52.751459", "log_type": "api_request", "method": "POST", "path": "/auth/login", "user_id": "anonymous", "status_code": 401, "duration_ms": 243.8}
{"timestamp": "2026-09-03T06:54:23.648267", "log_type": "security_event", "event_type": "failed_login", "user_id": "6a990f74933b4010bb9f5013", "ip": "127.0.0.1", "details": {"email": "authority@smartcivic.com", "attempt": 4}}
{"timestamp": "2026-09-03T06:54:23.650563", "log_type": "api_request", "method": "POST", "path": "/auth/login", "user_id": "anonymous", "status_code": 401, "duration_ms": 253.7}
{"timestamp": "2026-09-03T06:54:59.353863", "log_type": "security_event", "event_type": "login", "user_id": "6a990f74933b4010bb9f5013", "ip": "127.0.0.1", "details": {}}
{"timestamp": "2026-09-03T06:54:59.383765", "log_type": "api_request", "method": "POST", "path": "/auth/login", "user_id": "anonymous", "status_code": 200, "duration_ms": 294.1}
{"timestamp": "2026-09-03T06:55:00.721158", "log_type": "api_request", "method": "GET", "path": "/officer/dashboard", "user_id": "6a990f74933b4010bb9f5013", "status_code": 200, "duration_ms": 78.6}
{"timestamp": "2026-09-03T06:55:01.016491", "log_type": "api_request", "method": "GET", "path": "/static/css/main.css", "user_id": "6a990f74933b4010bb9f5013", "status_code": 304, "duration_ms": 53.4}
{"timestamp": "2026-09-03T06:55:01.033779", "log_type": "api_request", "method": "GET", "path": "/static/js/filters.js", "user_id": "6a990f74933b4010bb9f5013", "status_code": 304, "duration_ms": 29.5}
{"timestamp": "2026-09-03T06:55:01.039311", "log_type": "api_request", "method": "GET", "path": "/static/css/dashboard.css", "user_id": "6a990f74933b4010bb9f5013", "status_code": 304, "duration_ms": 57.1}
{"timestamp": "2026-09-03T06:55:01.044646", "log_type": "api_request", "method": "GET", "path": "/static/js/toast.js", "user_id": "6a990f74933b4010bb9f5013", "status_code": 304, "duration_ms": 48.8}
{"timestamp": "2026-09-03T06:55:01.049642", "log_type": "api_request", "method": "GET", "path": "/static/js/dashboard.js", "user_id": "6a990f74933b4010bb9f5013", "status_code": 200, "duration_ms": 41.1}
{"timestamp": "2026-09-03T06:55:01.634225", "log_type": "api_request", "method": "GET", "path": "/favicon.ico", "user_id": "6a990f74933b4010bb9f5013", "status_code": 500, "duration_ms": 19.8}
{"timestamp": "2026-09-03T06:55:06.837541", "log_type": "api_request", "method": "GET", "path": "/api/issues", "user_id": "6a990f74933b4010bb9f5013", "status_code": 200, "duration_ms": 17.1}
{"timestamp": "2026-09-03T06:55:06.839639", "log_type": "api_request", "method": "GET", "path": "/api/issues", "user_id": "6a990f74933b4010bb9f5013", "status_code": 200, "duration_ms": 20.2}
{"timestamp": "2026-09-03T06:55:11.245232", "log_type": "api_request", "method": "GET", "path": "/api/issues", "user_id": "6a990f74933b4010bb9f5013", "status_code": 200, "duration_ms": 6.5}
{"timestamp": "2026-09-03T06:55:11.246616", "log_type": "api_request", "method": "GET", "path": "/api/issues", "user_id": "6a990f74933b4010bb9f5013", "status_code": 200, "duration_ms": 7.9}
{"timestamp": "2026-09-03T06:55:12.822342", "log_type": "api_request", "method": "GET", "path": "/api/issues", "user_id": "6a990f74933b4010bb9f5013", "status_code": 200, "duration_ms": 4.1}
{"timestamp": "2026-09-03T06:55:12.824353", "log_type": "api_request", "method": "GET", "path": "/api/issues", "user_id": "6a990f74933b4010bb9f5013", "status_code": 200, "duration_ms": 5.2}
{"timestamp": "2026-09-03T06:55:13.946896", "log_type": "api_request", "method": "GET", "path": "/api/issues", "user_id": "6a990f74933b4010bb9f5013", "status_code": 200, "duration_ms": 7.4}
{"timestamp": "2026-09-03T06:55:13.949589", "log_type": "api_request", "method": "GET", "path": "/api/issues", "user_id": "6a990f74933b4010bb9f5013", "status_code": 200, "duration_ms": 10.1}
{"timestamp": "2026-09-03T06:55:18.174369", "log_type": "api_request", "method": "GET", "path": "/api/issues", "user_id": "6a990f74933b4010bb9f5013", "status_code": 200, "duration_ms": 5.3}
{"timestamp": "2026-09-03T06:55:18.180907", "log_type": "api_request", "method": "GET", "path": "/api/issues", "user_id": "6a990f74933b4010bb9f5013", "status_code": 200, "duration_ms": 4.1}
{"timestamp": "2026-09-03T06:55:21.234653", "log_type": "api_request", "method": "GET", "path": "/api/workers", "user_id": "6a990f74933b4010bb9f5013", "status_code": 200, "duration_ms": 10.3}
{"timestamp": "2026-09-03T06:55:22.877804", "log_type": "api_request", "method": "GET", "path": "/api/analytics/recurring", "user_id": "6a990f74933b4010bb9f5013", "status_code": 200, "duration_ms": 7.9}
{"timestamp": "2026-09-03T06:55:24.009464", "log_type": "api_request", "method": "GET", "path": "/api/analytics/by-ward", "user_id": "6a990f74933b4010bb9f5013", "status_code": 200, "duration_ms": 77.5}
{"timestamp": "2026-09-03T06:55:25.608175", "log_type": "api_request", "method": "GET", "path": "/api/analytics/overview", "user_id": "6a990f74933b4010bb9f5013", "status_code": 200, "duration_ms": 28.5}
{"timestamp": "2026-09-03T06:55:25.627885", "log_type": "api_request", "method": "GET", "path": "/api/officer/briefing", "user_id": "6a990f74933b4010bb9f5013", "status_code": 200, "duration_ms": 48.7}
{"timestamp": "2026-09-03T06:55:33.582406", "log_type": "api_request", "method": "GET", "path": "/api/issues", "user_id": "6a990f74933b4010bb9f5013", "status_code": 200, "duration_ms": 5.1}
{"timestamp": "2026-09-03T06:55:33.585461", "log_type": "api_request", "method": "GET", "path": "/api/issues", "user_id": "6a990f74933b4010bb9f5013", "status_code": 200, "duration_ms": 8.2}
{"timestamp": "2026-09-03T06:55:35.573570", "log_type": "api_request", "method": "GET", "path": "/api/issues", "user_id": "6a990f74933b4010bb9f5013", "status_code": 200, "duration_ms": 6.0}
{"timestamp": "2026-09-03T06:55:35.577851", "log_type": "api_request", "method": "GET", "path": "/api/issues", "user_id": "6a990f74933b4010bb9f5013", "status_code": 200, "duration_ms": 9.3}
{"timestamp": "2026-09-03T06:55:37.078186", "log_type": "api_request", "method": "GET", "path": "/api/issues", "user_id": "6a990f74933b4010bb9f5013", "status_code": 200, "duration_ms": 4.0}
{"timestamp": "2026-09-03T06:55:37.079172", "log_type": "api_request", "method": "GET", "path": "/api/issues", "user_id": "6a990f74933b4010bb9f5013", "status_code": 200, "duration_ms": 5.0}
{"timestamp": "2026-09-03T06:55:38.404421", "log_type": "api_request", "method": "GET", "path": "/api/issues", "user_id": "6a990f74933b4010bb9f5013", "status_code": 200, "duration_ms": 7.4}
{"timestamp": "2026-09-03T06:55:38.407984", "log_type": "api_request", "method": "GET", "path": "/api/issues", "user_id": "6a990f74933b4010bb9f5013", "status_code": 200, "duration_ms": 10.0}
{"timestamp": "2026-09-03T06:55:39.599687", "log_type": "api_request", "method": "GET", "path": "/api/issues", "user_id": "6a990f74933b4010bb9f5013", "status_code": 200, "duration_ms": 6.8}
{"timestamp": "2026-09-03T06:55:39.612466", "log_type": "api_request", "method": "GET", "path": "/api/issues", "user_id": "6a990f74933b4010bb9f5013", "status_code": 200, "duration_ms": 6.7}
{"timestamp": "2026-09-03T06:55:47.817449", "log_type": "api_request", "method": "GET", "path": "/api/workers", "user_id": "6a990f74933b4010bb9f5013", "status_code": 200, "duration_ms": 2.0}
{"timestamp": "2026-09-03T06:55:49.599113", "log_type": "api_request", "method": "GET", "path": "/api/analytics/by-ward", "user_id": "6a990f74933b4010bb9f5013", "status_code": 200, "duration_ms": 5.5}
{"timestamp": "2026-09-03T06:55:51.798911", "log_type": "api_request", "method": "GET", "path": "/api/officer/briefing", "user_id": "6a990f74933b4010bb9f5013", "status_code": 200, "duration_ms": 6.2}
{"timestamp": "2026-09-03T06:55:51.821827", "log_type": "api_request", "method": "GET", "path": "/api/analytics/overview", "user_id": "6a990f74933b4010bb9f5013", "status_code": 200, "duration_ms": 28.1}
{"timestamp": "2026-09-03T07:09:26.869082", "log_type": "api_request", "method": "GET", "path": "/", "user_id": "anonymous", "status_code": 302, "duration_ms": 0.0}
{"timestamp": "2026-09-03T07:09:26.911050", "log_type": "api_request", "method": "GET", "path": "/login", "user_id": "anonymous", "status_code": 200, "duration_ms": 19.4}
{"timestamp": "2026-09-03T07:09:27.475756", "log_type": "api_request", "method": "GET", "path": "/static/css/main.css", "user_id": "anonymous", "status_code": 200, "duration_ms": 242.6}
{"timestamp": "2026-09-03T07:09:27.480740", "log_type": "api_request", "method": "GET", "path": "/static/css/dashboard.css", "user_id": "anonymous", "status_code": 200, "duration_ms": 1.5}
{"timestamp": "2026-09-03T07:09:27.486001", "log_type": "api_request", "method": "GET", "path": "/static/js/toast.js", "user_id": "anonymous", "status_code": 200, "duration_ms": 2.1}
{"timestamp": "2026-09-03T07:09:27.489994", "log_type": "api_request", "method": "GET", "path": "/static/js/filters.js", "user_id": "anonymous", "status_code": 200, "duration_ms": 1.0}
{"timestamp": "2026-09-03T07:09:31.261170", "log_type": "api_request", "method": "GET", "path": "/favicon.ico", "user_id": "anonymous", "status_code": 500, "duration_ms": 6.0}
{"timestamp": "2026-09-03T07:09:42.682241", "log_type": "api_request", "method": "GET", "path": "/", "user_id": "anonymous", "status_code": 302, "duration_ms": 1.0}
{"timestamp": "2026-09-03T07:09:42.697901", "log_type": "api_request", "method": "GET", "path": "/login", "user_id": "anonymous", "status_code": 200, "duration_ms": 1.6}
{"timestamp": "2026-09-03T07:09:42.811169", "log_type": "api_request", "method": "GET", "path": "/static/css/main.css", "user_id": "anonymous", "status_code": 304, "duration_ms": 4.5}
{"timestamp": "2026-09-03T07:09:42.817618", "log_type": "api_request", "method": "GET", "path": "/static/js/filters.js", "user_id": "anonymous", "status_code": 304, "duration_ms": 2.5}
{"timestamp": "2026-09-03T07:09:42.821628", "log_type": "api_request", "method": "GET", "path": "/static/js/toast.js", "user_id": "anonymous", "status_code": 304, "duration_ms": 1.0}
{"timestamp": "2026-09-03T07:09:42.826628", "log_type": "api_request", "method": "GET", "path": "/static/css/dashboard.css", "user_id": "anonymous", "status_code": 304, "duration_ms": 2.0}
{"timestamp": "2026-09-03T07:10:02.189588", "log_type": "api_request", "method": "GET", "path": "/", "user_id": "anonymous", "status_code": 302, "duration_ms": 134.5}
{"timestamp": "2026-09-03T07:10:02.244939", "log_type": "api_request", "method": "GET", "path": "/officer/dashboard", "user_id": "anonymous", "status_code": 302, "duration_ms": 25.6}
{"timestamp": "2026-09-03T07:10:02.265819", "log_type": "api_request", "method": "GET", "path": "/login", "user_id": "anonymous", "status_code": 200, "duration_ms": 4.1}
{"timestamp": "2026-09-03T07:10:02.427238", "log_type": "api_request", "method": "GET", "path": "/static/css/main.css", "user_id": "anonymous", "status_code": 304, "duration_ms": 17.2}
{"timestamp": "2026-09-03T07:10:02.448120", "log_type": "api_request", "method": "GET", "path": "/static/js/filters.js", "user_id": "anonymous", "status_code": 304, "duration_ms": 13.7}
{"timestamp": "2026-09-03T07:10:02.455150", "log_type": "api_request", "method": "GET", "path": "/static/css/dashboard.css", "user_id": "anonymous", "status_code": 304, "duration_ms": 39.5}
{"timestamp": "2026-09-03T07:10:02.462217", "log_type": "api_request", "method": "GET", "path": "/static/js/toast.js", "user_id": "anonymous", "status_code": 304, "duration_ms": 25.5}
{"timestamp": "2026-09-03T07:10:02.797455", "log_type": "api_request", "method": "GET", "path": "/favicon.ico", "user_id": "anonymous", "status_code": 500, "duration_ms": 17.2}
{"timestamp": "2026-09-03T07:10:23.540310", "log_type": "security_event", "event_type": "login", "user_id": "6a991c781771e53ceb7d1b63", "ip": "127.0.0.1", "details": {}}
{"timestamp": "2026-09-03T07:10:23.547952", "log_type": "api_request", "method": "POST", "path": "/auth/login", "user_id": "anonymous", "status_code": 200, "duration_ms": 569.6}
{"timestamp": "2026-09-03T07:10:24.671402", "log_type": "api_request", "method": "GET", "path": "/officer/dashboard", "user_id": "6a991c781771e53ceb7d1b63", "status_code": 200, "duration_ms": 84.3}
{"timestamp": "2026-09-03T07:10:24.742495", "log_type": "api_request", "method": "GET", "path": "/static/css/main.css", "user_id": "6a991c781771e53ceb7d1b63", "status_code": 304, "duration_ms": 3.0}
{"timestamp": "2026-09-03T07:10:24.764159", "log_type": "api_request", "method": "GET", "path": "/static/css/dashboard.css", "user_id": "6a991c781771e53ceb7d1b63", "status_code": 304, "duration_ms": 15.1}
{"timestamp": "2026-09-03T07:10:24.770164", "log_type": "api_request", "method": "GET", "path": "/static/js/toast.js", "user_id": "6a991c781771e53ceb7d1b63", "status_code": 304, "duration_ms": 18.2}
{"timestamp": "2026-09-03T07:10:24.774548", "log_type": "api_request", "method": "GET", "path": "/static/js/filters.js", "user_id": "6a991c781771e53ceb7d1b63", "status_code": 304, "duration_ms": 21.0}
{"timestamp": "2026-09-03T07:10:24.781198", "log_type": "api_request", "method": "GET", "path": "/static/js/dashboard.js", "user_id": "6a991c781771e53ceb7d1b63", "status_code": 304, "duration_ms": 25.5}
{"timestamp": "2026-09-03T07:10:25.000314", "log_type": "api_request", "method": "GET", "path": "/favicon.ico", "user_id": "6a991c781771e53ceb7d1b63", "status_code": 500, "duration_ms": 6.5}
{"timestamp": "2026-09-03T07:21:32.252697", "log_type": "api_request", "method": "GET", "path": "/favicon.ico", "user_id": "6a991c781771e53ceb7d1b63", "status_code": 500, "duration_ms": 39.3}
{"timestamp": "2026-09-03T07:21:34.114924", "log_type": "api_request", "method": "GET", "path": "/officer/dashboard", "user_id": "6a991c781771e53ceb7d1b63", "status_code": 200, "duration_ms": 306.5}
{"timestamp": "2026-09-03T07:21:34.484780", "log_type": "api_request", "method": "GET", "path": "/static/css/main.css", "user_id": "6a991c781771e53ceb7d1b63", "status_code": 304, "duration_ms": 262.0}
{"timestamp": "2026-09-03T07:21:34.518205", "log_type": "api_request", "method": "GET", "path": "/static/css/dashboard.css", "user_id": "6a991c781771e53ceb7d1b63", "status_code": 304, "duration_ms": 28.3}
{"timestamp": "2026-09-03T07:21:34.529387", "log_type": "api_request", "method": "GET", "path": "/static/js/dashboard.js", "user_id": "6a991c781771e53ceb7d1b63", "status_code": 304, "duration_ms": 15.2}
{"timestamp": "2026-09-03T07:21:34.536389", "log_type": "api_request", "method": "GET", "path": "/static/js/toast.js", "user_id": "6a991c781771e53ceb7d1b63", "status_code": 304, "duration_ms": 42.4}
{"timestamp": "2026-09-03T07:21:34.543388", "log_type": "api_request", "method": "GET", "path": "/static/js/filters.js", "user_id": "6a991c781771e53ceb7d1b63", "status_code": 304, "duration_ms": 37.9}
{"timestamp": "2026-09-03T07:21:34.611540", "log_type": "api_request", "method": "GET", "path": "/favicon.ico", "user_id": "6a991c781771e53ceb7d1b63", "status_code": 500, "duration_ms": 3.1}
{"timestamp": "2026-09-03T07:21:37.732093", "log_type": "api_request", "method": "POST", "path": "/auth/logout", "user_id": "6a991c781771e53ceb7d1b63", "status_code": 200, "duration_ms": 4.7}
{"timestamp": "2026-09-03T07:21:37.788721", "log_type": "api_request", "method": "GET", "path": "/login", "user_id": "anonymous", "status_code": 200, "duration_ms": 8.5}
{"timestamp": "2026-09-03T07:21:37.863462", "log_type": "api_request", "method": "GET", "path": "/static/css/main.css", "user_id": "anonymous", "status_code": 304, "duration_ms": 1.7}
{"timestamp": "2026-09-03T07:21:37.869593", "log_type": "api_request", "method": "GET", "path": "/static/css/dashboard.css", "user_id": "anonymous", "status_code": 304, "duration_ms": 2.0}
{"timestamp": "2026-09-03T07:21:37.876053", "log_type": "api_request", "method": "GET", "path": "/static/js/toast.js", "user_id": "anonymous", "status_code": 304, "duration_ms": 1.0}
{"timestamp": "2026-09-03T07:21:37.881055", "log_type": "api_request", "method": "GET", "path": "/static/js/filters.js", "user_id": "anonymous", "status_code": 304, "duration_ms": 1.0}
{"timestamp": "2026-09-03T07:21:37.985929", "log_type": "api_request", "method": "GET", "path": "/favicon.ico", "user_id": "anonymous", "status_code": 500, "duration_ms": 2.2}
{"timestamp": "2026-09-03T07:21:47.668488", "log_type": "security_event", "event_type": "login", "user_id": "6a991c781771e53ceb7d1b63", "ip": "127.0.0.1", "details": {}}
{"timestamp": "2026-09-03T07:21:47.682404", "log_type": "api_request", "method": "POST", "path": "/auth/login", "user_id": "anonymous", "status_code": 200, "duration_ms": 501.9}
{"timestamp": "2026-09-03T07:21:48.725494", "log_type": "api_request", "method": "GET", "path": "/officer/dashboard", "user_id": "6a991c781771e53ceb7d1b63", "status_code": 200, "duration_ms": 4.5}
{"timestamp": "2026-09-03T07:21:48.778522", "log_type": "api_request", "method": "GET", "path": "/static/css/main.css", "user_id": "6a991c781771e53ceb7d1b63", "status_code": 304, "duration_ms": 3.9}
{"timestamp": "2026-09-03T07:21:48.798169", "log_type": "api_request", "method": "GET", "path": "/static/css/dashboard.css", "user_id": "6a991c781771e53ceb7d1b63", "status_code": 304, "duration_ms": 15.7}
{"timestamp": "2026-09-03T07:21:48.805480", "log_type": "api_request", "method": "GET", "path": "/static/js/dashboard.js", "user_id": "6a991c781771e53ceb7d1b63", "status_code": 304, "duration_ms": 19.0}
{"timestamp": "2026-09-03T07:21:48.810538", "log_type": "api_request", "method": "GET", "path": "/static/js/filters.js", "user_id": "6a991c781771e53ceb7d1b63", "status_code": 304, "duration_ms": 25.0}
{"timestamp": "2026-09-03T07:21:48.813539", "log_type": "api_request", "method": "GET", "path": "/static/js/toast.js", "user_id": "6a991c781771e53ceb7d1b63", "status_code": 304, "duration_ms": 24.5}
{"timestamp": "2026-09-03T07:21:48.888575", "log_type": "api_request", "method": "GET", "path": "/favicon.ico", "user_id": "6a991c781771e53ceb7d1b63", "status_code": 500, "duration_ms": 4.0}
{"timestamp": "2026-09-03T08:08:43.741148", "log_type": "api_request", "method": "GET", "path": "/api/invalid-route-xyz", "user_id": "anonymous", "status_code": 404, "duration_ms": 0.0}
{"timestamp": "2026-09-03T08:08:43.752925", "log_type": "api_request", "method": "GET", "path": "/api/health", "user_id": "anonymous", "status_code": 200, "duration_ms": 0.8}
{"timestamp": "2026-09-03T08:08:43.758736", "log_type": "api_request", "method": "GET", "path": "/api/notifications", "user_id": "anonymous", "status_code": 401, "duration_ms": 0.0}
{"timestamp": "2026-09-07T08:58:48.958545", "log_type": "api_request", "method": "GET", "path": "/", "user_id": "anonymous", "status_code": 302, "duration_ms": 0.0}
{"timestamp": "2026-09-07T08:58:48.995500", "log_type": "api_request", "method": "GET", "path": "/login", "user_id": "anonymous", "status_code": 200, "duration_ms": 19.6}
{"timestamp": "2026-09-07T08:58:49.340426", "log_type": "api_request", "method": "GET", "path": "/static/css/main.css", "user_id": "anonymous", "status_code": 200, "duration_ms": 262.0}
{"timestamp": "2026-09-07T08:58:49.346211", "log_type": "api_request", "method": "GET", "path": "/static/js/filters.js", "user_id": "anonymous", "status_code": 200, "duration_ms": 258.3}
{"timestamp": "2026-09-07T08:58:49.348207", "log_type": "api_request", "method": "GET", "path": "/static/css/dashboard.css", "user_id": "anonymous", "status_code": 200, "duration_ms": 267.6}
{"timestamp": "2026-09-07T08:58:49.351211", "log_type": "api_request", "method": "GET", "path": "/static/js/toast.js", "user_id": "anonymous", "status_code": 200, "duration_ms": 263.9}
{"timestamp": "2026-09-07T08:58:49.832439", "log_type": "api_request", "method": "GET", "path": "/favicon.ico", "user_id": "anonymous", "status_code": 404, "duration_ms": 3.0}
{"timestamp": "2026-09-07T08:59:00.394597", "log_type": "security_event", "event_type": "login", "user_id": "6a991c781771e53ceb7d1b63", "ip": "192.168.117.225", "details": {}}
{"timestamp": "2026-09-07T08:59:00.398596", "log_type": "api_request", "method": "POST", "path": "/auth/login", "user_id": "anonymous", "status_code": 200, "duration_ms": 328.2}
{"timestamp": "2026-09-07T08:59:01.457905", "log_type": "api_request", "method": "GET", "path": "/officer/dashboard", "user_id": "6a991c781771e53ceb7d1b63", "status_code": 200, "duration_ms": 21.0}
{"timestamp": "2026-09-07T08:59:01.507201", "log_type": "api_request", "method": "GET", "path": "/static/css/main.css", "user_id": "6a991c781771e53ceb7d1b63", "status_code": 304, "duration_ms": 6.4}
{"timestamp": "2026-09-07T08:59:01.508191", "log_type": "api_request", "method": "GET", "path": "/static/js/toast.js", "user_id": "6a991c781771e53ceb7d1b63", "status_code": 304, "duration_ms": 3.6}
{"timestamp": "2026-09-07T08:59:01.510190", "log_type": "api_request", "method": "GET", "path": "/static/js/filters.js", "user_id": "6a991c781771e53ceb7d1b63", "status_code": 304, "duration_ms": 5.0}
{"timestamp": "2026-09-07T08:59:01.519187", "log_type": "api_request", "method": "GET", "path": "/static/js/dashboard.js", "user_id": "6a991c781771e53ceb7d1b63", "status_code": 200, "duration_ms": 16.4}
{"timestamp": "2026-09-07T08:59:01.519187", "log_type": "api_request", "method": "GET", "path": "/static/css/dashboard.css", "user_id": "6a991c781771e53ceb7d1b63", "status_code": 304, "duration_ms": 17.4}
{"timestamp": "2026-09-07T08:59:01.601206", "log_type": "api_request", "method": "GET", "path": "/api/notifications", "user_id": "6a991c781771e53ceb7d1b63", "status_code": 200, "duration_ms": 51.7}
{"timestamp": "2026-09-07T08:59:20.615785", "log_type": "api_request", "method": "GET", "path": "/api/issues", "user_id": "6a991c781771e53ceb7d1b63", "status_code": 200, "duration_ms": 11.1}
{"timestamp": "2026-09-07T08:59:20.616806", "log_type": "api_request", "method": "GET", "path": "/api/issues", "user_id": "6a991c781771e53ceb7d1b63", "status_code": 200, "duration_ms": 13.2}
{"timestamp": "2026-09-07T09:10:38.919346", "log_type": "api_request", "method": "GET", "path": "/api/analytics/overview", "user_id": "6a991c781771e53ceb7d1b63", "status_code": 200, "duration_ms": 47.4}
{"timestamp": "2026-09-07T09:10:38.942510", "log_type": "api_request", "method": "GET", "path": "/api/officer/briefing", "user_id": "6a991c781771e53ceb7d1b63", "status_code": 200, "duration_ms": 62.4}
{"timestamp": "2026-09-07T09:10:42.912593", "log_type": "api_request", "method": "POST", "path": "/auth/logout", "user_id": "6a991c781771e53ceb7d1b63", "status_code": 200, "duration_ms": 6.0}
{"timestamp": "2026-09-07T09:10:42.945815", "log_type": "api_request", "method": "GET", "path": "/login", "user_id": "anonymous", "status_code": 200, "duration_ms": 8.5}
{"timestamp": "2026-09-07T09:10:42.998658", "log_type": "api_request", "method": "GET", "path": "/static/css/main.css", "user_id": "anonymous", "status_code": 304, "duration_ms": 8.9}
{"timestamp": "2026-09-07T09:10:42.999186", "log_type": "api_request", "method": "GET", "path": "/static/css/dashboard.css", "user_id": "anonymous", "status_code": 304, "duration_ms": 7.3}
{"timestamp": "2026-09-07T09:10:42.999716", "log_type": "api_request", "method": "GET", "path": "/static/js/filters.js", "user_id": "anonymous", "status_code": 304, "duration_ms": 7.4}
{"timestamp": "2026-09-07T09:10:43.000247", "log_type": "api_request", "method": "GET", "path": "/static/js/toast.js", "user_id": "anonymous", "status_code": 304, "duration_ms": 5.8}
{"timestamp": "2026-09-07T09:10:44.387263", "log_type": "api_request", "method": "GET", "path": "/register", "user_id": "anonymous", "status_code": 200, "duration_ms": 26.2}
{"timestamp": "2026-09-07T09:10:44.426191", "log_type": "api_request", "method": "GET", "path": "/static/css/main.css", "user_id": "anonymous", "status_code": 304, "duration_ms": 2.0}
{"timestamp": "2026-09-07T09:10:44.427189", "log_type": "api_request", "method": "GET", "path": "/static/css/dashboard.css", "user_id": "anonymous", "status_code": 304, "duration_ms": 2.0}
{"timestamp": "2026-09-07T09:10:44.429295", "log_type": "api_request", "method": "GET", "path": "/static/js/toast.js", "user_id": "anonymous", "status_code": 304, "duration_ms": 1.1}
{"timestamp": "2026-09-07T09:10:44.430191", "log_type": "api_request", "method": "GET", "path": "/static/js/filters.js", "user_id": "anonymous", "status_code": 304, "duration_ms": 2.0}
{"timestamp": "2026-09-07T09:11:08.846344", "log_type": "api_request", "method": "POST", "path": "/auth/register", "user_id": "anonymous", "status_code": 422, "duration_ms": 12.7}
{"timestamp": "2026-09-07T09:11:58.423684", "log_type": "api_request", "method": "POST", "path": "/auth/register", "user_id": "anonymous", "status_code": 422, "duration_ms": 1.0}
{"timestamp": "2026-09-07T09:12:04.207637", "log_type": "api_request", "method": "POST", "path": "/auth/register", "user_id": "anonymous", "status_code": 403, "duration_ms": 1.3}
{"timestamp": "2026-09-07T09:12:40.863151", "log_type": "api_request", "method": "POST", "path": "/auth/register", "user_id": "anonymous", "status_code": 201, "duration_ms": 251.9}
{"timestamp": "2026-09-07T09:12:46.253045", "log_type": "api_request", "method": "POST", "path": "/auth/register", "user_id": "anonymous", "status_code": 422, "duration_ms": 2.0}
{"timestamp": "2026-09-07T09:12:56.631838", "log_type": "api_request", "method": "POST", "path": "/auth/register", "user_id": "anonymous", "status_code": 422, "duration_ms": 0.0}
{"timestamp": "2026-09-07T09:13:29.992495", "log_type": "api_request", "method": "POST", "path": "/auth/register", "user_id": "anonymous", "status_code": 201, "duration_ms": 336.1}
{"timestamp": "2026-09-07T09:13:34.811499", "log_type": "api_request", "method": "POST", "path": "/auth/register", "user_id": "anonymous", "status_code": 403, "duration_ms": 1.0}
{"timestamp": "2026-09-07T09:13:40.008826", "log_type": "api_request", "method": "POST", "path": "/auth/register", "user_id": "anonymous", "status_code": 422, "duration_ms": 1.0}
{"timestamp": "2026-09-07T09:14:14.744742", "log_type": "api_request", "method": "GET", "path": "/login", "user_id": "anonymous", "status_code": 200, "duration_ms": 20.3}
{"timestamp": "2026-09-07T09:14:15.158180", "log_type": "api_request", "method": "GET", "path": "/static/css/dashboard.css", "user_id": "anonymous", "status_code": 304, "duration_ms": 280.4}
{"timestamp": "2026-09-07T09:14:15.172931", "log_type": "api_request", "method": "GET", "path": "/static/css/main.css", "user_id": "anonymous", "status_code": 304, "duration_ms": 314.6}
{"timestamp": "2026-09-07T09:14:15.174051", "log_type": "api_request", "method": "GET", "path": "/static/js/toast.js", "user_id": "anonymous", "status_code": 304, "duration_ms": 2.3}
{"timestamp": "2026-09-07T09:14:15.193521", "log_type": "api_request", "method": "GET", "path": "/static/js/filters.js", "user_id": "anonymous", "status_code": 304, "duration_ms": 3.0}
{"timestamp": "2026-09-07T09:14:59.187138", "log_type": "security_event", "event_type": "failed_login", "user_id": "6a991c781771e53ceb7d1b61", "ip": "192.168.117.225", "details": {"email": "citizen@smartcivic.com", "attempt": 1}}
{"timestamp": "2026-09-07T09:14:59.188508", "log_type": "api_request", "method": "POST", "path": "/auth/login", "user_id": "anonymous", "status_code": 401, "duration_ms": 291.8}
{"timestamp": "2026-09-07T09:15:06.650827", "log_type": "security_event", "event_type": "login", "user_id": "6a991c781771e53ceb7d1b61", "ip": "192.168.117.225", "details": {}}
{"timestamp": "2026-09-07T09:15:06.654896", "log_type": "api_request", "method": "POST", "path": "/auth/login", "user_id": "anonymous", "status_code": 200, "duration_ms": 257.9}
{"timestamp": "2026-09-07T09:15:07.694347", "log_type": "api_request", "method": "GET", "path": "/citizen/dashboard", "user_id": "6a991c781771e53ceb7d1b61", "status_code": 200, "duration_ms": 11.4}
{"timestamp": "2026-09-07T09:15:07.754660", "log_type": "api_request", "method": "GET", "path": "/static/css/main.css", "user_id": "6a991c781771e53ceb7d1b61", "status_code": 304, "duration_ms": 2.0}
{"timestamp": "2026-09-07T09:15:07.763631", "log_type": "api_request", "method": "GET", "path": "/static/js/citizen.js", "user_id": "6a991c781771e53ceb7d1b61", "status_code": 200, "duration_ms": 6.0}
{"timestamp": "2026-09-07T09:15:07.764630", "log_type": "api_request", "method": "GET", "path": "/static/js/filters.js", "user_id": "6a991c781771e53ceb7d1b61", "status_code": 304, "duration_ms": 3.0}
{"timestamp": "2026-09-07T09:15:07.773630", "log_type": "api_request", "method": "GET", "path": "/static/js/toast.js", "user_id": "6a991c781771e53ceb7d1b61", "status_code": 304, "duration_ms": 13.5}
{"timestamp": "2026-09-07T09:15:07.779048", "log_type": "api_request", "method": "GET", "path": "/static/css/dashboard.css", "user_id": "6a991c781771e53ceb7d1b61", "status_code": 304, "duration_ms": 20.4}
{"timestamp": "2026-09-07T09:15:07.900627", "log_type": "api_request", "method": "GET", "path": "/api/notifications", "user_id": "6a991c781771e53ceb7d1b61", "status_code": 200, "duration_ms": 9.0}
{"timestamp": "2026-09-07T09:16:27.020498", "log_type": "api_request", "method": "POST", "path": "/auth/logout", "user_id": "6a991c781771e53ceb7d1b61", "status_code": 200, "duration_ms": 3.0}
{"timestamp": "2026-09-07T09:16:27.061495", "log_type": "api_request", "method": "GET", "path": "/login", "user_id": "anonymous", "status_code": 200, "duration_ms": 0.5}
{"timestamp": "2026-09-07T09:16:27.127364", "log_type": "api_request", "method": "GET", "path": "/static/css/main.css", "user_id": "anonymous", "status_code": 304, "duration_ms": 2.9}
{"timestamp": "2026-09-07T09:16:27.127895", "log_type": "api_request", "method": "GET", "path": "/static/css/dashboard.css", "user_id": "anonymous", "status_code": 304, "duration_ms": 2.9}
{"timestamp": "2026-09-07T09:16:27.128430", "log_type": "api_request", "method": "GET", "path": "/static/js/toast.js", "user_id": "anonymous", "status_code": 304, "duration_ms": 2.9}
{"timestamp": "2026-09-07T09:16:27.128964", "log_type": "api_request", "method": "GET", "path": "/static/js/filters.js", "user_id": "anonymous", "status_code": 304, "duration_ms": 2.7}
{"timestamp": "2026-09-07T09:16:48.977795", "log_type": "security_event", "event_type": "login", "user_id": "6a991c781771e53ceb7d1b64", "ip": "192.168.117.225", "details": {}}
{"timestamp": "2026-09-07T09:16:48.979810", "log_type": "api_request", "method": "POST", "path": "/auth/login", "user_id": "anonymous", "status_code": 200, "duration_ms": 261.7}
{"timestamp": "2026-09-07T09:16:50.022168", "log_type": "api_request", "method": "GET", "path": "/worker/dashboard", "user_id": "6a991c781771e53ceb7d1b64", "status_code": 200, "duration_ms": 13.3}
{"timestamp": "2026-09-07T09:16:50.069409", "log_type": "api_request", "method": "GET", "path": "/static/css/main.css", "user_id": "6a991c781771e53ceb7d1b64", "status_code": 304, "duration_ms": 6.6}
{"timestamp": "2026-09-07T09:16:50.073410", "log_type": "api_request", "method": "GET", "path": "/static/js/toast.js", "user_id": "6a991c781771e53ceb7d1b64", "status_code": 304, "duration_ms": 5.0}
{"timestamp": "2026-09-07T09:16:50.074411", "log_type": "api_request", "method": "GET", "path": "/static/css/dashboard.css", "user_id": "6a991c781771e53ceb7d1b64", "status_code": 304, "duration_ms": 10.6}
{"timestamp": "2026-09-07T09:16:50.074411", "log_type": "api_request", "method": "GET", "path": "/static/js/worker.js", "user_id": "6a991c781771e53ceb7d1b64", "status_code": 200, "duration_ms": 9.6}
{"timestamp": "2026-09-07T09:16:50.076408", "log_type": "api_request", "method": "GET", "path": "/static/js/filters.js", "user_id": "6a991c781771e53ceb7d1b64", "status_code": 304, "duration_ms": 5.0}
{"timestamp": "2026-09-07T09:16:50.178663", "log_type": "api_request", "method": "GET", "path": "/api/notifications", "user_id": "6a991c781771e53ceb7d1b64", "status_code": 200, "duration_ms": 12.0}
{"timestamp": "2026-09-07T09:19:23.157404", "log_type": "api_request", "method": "GET", "path": "/", "user_id": "anonymous", "status_code": 302, "duration_ms": 2.8}
{"timestamp": "2026-09-07T09:19:23.176526", "log_type": "api_request", "method": "GET", "path": "/login", "user_id": "anonymous", "status_code": 200, "duration_ms": 0.0}
{"timestamp": "2026-09-07T09:19:23.266356", "log_type": "api_request", "method": "GET", "path": "/static/css/main.css", "user_id": "anonymous", "status_code": 304, "duration_ms": 3.0}
{"timestamp": "2026-09-07T09:19:23.266356", "log_type": "api_request", "method": "GET", "path": "/static/css/dashboard.css", "user_id": "anonymous", "status_code": 200, "duration_ms": 1.0}
{"timestamp": "2026-09-07T09:19:23.274356", "log_type": "api_request", "method": "GET", "path": "/static/js/toast.js", "user_id": "anonymous", "status_code": 304, "duration_ms": 3.0}
{"timestamp": "2026-09-07T09:19:23.275765", "log_type": "api_request", "method": "GET", "path": "/static/js/filters.js", "user_id": "anonymous", "status_code": 304, "duration_ms": 2.4}
{"timestamp": "2026-09-07T09:19:23.742757", "log_type": "api_request", "method": "GET", "path": "/favicon.ico", "user_id": "anonymous", "status_code": 404, "duration_ms": 8.5}
{"timestamp": "2026-09-07T09:19:35.998975", "log_type": "security_event", "event_type": "login", "user_id": "6a991c781771e53ceb7d1b61", "ip": "127.0.0.1", "details": {}}
{"timestamp": "2026-09-07T09:19:36.000976", "log_type": "api_request", "method": "POST", "path": "/auth/login", "user_id": "anonymous", "status_code": 200, "duration_ms": 256.6}
{"timestamp": "2026-09-07T09:19:37.039018", "log_type": "api_request", "method": "GET", "path": "/citizen/dashboard", "user_id": "6a991c781771e53ceb7d1b61", "status_code": 200, "duration_ms": 3.2}
{"timestamp": "2026-09-07T09:19:37.087302", "log_type": "api_request", "method": "GET", "path": "/static/css/main.css", "user_id": "6a991c781771e53ceb7d1b61", "status_code": 304, "duration_ms": 8.0}
{"timestamp": "2026-09-07T09:19:37.087894", "log_type": "api_request", "method": "GET", "path": "/static/js/toast.js", "user_id": "6a991c781771e53ceb7d1b61", "status_code": 304, "duration_ms": 5.4}
{"timestamp": "2026-09-07T09:19:37.088428", "log_type": "api_request", "method": "GET", "path": "/static/css/dashboard.css", "user_id": "6a991c781771e53ceb7d1b61", "status_code": 304, "duration_ms": 7.5}
{"timestamp": "2026-09-07T09:19:37.089495", "log_type": "api_request", "method": "GET", "path": "/static/js/filters.js", "user_id": "6a991c781771e53ceb7d1b61", "status_code": 304, "duration_ms": 3.3}
{"timestamp": "2026-09-07T09:19:37.089495", "log_type": "api_request", "method": "GET", "path": "/static/js/citizen.js", "user_id": "6a991c781771e53ceb7d1b61", "status_code": 200, "duration_ms": 5.9}
{"timestamp": "2026-09-07T09:19:37.180243", "log_type": "api_request", "method": "GET", "path": "/api/notifications", "user_id": "6a991c781771e53ceb7d1b61", "status_code": 200, "duration_ms": 8.1}
{"timestamp": "2026-09-07T09:22:08.114951", "log_type": "api_request", "method": "GET", "path": "/citizen/dashboard", "user_id": "6a991c781771e53ceb7d1b61", "status_code": 200, "duration_ms": 71.3}
{"timestamp": "2026-09-07T09:22:08.953526", "log_type": "api_request", "method": "GET", "path": "/static/css/main.css", "user_id": "6a991c781771e53ceb7d1b61", "status_code": 304, "duration_ms": 677.7}
{"timestamp": "2026-09-07T09:22:08.964486", "log_type": "api_request", "method": "GET", "path": "/static/css/dashboard.css", "user_id": "6a991c781771e53ceb7d1b61", "status_code": 304, "duration_ms": 686.7}
{"timestamp": "2026-09-07T09:22:08.970485", "log_type": "api_request", "method": "GET", "path": "/static/js/toast.js", "user_id": "6a991c781771e53ceb7d1b61", "status_code": 304, "duration_ms": 690.7}
{"timestamp": "2026-09-07T09:22:08.974908", "log_type": "api_request", "method": "GET", "path": "/static/js/filters.js", "user_id": "6a991c781771e53ceb7d1b61", "status_code": 304, "duration_ms": 685.1}
{"timestamp": "2026-09-07T09:22:08.977969", "log_type": "api_request", "method": "GET", "path": "/static/js/citizen.js", "user_id": "6a991c781771e53ceb7d1b61", "status_code": 304, "duration_ms": 693.2}
{"timestamp": "2026-09-07T09:22:09.056746", "log_type": "api_request", "method": "GET", "path": "/api/notifications", "user_id": "6a991c781771e53ceb7d1b61", "status_code": 200, "duration_ms": 10.0}
{"timestamp": "2026-09-07T09:22:19.229478", "log_type": "api_request", "method": "GET", "path": "/login", "user_id": "6a991c781771e53ceb7d1b61", "status_code": 200, "duration_ms": 5.0}
{"timestamp": "2026-09-07T09:22:19.272656", "log_type": "api_request", "method": "GET", "path": "/static/css/main.css", "user_id": "6a991c781771e53ceb7d1b61", "status_code": 304, "duration_ms": 3.8}
{"timestamp": "2026-09-07T09:22:19.273719", "log_type": "api_request", "method": "GET", "path": "/static/css/dashboard.css", "user_id": "6a991c781771e53ceb7d1b61", "status_code": 304, "duration_ms": 2.7}
{"timestamp": "2026-09-07T09:22:19.277483", "log_type": "api_request", "method": "GET", "path": "/static/js/toast.js", "user_id": "6a991c781771e53ceb7d1b61", "status_code": 304, "duration_ms": 2.7}
{"timestamp": "2026-09-07T09:22:19.278563", "log_type": "api_request", "method": "GET", "path": "/static/js/filters.js", "user_id": "6a991c781771e53ceb7d1b61", "status_code": 304, "duration_ms": 3.2}
{"timestamp": "2026-09-07T09:22:19.379673", "log_type": "api_request", "method": "GET", "path": "/api/notifications", "user_id": "6a991c781771e53ceb7d1b61", "status_code": 200, "duration_ms": 6.4}
{"timestamp": "2026-09-07T09:22:32.481136", "log_type": "security_event", "event_type": "login", "user_id": "6a991c781771e53ceb7d1b61", "ip": "127.0.0.1", "details": {}}
{"timestamp": "2026-09-07T09:22:32.482135", "log_type": "api_request", "method": "POST", "path": "/auth/login", "user_id": "6a991c781771e53ceb7d1b61", "status_code": 200, "duration_ms": 263.7}
{"timestamp": "2026-09-07T09:22:33.523663", "log_type": "api_request", "method": "GET", "path": "/citizen/dashboard", "user_id": "6a991c781771e53ceb7d1b61", "status_code": 200, "duration_ms": 2.4}
{"timestamp": "2026-09-07T09:22:33.566638", "log_type": "api_request", "method": "GET", "path": "/static/css/main.css", "user_id": "6a991c781771e53ceb7d1b61", "status_code": 304, "duration_ms": 5.0}
{"timestamp": "2026-09-07T09:22:33.569610", "log_type": "api_request", "method": "GET", "path": "/static/css/dashboard.css", "user_id": "6a991c781771e53ceb7d1b61", "status_code": 304, "duration_ms": 7.0}
{"timestamp": "2026-09-07T09:22:33.570625", "log_type": "api_request", "method": "GET", "path": "/static/js/toast.js", "user_id": "6a991c781771e53ceb7d1b61", "status_code": 304, "duration_ms": 5.9}
{"timestamp": "2026-09-07T09:22:33.571610", "log_type": "api_request", "method": "GET", "path": "/static/js/filters.js", "user_id": "6a991c781771e53ceb7d1b61", "status_code": 304, "duration_ms": 6.0}
{"timestamp": "2026-09-07T09:22:33.572623", "log_type": "api_request", "method": "GET", "path": "/static/js/citizen.js", "user_id": "6a991c781771e53ceb7d1b61", "status_code": 304, "duration_ms": 4.0}
{"timestamp": "2026-09-07T09:22:33.660451", "log_type": "api_request", "method": "GET", "path": "/api/notifications", "user_id": "6a991c781771e53ceb7d1b61", "status_code": 200, "duration_ms": 8.0}
{"timestamp": "2026-09-07T09:23:30.557008", "log_type": "api_request", "method": "GET", "path": "/api/public/map", "user_id": "anonymous", "status_code": 200, "duration_ms": 9.9}
{"timestamp": "2026-09-07T09:24:55.538456", "log_type": "api_request", "method": "GET", "path": "/api/map/issues", "user_id": "6a991c781771e53ceb7d1b62", "status_code": 200, "duration_ms": 6.0}
{"timestamp": "2026-09-07T09:24:55.542453", "log_type": "api_request", "method": "GET", "path": "/api/map/clusters", "user_id": "6a991c781771e53ceb7d1b62", "status_code": 200, "duration_ms": 2.0}
{"timestamp": "2026-09-07T09:24:55.549451", "log_type": "api_request", "method": "GET", "path": "/api/map/heatmap", "user_id": "6a991c781771e53ceb7d1b62", "status_code": 200, "duration_ms": 4.0}
{"timestamp": "2026-09-07T09:24:55.552450", "log_type": "api_request", "method": "GET", "path": "/api/map/workers", "user_id": "6a991c781771e53ceb7d1b62", "status_code": 200, "duration_ms": 2.0}
{"timestamp": "2026-09-07T09:24:55.564455", "log_type": "api_request", "method": "GET", "path": "/api/map/hotspots", "user_id": "6a991c781771e53ceb7d1b62", "status_code": 200, "duration_ms": 10.0}
{"timestamp": "2026-09-07T09:24:56.766973", "log_type": "api_request", "method": "GET", "path": "/api/map/route", "user_id": "6a991c781771e53ceb7d1b62", "status_code": 200, "duration_ms": 1200.5}
{"timestamp": "2026-09-07T09:28:01.630686", "log_type": "api_request", "method": "GET", "path": "/citizen/dashboard", "user_id": "6a991c781771e53ceb7d1b61", "status_code": 200, "duration_ms": 78.0}
{"timestamp": "2026-09-07T09:28:02.162669", "log_type": "api_request", "method": "GET", "path": "/static/js/citizen.js", "user_id": "6a991c781771e53ceb7d1b61", "status_code": 304, "duration_ms": 387.1}
{"timestamp": "2026-09-07T09:28:02.167176", "log_type": "api_request", "method": "GET", "path": "/static/css/dashboard.css", "user_id": "6a991c781771e53ceb7d1b61", "status_code": 304, "duration_ms": 399.2}
{"timestamp": "2026-09-07T09:28:02.173837", "log_type": "api_request", "method": "GET", "path": "/static/css/main.css", "user_id": "6a991c781771e53ceb7d1b61", "status_code": 304, "duration_ms": 407.9}
{"timestamp": "2026-09-07T09:28:02.178315", "log_type": "api_request", "method": "GET", "path": "/static/js/toast.js", "user_id": "6a991c781771e53ceb7d1b61", "status_code": 304, "duration_ms": 403.7}
{"timestamp": "2026-09-07T09:28:02.179800", "log_type": "api_request", "method": "GET", "path": "/static/js/filters.js", "user_id": "6a991c781771e53ceb7d1b61", "status_code": 304, "duration_ms": 407.2}
{"timestamp": "2026-09-07T09:28:02.356552", "log_type": "api_request", "method": "GET", "path": "/api/notifications", "user_id": "6a991c781771e53ceb7d1b61", "status_code": 200, "duration_ms": 83.1}
{"timestamp": "2026-09-07T09:28:05.103368", "log_type": "api_request", "method": "POST", "path": "/auth/logout", "user_id": "6a991c781771e53ceb7d1b61", "status_code": 200, "duration_ms": 1.0}
{"timestamp": "2026-09-07T09:28:05.130358", "log_type": "api_request", "method": "GET", "path": "/login", "user_id": "anonymous", "status_code": 200, "duration_ms": 4.9}
{"timestamp": "2026-09-07T09:28:05.177177", "log_type": "api_request", "method": "GET", "path": "/static/css/main.css", "user_id": "anonymous", "status_code": 304, "duration_ms": 1.0}
{"timestamp": "2026-09-07T09:28:05.181183", "log_type": "api_request", "method": "GET", "path": "/static/css/dashboard.css", "user_id": "anonymous", "status_code": 304, "duration_ms": 3.0}
{"timestamp": "2026-09-07T09:28:05.183320", "log_type": "api_request", "method": "GET", "path": "/static/js/toast.js", "user_id": "anonymous", "status_code": 304, "duration_ms": 3.1}
{"timestamp": "2026-09-07T09:28:05.184658", "log_type": "api_request", "method": "GET", "path": "/static/js/filters.js", "user_id": "anonymous", "status_code": 304, "duration_ms": 2.5}
{"timestamp": "2026-09-07T09:28:09.766997", "log_type": "api_request", "method": "GET", "path": "/", "user_id": "anonymous", "status_code": 302, "duration_ms": 1.0}
{"timestamp": "2026-09-07T09:28:09.785992", "log_type": "api_request", "method": "GET", "path": "/login", "user_id": "anonymous", "status_code": 200, "duration_ms": 0.0}
{"timestamp": "2026-09-07T09:28:09.943748", "log_type": "api_request", "method": "GET", "path": "/static/css/main.css", "user_id": "anonymous", "status_code": 304, "duration_ms": 4.5}
{"timestamp": "2026-09-07T09:28:09.944744", "log_type": "api_request", "method": "GET", "path": "/static/css/dashboard.css", "user_id": "anonymous", "status_code": 304, "duration_ms": 4.5}
{"timestamp": "2026-09-07T09:28:09.947776", "log_type": "api_request", "method": "GET", "path": "/static/js/toast.js", "user_id": "anonymous", "status_code": 304, "duration_ms": 6.1}
{"timestamp": "2026-09-07T09:28:09.948749", "log_type": "api_request", "method": "GET", "path": "/static/js/filters.js", "user_id": "anonymous", "status_code": 304, "duration_ms": 6.0}
{"timestamp": "2026-09-07T09:28:24.686691", "log_type": "security_event", "event_type": "login", "user_id": "6a991c781771e53ceb7d1b61", "ip": "127.0.0.1", "details": {}}
{"timestamp": "2026-09-07T09:28:24.693695", "log_type": "api_request", "method": "POST", "path": "/auth/login", "user_id": "anonymous", "status_code": 200, "duration_ms": 352.9}
{"timestamp": "2026-09-07T09:28:25.733503", "log_type": "api_request", "method": "GET", "path": "/citizen/dashboard", "user_id": "6a991c781771e53ceb7d1b61", "status_code": 200, "duration_ms": 4.9}
{"timestamp": "2026-09-07T09:28:25.818899", "log_type": "api_request", "method": "GET", "path": "/static/css/main.css", "user_id": "6a991c781771e53ceb7d1b61", "status_code": 304, "duration_ms": 4.0}
{"timestamp": "2026-09-07T09:28:25.832109", "log_type": "api_request", "method": "GET", "path": "/static/js/toast.js", "user_id": "6a991c781771e53ceb7d1b61", "status_code": 304, "duration_ms": 9.6}
{"timestamp": "2026-09-07T09:28:25.833124", "log_type": "api_request", "method": "GET", "path": "/static/css/dashboard.css", "user_id": "6a991c781771e53ceb7d1b61", "status_code": 304, "duration_ms": 12.8}
{"timestamp": "2026-09-07T09:28:25.834122", "log_type": "api_request", "method": "GET", "path": "/static/js/filters.js", "user_id": "6a991c781771e53ceb7d1b61", "status_code": 304, "duration_ms": 9.6}
{"timestamp": "2026-09-07T09:28:25.834122", "log_type": "api_request", "method": "GET", "path": "/static/js/citizen.js", "user_id": "6a991c781771e53ceb7d1b61", "status_code": 304, "duration_ms": 5.1}
{"timestamp": "2026-09-07T09:28:26.038339", "log_type": "api_request", "method": "GET", "path": "/api/notifications", "user_id": "6a991c781771e53ceb7d1b61", "status_code": 200, "duration_ms": 11.9}
{"timestamp": "2026-09-07T09:29:54.710224", "log_type": "api_request", "method": "GET", "path": "/citizen/dashboard", "user_id": "6a991c781771e53ceb7d1b61", "status_code": 200, "duration_ms": 30.0}
{"timestamp": "2026-09-07T09:29:55.134145", "log_type": "api_request", "method": "GET", "path": "/static/css/dashboard.css", "user_id": "6a991c781771e53ceb7d1b61", "status_code": 304, "duration_ms": 326.6}
{"timestamp": "2026-09-07T09:29:55.168732", "log_type": "api_request", "method": "GET", "path": "/static/css/main.css", "user_id": "6a991c781771e53ceb7d1b61", "status_code": 304, "duration_ms": 366.3}
{"timestamp": "2026-09-07T09:29:55.169580", "log_type": "api_request", "method": "GET", "path": "/static/js/citizen.js", "user_id": "6a991c781771e53ceb7d1b61", "status_code": 304, "duration_ms": 358.0}
{"timestamp": "2026-09-07T09:29:55.182586", "log_type": "api_request", "method": "GET", "path": "/static/js/filters.js", "user_id": "6a991c781771e53ceb7d1b61", "status_code": 304, "duration_ms": 372.0}
{"timestamp": "2026-09-07T09:29:55.183718", "log_type": "api_request", "method": "GET", "path": "/static/js/toast.js", "user_id": "6a991c781771e53ceb7d1b61", "status_code": 304, "duration_ms": 375.2}
{"timestamp": "2026-09-07T09:29:55.264396", "log_type": "api_request", "method": "GET", "path": "/api/notifications", "user_id": "6a991c781771e53ceb7d1b61", "status_code": 200, "duration_ms": 12.1}
{"timestamp": "2026-09-07T09:35:21.966925", "log_type": "api_request", "method": "GET", "path": "/", "user_id": "6a991c781771e53ceb7d1b61", "status_code": 302, "duration_ms": 10.0}
{"timestamp": "2026-09-07T09:35:22.013958", "log_type": "api_request", "method": "GET", "path": "/citizen/dashboard", "user_id": "6a991c781771e53ceb7d1b61", "status_code": 200, "duration_ms": 28.2}
{"timestamp": "2026-09-07T09:35:22.404223", "log_type": "api_request", "method": "GET", "path": "/static/css/dashboard.css", "user_id": "6a991c781771e53ceb7d1b61", "status_code": 304, "duration_ms": 324.6}
{"timestamp": "2026-09-07T09:35:22.406226", "log_type": "api_request", "method": "GET", "path": "/static/js/toast.js", "user_id": "6a991c781771e53ceb7d1b61", "status_code": 304, "duration_ms": 323.6}
{"timestamp": "2026-09-07T09:35:22.406226", "log_type": "api_request", "method": "GET", "path": "/static/js/citizen.js", "user_id": "6a991c781771e53ceb7d1b61", "status_code": 200, "duration_ms": 320.5}
{"timestamp": "2026-09-07T09:35:22.413012", "log_type": "api_request", "method": "GET", "path": "/static/js/filters.js", "user_id": "6a991c781771e53ceb7d1b61", "status_code": 304, "duration_ms": 331.4}
{"timestamp": "2026-09-07T09:35:22.414013", "log_type": "api_request", "method": "GET", "path": "/static/css/main.css", "user_id": "6a991c781771e53ceb7d1b61", "status_code": 304, "duration_ms": 335.4}
{"timestamp": "2026-09-07T09:35:22.438817", "log_type": "api_request", "method": "GET", "path": "/api/notifications", "user_id": "6a991c781771e53ceb7d1b61", "status_code": 200, "duration_ms": 7.0}
{"timestamp": "2026-09-07T09:35:28.947876", "log_type": "api_request", "method": "POST", "path": "/auth/logout", "user_id": "6a991c781771e53ceb7d1b61", "status_code": 200, "duration_ms": 2.2}
{"timestamp": "2026-09-07T09:35:28.977084", "log_type": "api_request", "method": "GET", "path": "/login", "user_id": "anonymous", "status_code": 200, "duration_ms": 6.4}
{"timestamp": "2026-09-07T09:35:29.017765", "log_type": "api_request", "method": "GET", "path": "/static/css/main.css", "user_id": "anonymous", "status_code": 304, "duration_ms": 1.0}
{"timestamp": "2026-09-07T09:35:29.023767", "log_type": "api_request", "method": "GET", "path": "/static/js/toast.js", "user_id": "anonymous", "status_code": 304, "duration_ms": 3.0}
{"timestamp": "2026-09-07T09:35:29.024766", "log_type": "api_request", "method": "GET", "path": "/static/js/filters.js", "user_id": "anonymous", "status_code": 304, "duration_ms": 3.0}
{"timestamp": "2026-09-07T09:35:29.025765", "log_type": "api_request", "method": "GET", "path": "/static/css/dashboard.css", "user_id": "anonymous", "status_code": 304, "duration_ms": 5.0}
{"timestamp": "2026-09-07T09:35:36.328951", "log_type": "security_event", "event_type": "login", "user_id": "6a991c781771e53ceb7d1b61", "ip": "127.0.0.1", "details": {}}
{"timestamp": "2026-09-07T09:35:36.330927", "log_type": "api_request", "method": "POST", "path": "/auth/login", "user_id": "anonymous", "status_code": 200, "duration_ms": 294.9}
{"timestamp": "2026-09-07T09:35:37.357932", "log_type": "api_request", "method": "GET", "path": "/citizen/dashboard", "user_id": "6a991c781771e53ceb7d1b61", "status_code": 200, "duration_ms": 2.0}
{"timestamp": "2026-09-07T09:35:37.399887", "log_type": "api_request", "method": "GET", "path": "/static/css/main.css", "user_id": "6a991c781771e53ceb7d1b61", "status_code": 304, "duration_ms": 4.0}
{"timestamp": "2026-09-07T09:35:37.410887", "log_type": "api_request", "method": "GET", "path": "/static/js/toast.js", "user_id": "6a991c781771e53ceb7d1b61", "status_code": 304, "duration_ms": 7.0}
{"timestamp": "2026-09-07T09:35:37.410887", "log_type": "api_request", "method": "GET", "path": "/static/js/filters.js", "user_id": "6a991c781771e53ceb7d1b61", "status_code": 304, "duration_ms": 6.0}
{"timestamp": "2026-09-07T09:35:37.411886", "log_type": "api_request", "method": "GET", "path": "/static/js/citizen.js", "user_id": "6a991c781771e53ceb7d1b61", "status_code": 304, "duration_ms": 2.0}
{"timestamp": "2026-09-07T09:35:37.411886", "log_type": "api_request", "method": "GET", "path": "/static/css/dashboard.css", "user_id": "6a991c781771e53ceb7d1b61", "status_code": 304, "duration_ms": 9.0}
{"timestamp": "2026-09-07T09:35:37.501071", "log_type": "api_request", "method": "GET", "path": "/api/notifications", "user_id": "6a991c781771e53ceb7d1b61", "status_code": 200, "duration_ms": 6.0}
{"timestamp": "2026-09-07T09:50:12.931038", "log_type": "notification", "event": "sla_breached", "recipient_id": "6a991c781771e53ceb7d1b61", "delivery_status": "delivered", "error": null}
{"timestamp": "2026-09-07T09:50:12.942682", "log_type": "notification", "event": "sla_breached", "recipient_id": "6a991c781771e53ceb7d1b61", "delivery_status": "delivered", "error": null}
{"timestamp": "2026-09-07T09:50:12.944691", "log_type": "notification", "event": "sla_breached", "recipient_id": "6a991c781771e53ceb7d1b64", "delivery_status": "delivered", "error": null}
{"timestamp": "2026-09-07T09:50:12.946988", "log_type": "notification", "event": "sla_breached", "recipient_id": "6a991c781771e53ceb7d1b61", "delivery_status": "delivered", "error": null}
{"timestamp": "2026-09-07T09:50:12.949234", "log_type": "notification", "event": "sla_breached", "recipient_id": "6a991c781771e53ceb7d1b61", "delivery_status": "delivered", "error": null}
{"timestamp": "2026-09-07T09:50:12.951245", "log_type": "notification", "event": "sla_breached", "recipient_id": "6a991c781771e53ceb7d1b61", "delivery_status": "delivered", "error": null}
{"timestamp": "2026-09-07T09:50:12.952246", "log_type": "notification", "event": "sla_breached", "recipient_id": "6a991c781771e53ceb7d1b64", "delivery_status": "delivered", "error": null}
{"timestamp": "2026-09-07T09:50:23.799433", "log_type": "api_request", "method": "POST", "path": "/auth/logout", "user_id": "6a991c781771e53ceb7d1b61", "status_code": 200, "duration_ms": 7.1}
{"timestamp": "2026-09-07T09:50:23.873559", "log_type": "api_request", "method": "GET", "path": "/login", "user_id": "anonymous", "status_code": 200, "duration_ms": 16.5}
{"timestamp": "2026-09-07T09:50:24.190229", "log_type": "api_request", "method": "GET", "path": "/static/js/filters.js", "user_id": "anonymous", "status_code": 304, "duration_ms": 240.1}
{"timestamp": "2026-09-07T09:50:24.192690", "log_type": "api_request", "method": "GET", "path": "/static/css/main.css", "user_id": "anonymous", "status_code": 304, "duration_ms": 246.5}
{"timestamp": "2026-09-07T09:50:24.204113", "log_type": "api_request", "method": "GET", "path": "/static/js/toast.js", "user_id": "anonymous", "status_code": 304, "duration_ms": 256.0}
{"timestamp": "2026-09-07T09:50:24.204113", "log_type": "api_request", "method": "GET", "path": "/static/css/dashboard.css", "user_id": "anonymous", "status_code": 304, "duration_ms": 257.0}
{"timestamp": "2026-09-07T09:50:26.142612", "log_type": "api_request", "method": "GET", "path": "/login", "user_id": "anonymous", "status_code": 200, "duration_ms": 1.0}
{"timestamp": "2026-09-07T09:50:26.183801", "log_type": "api_request", "method": "GET", "path": "/static/css/main.css", "user_id": "anonymous", "status_code": 304, "duration_ms": 2.0}
{"timestamp": "2026-09-07T09:50:26.183801", "log_type": "api_request", "method": "GET", "path": "/static/css/dashboard.css", "user_id": "anonymous", "status_code": 304, "duration_ms": 3.0}
{"timestamp": "2026-09-07T09:50:26.184799", "log_type": "api_request", "method": "GET", "path": "/static/js/toast.js", "user_id": "anonymous", "status_code": 304, "duration_ms": 2.0}
{"timestamp": "2026-09-07T09:50:26.186814", "log_type": "api_request", "method": "GET", "path": "/static/js/filters.js", "user_id": "anonymous", "status_code": 304, "duration_ms": 2.0}
{"timestamp": "2026-09-07T09:50:35.182752", "log_type": "security_event", "event_type": "login", "user_id": "6a991c781771e53ceb7d1b61", "ip": "127.0.0.1", "details": {}}
{"timestamp": "2026-09-07T09:50:35.185757", "log_type": "api_request", "method": "POST", "path": "/auth/login", "user_id": "anonymous", "status_code": 200, "duration_ms": 249.2}
{"timestamp": "2026-09-07T09:50:36.229568", "log_type": "api_request", "method": "GET", "path": "/citizen/dashboard", "user_id": "6a991c781771e53ceb7d1b61", "status_code": 200, "duration_ms": 10.0}
{"timestamp": "2026-09-07T09:50:36.270697", "log_type": "api_request", "method": "GET", "path": "/static/css/main.css", "user_id": "6a991c781771e53ceb7d1b61", "status_code": 304, "duration_ms": 3.0}
{"timestamp": "2026-09-07T09:50:36.277696", "log_type": "api_request", "method": "GET", "path": "/static/js/toast.js", "user_id": "6a991c781771e53ceb7d1b61", "status_code": 304, "duration_ms": 6.0}
{"timestamp": "2026-09-07T09:50:36.279698", "log_type": "api_request", "method": "GET", "path": "/static/js/citizen.js", "user_id": "6a991c781771e53ceb7d1b61", "status_code": 200, "duration_ms": 3.0}
{"timestamp": "2026-09-07T09:50:36.282697", "log_type": "api_request", "method": "GET", "path": "/static/css/dashboard.css", "user_id": "6a991c781771e53ceb7d1b61", "status_code": 304, "duration_ms": 14.0}
{"timestamp": "2026-09-07T09:50:36.285081", "log_type": "api_request", "method": "GET", "path": "/static/js/filters.js", "user_id": "6a991c781771e53ceb7d1b61", "status_code": 304, "duration_ms": 11.4}
{"timestamp": "2026-09-07T09:50:36.361211", "log_type": "api_request", "method": "GET", "path": "/api/notifications", "user_id": "6a991c781771e53ceb7d1b61", "status_code": 200, "duration_ms": 9.0}
{"timestamp": "2026-09-07T09:51:17.551317", "log_type": "api_request", "method": "GET", "path": "/api/notifications", "user_id": "6a991c781771e53ceb7d1b61", "status_code": 200, "duration_ms": 5.3}
{"timestamp": "2026-09-07T09:55:27.590321", "log_type": "api_request", "method": "GET", "path": "/", "user_id": "6a991c781771e53ceb7d1b61", "status_code": 302, "duration_ms": 71.6}
{"timestamp": "2026-09-07T09:55:27.676190", "log_type": "api_request", "method": "GET", "path": "/citizen/dashboard", "user_id": "6a991c781771e53ceb7d1b61", "status_code": 200, "duration_ms": 57.7}
{"timestamp": "2026-09-07T09:55:28.321128", "log_type": "api_request", "method": "GET", "path": "/static/css/dashboard.css", "user_id": "6a991c781771e53ceb7d1b61", "status_code": 304, "duration_ms": 537.6}
{"timestamp": "2026-09-07T09:55:28.325845", "log_type": "api_request", "method": "GET", "path": "/static/js/toast.js", "user_id": "6a991c781771e53ceb7d1b61", "status_code": 304, "duration_ms": 536.3}
{"timestamp": "2026-09-07T09:55:28.330782", "log_type": "api_request", "method": "GET", "path": "/static/js/citizen.js", "user_id": "6a991c781771e53ceb7d1b61", "status_code": 304, "duration_ms": 532.4}
{"timestamp": "2026-09-07T09:55:28.331790", "log_type": "api_request", "method": "GET", "path": "/static/js/filters.js", "user_id": "6a991c781771e53ceb7d1b61", "status_code": 304, "duration_ms": 539.8}
{"timestamp": "2026-09-07T09:55:28.335893", "log_type": "api_request", "method": "GET", "path": "/static/css/main.css", "user_id": "6a991c781771e53ceb7d1b61", "status_code": 304, "duration_ms": 553.4}
{"timestamp": "2026-09-07T09:55:28.427837", "log_type": "api_request", "method": "GET", "path": "/api/notifications", "user_id": "6a991c781771e53ceb7d1b61", "status_code": 200, "duration_ms": 65.8}
{"timestamp": "2026-09-07T09:56:08.892383", "log_type": "api_request", "method": "GET", "path": "/", "user_id": "6a991c781771e53ceb7d1b61", "status_code": 302, "duration_ms": 2.0}
{"timestamp": "2026-09-07T09:56:08.907228", "log_type": "api_request", "method": "GET", "path": "/citizen/dashboard", "user_id": "6a991c781771e53ceb7d1b61", "status_code": 200, "duration_ms": 3.5}
{"timestamp": "2026-09-07T09:56:08.975334", "log_type": "api_request", "method": "GET", "path": "/static/css/main.css", "user_id": "6a991c781771e53ceb7d1b61", "status_code": 304, "duration_ms": 2.2}
{"timestamp": "2026-09-07T09:56:08.984225", "log_type": "api_request", "method": "GET", "path": "/static/css/dashboard.css", "user_id": "6a991c781771e53ceb7d1b61", "status_code": 304, "duration_ms": 5.7}
{"timestamp": "2026-09-07T09:56:08.986287", "log_type": "api_request", "method": "GET", "path": "/static/js/filters.js", "user_id": "6a991c781771e53ceb7d1b61", "status_code": 304, "duration_ms": 5.1}
{"timestamp": "2026-09-07T09:56:08.988934", "log_type": "api_request", "method": "GET", "path": "/static/js/toast.js", "user_id": "6a991c781771e53ceb7d1b61", "status_code": 304, "duration_ms": 8.7}
{"timestamp": "2026-09-07T09:56:08.994965", "log_type": "api_request", "method": "GET", "path": "/static/js/citizen.js", "user_id": "6a991c781771e53ceb7d1b61", "status_code": 304, "duration_ms": 12.7}
{"timestamp": "2026-09-07T09:56:09.110522", "log_type": "api_request", "method": "GET", "path": "/api/notifications", "user_id": "6a991c781771e53ceb7d1b61", "status_code": 200, "duration_ms": 9.0}
{"timestamp": "2026-09-07T09:56:12.467037", "log_type": "api_request", "method": "POST", "path": "/auth/logout", "user_id": "6a991c781771e53ceb7d1b61", "status_code": 200, "duration_ms": 2.0}
{"timestamp": "2026-09-07T09:56:12.493045", "log_type": "api_request", "method": "GET", "path": "/login", "user_id": "anonymous", "status_code": 200, "duration_ms": 6.4}
{"timestamp": "2026-09-07T09:56:12.534002", "log_type": "api_request", "method": "GET", "path": "/static/css/main.css", "user_id": "anonymous", "status_code": 304, "duration_ms": 3.5}
{"timestamp": "2026-09-07T09:56:12.535186", "log_type": "api_request", "method": "GET", "path": "/static/css/dashboard.css", "user_id": "anonymous", "status_code": 304, "duration_ms": 2.7}
{"timestamp": "2026-09-07T09:56:12.536208", "log_type": "api_request", "method": "GET", "path": "/static/js/toast.js", "user_id": "anonymous", "status_code": 304, "duration_ms": 3.7}
{"timestamp": "2026-09-07T09:56:12.536208", "log_type": "api_request", "method": "GET", "path": "/static/js/filters.js", "user_id": "anonymous", "status_code": 304, "duration_ms": 2.2}
{"timestamp": "2026-09-07T10:11:27.819979", "log_type": "api_request", "method": "GET", "path": "/api/invalid-route-xyz", "user_id": "anonymous", "status_code": 404, "duration_ms": 0.0}
{"timestamp": "2026-09-07T10:11:27.822368", "log_type": "api_request", "method": "GET", "path": "/api/health", "user_id": "anonymous", "status_code": 200, "duration_ms": 0.0}
{"timestamp": "2026-09-07T10:11:27.823437", "log_type": "api_request", "method": "GET", "path": "/api/notifications", "user_id": "anonymous", "status_code": 401, "duration_ms": 0.0}
{"timestamp": "2026-09-07T10:12:11.673581", "log_type": "api_request", "method": "GET", "path": "/api/invalid-route-xyz", "user_id": "anonymous", "status_code": 404, "duration_ms": 0.5}
{"timestamp": "2026-09-07T10:12:11.675694", "log_type": "api_request", "method": "GET", "path": "/api/health", "user_id": "anonymous", "status_code": 200, "duration_ms": 0.5}
{"timestamp": "2026-09-07T10:12:11.677328", "log_type": "api_request", "method": "GET", "path": "/api/notifications", "user_id": "anonymous", "status_code": 401, "duration_ms": 0.6}
{"timestamp": "2026-09-07T10:12:12.183609", "log_type": "security_event", "event_type": "failed_login", "user_id": "6a9e8dfbe4badc4c63d6a54d", "ip": "127.0.0.1", "details": {"email": "test_citizen_qa@smartcivic.com", "attempt": 1}}
{"timestamp": "2026-09-07T10:12:12.183609", "log_type": "api_request", "method": "POST", "path": "/auth/login", "user_id": "anonymous", "status_code": 401, "duration_ms": 233.4}
{"timestamp": "2026-09-07T10:12:12.624422", "log_type": "security_event", "event_type": "login", "user_id": "6a9e8dfce4badc4c63d6a550", "ip": "127.0.0.1", "details": {}}
{"timestamp": "2026-09-07T10:12:12.625774", "log_type": "api_request", "method": "POST", "path": "/auth/login", "user_id": "anonymous", "status_code": 200, "duration_ms": 216.5}
{"timestamp": "2026-09-07T10:12:13.052609", "log_type": "api_request", "method": "POST", "path": "/auth/register", "user_id": "anonymous", "status_code": 201, "duration_ms": 212.6}
{"timestamp": "2026-09-07T10:12:13.278554", "log_type": "api_request", "method": "POST", "path": "/auth/register", "user_id": "anonymous", "status_code": 403, "duration_ms": 2.0}
{"timestamp": "2026-09-07T10:12:13.506338", "log_type": "api_request", "method": "POST", "path": "/auth/register", "user_id": "anonymous", "status_code": 201, "duration_ms": 226.8}
{"timestamp": "2026-09-07T10:12:13.846037", "log_type": "notification", "event": "complaint_created", "recipient_id": "6a9e8dfde4badc4c63d6a55b", "delivery_status": "delivered", "error": null}
{"timestamp": "2026-09-07T10:12:13.847040", "log_type": "notification", "event": "ai_analysis_completed", "recipient_id": "6a9e8dfde4badc4c63d6a55b", "delivery_status": "delivered", "error": null}
{"timestamp": "2026-09-07T10:12:13.856037", "log_type": "api_request", "method": "POST", "path": "/api/issues", "user_id": "6a9e8dfde4badc4c63d6a55b", "status_code": 201, "duration_ms": 84.7}
{"timestamp": "2026-09-07T10:12:13.865035", "log_type": "api_request", "method": "GET", "path": "/api/issues/6a9e8dfde4badc4c63d6a55e", "user_id": "6a9e8dfde4badc4c63d6a55b", "status_code": 200, "duration_ms": 7.0}
{"timestamp": "2026-09-07T10:12:13.873036", "log_type": "api_request", "method": "POST", "path": "/api/issues/6a9e8dfde4badc4c63d6a55e/declare-emergency", "user_id": "6a9e8dfde4badc4c63d6a55b", "status_code": 200, "duration_ms": 6.0}
{"timestamp": "2026-09-07T10:12:13.877035", "log_type": "api_request", "method": "POST", "path": "/api/issues/6a9e8dfde4badc4c63d6a55e/confirm", "user_id": "6a9e8dfde4badc4c63d6a55b", "status_code": 400, "duration_ms": 2.0}
{"timestamp": "2026-09-07T10:12:14.179357", "log_type": "api_request", "method": "GET", "path": "/login", "user_id": "anonymous", "status_code": 200, "duration_ms": 13.5}
{"timestamp": "2026-09-07T10:12:14.187227", "log_type": "api_request", "method": "GET", "path": "/register", "user_id": "anonymous", "status_code": 200, "duration_ms": 5.9}
{"timestamp": "2026-09-07T10:12:14.194178", "log_type": "api_request", "method": "GET", "path": "/transparency", "user_id": "anonymous", "status_code": 200, "duration_ms": 6.0}
{"timestamp": "2026-09-07T10:12:14.202217", "log_type": "api_request", "method": "GET", "path": "/citizen/dashboard", "user_id": "6a9e8dfee4badc4c63d6a565", "status_code": 200, "duration_ms": 6.9}
{"timestamp": "2026-09-07T10:12:14.208725", "log_type": "api_request", "method": "GET", "path": "/report", "user_id": "6a9e8dfee4badc4c63d6a565", "status_code": 200, "duration_ms": 4.6}
{"timestamp": "2026-09-07T10:12:14.218502", "log_type": "api_request", "method": "GET", "path": "/officer/dashboard", "user_id": "6a9e8dfee4badc4c63d6a567", "status_code": 200, "duration_ms": 7.8}
{"timestamp": "2026-09-07T10:12:14.225502", "log_type": "api_request", "method": "GET", "path": "/worker/dashboard", "user_id": "6a9e8dfee4badc4c63d6a566", "status_code": 200, "duration_ms": 6.0}
{"timestamp": "2026-09-07T10:12:14.481666", "log_type": "api_request", "method": "GET", "path": "/api/map/issues", "user_id": "6a9e8dfee4badc4c63d6a56a", "status_code": 200, "duration_ms": 2.9}
{"timestamp": "2026-09-07T10:12:14.484665", "log_type": "api_request", "method": "GET", "path": "/api/map/clusters", "user_id": "6a9e8dfee4badc4c63d6a56a", "status_code": 200, "duration_ms": 2.0}
{"timestamp": "2026-09-07T10:12:14.488669", "log_type": "api_request", "method": "GET", "path": "/api/map/heatmap", "user_id": "6a9e8dfee4badc4c63d6a56a", "status_code": 200, "duration_ms": 2.0}
{"timestamp": "2026-09-07T10:12:14.491667", "log_type": "api_request", "method": "GET", "path": "/api/map/workers", "user_id": "6a9e8dfee4badc4c63d6a56a", "status_code": 200, "duration_ms": 2.0}
{"timestamp": "2026-09-07T10:12:14.495669", "log_type": "api_request", "method": "GET", "path": "/api/public/map", "user_id": "6a9e8dfee4badc4c63d6a56a", "status_code": 200, "duration_ms": 2.0}
{"timestamp": "2026-09-07T10:12:14.498668", "log_type": "api_request", "method": "GET", "path": "/api/map/infrastructure", "user_id": "6a9e8dfee4badc4c63d6a56a", "status_code": 200, "duration_ms": 2.0}
{"timestamp": "2026-09-07T10:12:14.764596", "log_type": "api_request", "method": "GET", "path": "/api/notifications", "user_id": "6a9e8dfee4badc4c63d6a56b", "status_code": 200, "duration_ms": 22.6}
{"timestamp": "2026-09-07T10:12:14.769597", "log_type": "api_request", "method": "POST", "path": "/api/notifications/6a9e8dfee4badc4c63d6a56e/read", "user_id": "6a9e8dfee4badc4c63d6a56b", "status_code": 200, "duration_ms": 3.0}
{"timestamp": "2026-09-07T10:12:15.023748", "log_type": "api_request", "method": "GET", "path": "/api/analytics/overview", "user_id": "6a9e8dffe4badc4c63d6a571", "status_code": 200, "duration_ms": 17.0}
{"timestamp": "2026-09-07T10:12:15.030873", "log_type": "api_request", "method": "GET", "path": "/api/analytics/by-ward", "user_id": "6a9e8dffe4badc4c63d6a571", "status_code": 200, "duration_ms": 6.1}
{"timestamp": "2026-09-07T10:12:15.036898", "log_type": "api_request", "method": "GET", "path": "/api/analytics/by-department", "user_id": "6a9e8dffe4badc4c63d6a571", "status_code": 200, "duration_ms": 5.0}
{"timestamp": "2026-09-07T10:12:15.038891", "log_type": "api_request", "method": "GET", "path": "/api/workers/recommend", "user_id": "6a9e8dffe4badc4c63d6a571", "status_code": 422, "duration_ms": 1.0}
{"timestamp": "2026-09-07T10:12:15.281181", "log_type": "api_request", "method": "GET", "path": "/api/analytics/overview", "user_id": "6a9e8dffe4badc4c63d6a572", "status_code": 403, "duration_ms": 1.0}
{"timestamp": "2026-09-07T10:12:15.291184", "log_type": "api_request", "method": "GET", "path": "/api/analytics/overview", "user_id": "6a9e8dffe4badc4c63d6a574", "status_code": 200, "duration_ms": 9.0}
{"timestamp": "2026-09-07T10:12:15.564041", "log_type": "api_request", "method": "GET", "path": "/api/health", "user_id": "anonymous", "status_code": 200, "duration_ms": 1.1}
{"timestamp": "2026-09-07T10:12:15.893086", "log_type": "api_request", "method": "GET", "path": "/api/worker/jobs", "user_id": "6a9e8dffe4badc4c63d6a579", "status_code": 200, "duration_ms": 3.0}
{"timestamp": "2026-09-07T10:14:23.644406", "log_type": "api_request", "method": "GET", "path": "/api/invalid-route-xyz", "user_id": "anonymous", "status_code": 404, "duration_ms": 0.0}
{"timestamp": "2026-09-07T10:14:23.645827", "log_type": "api_request", "method": "GET", "path": "/api/health", "user_id": "anonymous", "status_code": 200, "duration_ms": 0.0}
{"timestamp": "2026-09-07T10:14:23.647406", "log_type": "api_request", "method": "GET", "path": "/api/notifications", "user_id": "anonymous", "status_code": 401, "duration_ms": 0.5}
{"timestamp": "2026-09-07T10:14:24.124802", "log_type": "security_event", "event_type": "failed_login", "user_id": "6a9e8e7f3754396e2b897d8b", "ip": "127.0.0.1", "details": {"email": "test_citizen_qa@smartcivic.com", "attempt": 1}}
{"timestamp": "2026-09-07T10:14:24.125812", "log_type": "api_request", "method": "POST", "path": "/auth/login", "user_id": "anonymous", "status_code": 401, "duration_ms": 213.5}
{"timestamp": "2026-09-07T10:14:24.555025", "log_type": "security_event", "event_type": "login", "user_id": "6a9e8e803754396e2b897d8f", "ip": "127.0.0.1", "details": {}}
{"timestamp": "2026-09-07T10:14:24.556026", "log_type": "api_request", "method": "POST", "path": "/auth/login", "user_id": "anonymous", "status_code": 200, "duration_ms": 209.6}
{"timestamp": "2026-09-07T10:14:24.985921", "log_type": "api_request", "method": "POST", "path": "/auth/register", "user_id": "anonymous", "status_code": 201, "duration_ms": 209.6}
{"timestamp": "2026-09-07T10:14:25.200064", "log_type": "api_request", "method": "POST", "path": "/auth/register", "user_id": "anonymous", "status_code": 403, "duration_ms": 2.0}
{"timestamp": "2026-09-07T10:14:25.419813", "log_type": "api_request", "method": "POST", "path": "/auth/register", "user_id": "anonymous", "status_code": 201, "duration_ms": 218.7}
{"timestamp": "2026-09-07T10:14:25.660860", "log_type": "notification", "event": "complaint_created", "recipient_id": "6a9e8e813754396e2b897d9d", "delivery_status": "delivered", "error": null}
{"timestamp": "2026-09-07T10:14:25.661910", "log_type": "notification", "event": "ai_analysis_completed", "recipient_id": "6a9e8e813754396e2b897d9d", "delivery_status": "delivered", "error": null}
{"timestamp": "2026-09-07T10:14:25.665988", "log_type": "api_request", "method": "POST", "path": "/api/issues", "user_id": "6a9e8e813754396e2b897d9d", "status_code": 201, "duration_ms": 20.6}
{"timestamp": "2026-09-07T10:14:25.671138", "log_type": "api_request", "method": "GET", "path": "/api/issues/6a9e8e813754396e2b897da1", "user_id": "6a9e8e813754396e2b897d9d", "status_code": 200, "duration_ms": 3.6}
{"timestamp": "2026-09-07T10:14:25.676139", "log_type": "api_request", "method": "POST", "path": "/api/issues/6a9e8e813754396e2b897da1/declare-emergency", "user_id": "6a9e8e813754396e2b897d9d", "status_code": 200, "duration_ms": 4.0}
{"timestamp": "2026-09-07T10:14:25.685140", "log_type": "api_request", "method": "POST", "path": "/api/issues/6a9e8e813754396e2b897da1/confirm", "user_id": "6a9e8e813754396e2b897d9e", "status_code": 200, "duration_ms": 7.0}
{"timestamp": "2026-09-07T10:14:25.912943", "log_type": "api_request", "method": "GET", "path": "/login", "user_id": "anonymous", "status_code": 200, "duration_ms": 7.9}
{"timestamp": "2026-09-07T10:14:25.918010", "log_type": "api_request", "method": "GET", "path": "/register", "user_id": "anonymous", "status_code": 200, "duration_ms": 4.1}
{"timestamp": "2026-09-07T10:14:25.923007", "log_type": "api_request", "method": "GET", "path": "/transparency", "user_id": "anonymous", "status_code": 200, "duration_ms": 4.0}
{"timestamp": "2026-09-07T10:14:25.930439", "log_type": "api_request", "method": "GET", "path": "/citizen/dashboard", "user_id": "6a9e8e813754396e2b897da8", "status_code": 200, "duration_ms": 6.4}
{"timestamp": "2026-09-07T10:14:25.935392", "log_type": "api_request", "method": "GET", "path": "/report", "user_id": "6a9e8e813754396e2b897da8", "status_code": 200, "duration_ms": 4.0}
{"timestamp": "2026-09-07T10:14:25.942388", "log_type": "api_request", "method": "GET", "path": "/officer/dashboard", "user_id": "6a9e8e813754396e2b897dab", "status_code": 200, "duration_ms": 6.0}
{"timestamp": "2026-09-07T10:14:25.947345", "log_type": "api_request", "method": "GET", "path": "/worker/dashboard", "user_id": "6a9e8e813754396e2b897daa", "status_code": 200, "duration_ms": 3.9}
{"timestamp": "2026-09-07T10:14:26.165540", "log_type": "api_request", "method": "GET", "path": "/api/map/issues", "user_id": "6a9e8e823754396e2b897daf", "status_code": 200, "duration_ms": 2.0}
{"timestamp": "2026-09-07T10:14:26.167553", "log_type": "api_request", "method": "GET", "path": "/api/map/clusters", "user_id": "6a9e8e823754396e2b897daf", "status_code": 200, "duration_ms": 1.0}
{"timestamp": "2026-09-07T10:14:26.171547", "log_type": "api_request", "method": "GET", "path": "/api/map/heatmap", "user_id": "6a9e8e823754396e2b897daf", "status_code": 200, "duration_ms": 2.1}
{"timestamp": "2026-09-07T10:14:26.173557", "log_type": "api_request", "method": "GET", "path": "/api/map/workers", "user_id": "6a9e8e823754396e2b897daf", "status_code": 200, "duration_ms": 1.0}
{"timestamp": "2026-09-07T10:14:26.175543", "log_type": "api_request", "method": "GET", "path": "/api/public/map", "user_id": "6a9e8e823754396e2b897daf", "status_code": 200, "duration_ms": 1.0}
{"timestamp": "2026-09-07T10:14:26.178461", "log_type": "api_request", "method": "GET", "path": "/api/map/infrastructure", "user_id": "6a9e8e823754396e2b897daf", "status_code": 200, "duration_ms": 1.9}
{"timestamp": "2026-09-07T10:14:26.407083", "log_type": "api_request", "method": "GET", "path": "/api/notifications", "user_id": "6a9e8e823754396e2b897db0", "status_code": 200, "duration_ms": 5.0}
{"timestamp": "2026-09-07T10:14:26.410084", "log_type": "api_request", "method": "POST", "path": "/api/notifications/6a9e8e823754396e2b897db4/read", "user_id": "6a9e8e823754396e2b897db0", "status_code": 200, "duration_ms": 2.0}
{"timestamp": "2026-09-07T10:14:26.638234", "log_type": "api_request", "method": "GET", "path": "/api/analytics/overview", "user_id": "6a9e8e823754396e2b897db8", "status_code": 200, "duration_ms": 12.4}
{"timestamp": "2026-09-07T10:14:26.642251", "log_type": "api_request", "method": "GET", "path": "/api/analytics/by-ward", "user_id": "6a9e8e823754396e2b897db8", "status_code": 200, "duration_ms": 3.0}
{"timestamp": "2026-09-07T10:14:26.647262", "log_type": "api_request", "method": "GET", "path": "/api/analytics/by-department", "user_id": "6a9e8e823754396e2b897db8", "status_code": 200, "duration_ms": 4.0}
{"timestamp": "2026-09-07T10:14:26.651259", "log_type": "api_request", "method": "GET", "path": "/api/workers/recommend", "user_id": "6a9e8e823754396e2b897db8", "status_code": 200, "duration_ms": 3.0}
{"timestamp": "2026-09-07T10:14:26.656169", "log_type": "api_request", "method": "POST", "path": "/api/analytics/ask", "user_id": "6a9e8e823754396e2b897db8", "status_code": 200, "duration_ms": 3.1}
{"timestamp": "2026-09-07T10:14:28.490938", "log_type": "api_request", "method": "GET", "path": "/api/analytics/weekly-report/pdf", "user_id": "6a9e8e823754396e2b897db8", "status_code": 200, "duration_ms": 1833.9}
{"timestamp": "2026-09-07T10:14:28.719818", "log_type": "api_request", "method": "GET", "path": "/api/analytics/overview", "user_id": "6a9e8e843754396e2b897dbb", "status_code": 403, "duration_ms": 1.0}
{"timestamp": "2026-09-07T10:14:28.730818", "log_type": "api_request", "method": "GET", "path": "/api/analytics/overview", "user_id": "6a9e8e843754396e2b897dbe", "status_code": 200, "duration_ms": 9.0}
{"timestamp": "2026-09-07T10:14:28.944263", "log_type": "api_request", "method": "GET", "path": "/api/health", "user_id": "anonymous", "status_code": 200, "duration_ms": 1.0}
{"timestamp": "2026-09-07T10:14:29.165740", "log_type": "api_request", "method": "GET", "path": "/api/worker/jobs", "user_id": "6a9e8e853754396e2b897dc5", "status_code": 200, "duration_ms": 1.6}
{"timestamp": "2026-09-07T10:14:29.170740", "log_type": "api_request", "method": "POST", "path": "/api/issues/6a9e8e853754396e2b897dc7/start", "user_id": "6a9e8e853754396e2b897dc5", "status_code": 500, "duration_ms": 4.0}
{"timestamp": "2026-09-07T10:16:26.417228", "log_type": "api_request", "method": "GET", "path": "/api/invalid-route-xyz", "user_id": "anonymous", "status_code": 404, "duration_ms": 0.0}
{"timestamp": "2026-09-07T10:16:26.419461", "log_type": "api_request", "method": "GET", "path": "/api/health", "user_id": "anonymous", "status_code": 200, "duration_ms": 0.0}
{"timestamp": "2026-09-07T10:16:26.420721", "log_type": "api_request", "method": "GET", "path": "/api/notifications", "user_id": "anonymous", "status_code": 401, "duration_ms": 0.0}
{"timestamp": "2026-09-07T10:16:26.903968", "log_type": "security_event", "event_type": "failed_login", "user_id": "6a9e8efa698b852a4fe807ec", "ip": "127.0.0.1", "details": {"email": "test_citizen_qa@smartcivic.com", "attempt": 1}}
{"timestamp": "2026-09-07T10:16:26.904969", "log_type": "api_request", "method": "POST", "path": "/auth/login", "user_id": "anonymous", "status_code": 401, "duration_ms": 215.9}
{"timestamp": "2026-09-07T10:16:27.350765", "log_type": "security_event", "event_type": "login", "user_id": "6a9e8efb698b852a4fe807f0", "ip": "127.0.0.1", "details": {}}
{"timestamp": "2026-09-07T10:16:27.351765", "log_type": "api_request", "method": "POST", "path": "/auth/login", "user_id": "anonymous", "status_code": 200, "duration_ms": 225.1}
{"timestamp": "2026-09-07T10:16:27.802564", "log_type": "api_request", "method": "POST", "path": "/auth/register", "user_id": "anonymous", "status_code": 201, "duration_ms": 222.8}
{"timestamp": "2026-09-07T10:16:28.023448", "log_type": "api_request", "method": "POST", "path": "/auth/register", "user_id": "anonymous", "status_code": 403, "duration_ms": 0.9}
{"timestamp": "2026-09-07T10:16:28.244031", "log_type": "api_request", "method": "POST", "path": "/auth/register", "user_id": "anonymous", "status_code": 201, "duration_ms": 219.6}
{"timestamp": "2026-09-07T10:16:28.478782", "log_type": "notification", "event": "complaint_created", "recipient_id": "6a9e8efc698b852a4fe807fe", "delivery_status": "delivered", "error": null}
{"timestamp": "2026-09-07T10:16:28.479782", "log_type": "notification", "event": "ai_analysis_completed", "recipient_id": "6a9e8efc698b852a4fe807fe", "delivery_status": "delivered", "error": null}
{"timestamp": "2026-09-07T10:16:28.484067", "log_type": "api_request", "method": "POST", "path": "/api/issues", "user_id": "6a9e8efc698b852a4fe807fe", "status_code": 201, "duration_ms": 13.3}
{"timestamp": "2026-09-07T10:16:28.488063", "log_type": "api_request", "method": "GET", "path": "/api/issues/6a9e8efc698b852a4fe80802", "user_id": "6a9e8efc698b852a4fe807fe", "status_code": 200, "duration_ms": 3.0}
{"timestamp": "2026-09-07T10:16:28.492063", "log_type": "api_request", "method": "POST", "path": "/api/issues/6a9e8efc698b852a4fe80802/declare-emergency", "user_id": "6a9e8efc698b852a4fe807fe", "status_code": 200, "duration_ms": 3.0}
{"timestamp": "2026-09-07T10:16:28.496063", "log_type": "api_request", "method": "POST", "path": "/api/issues/6a9e8efc698b852a4fe80802/confirm", "user_id": "6a9e8efc698b852a4fe807ff", "status_code": 200, "duration_ms": 3.0}
{"timestamp": "2026-09-07T10:16:28.720090", "log_type": "api_request", "method": "GET", "path": "/login", "user_id": "anonymous", "status_code": 200, "duration_ms": 8.1}
{"timestamp": "2026-09-07T10:16:28.724086", "log_type": "api_request", "method": "GET", "path": "/register", "user_id": "anonymous", "status_code": 200, "duration_ms": 3.0}
{"timestamp": "2026-09-07T10:16:28.728748", "log_type": "api_request", "method": "GET", "path": "/transparency", "user_id": "anonymous", "status_code": 200, "duration_ms": 3.8}
{"timestamp": "2026-09-07T10:16:28.735751", "log_type": "api_request", "method": "GET", "path": "/citizen/dashboard", "user_id": "6a9e8efc698b852a4fe80809", "status_code": 200, "duration_ms": 6.0}
{"timestamp": "2026-09-07T10:16:28.740578", "log_type": "api_request", "method": "GET", "path": "/report", "user_id": "6a9e8efc698b852a4fe80809", "status_code": 200, "duration_ms": 3.8}
{"timestamp": "2026-09-07T10:16:28.746577", "log_type": "api_request", "method": "GET", "path": "/officer/dashboard", "user_id": "6a9e8efc698b852a4fe8080c", "status_code": 200, "duration_ms": 5.0}
{"timestamp": "2026-09-07T10:16:28.751578", "log_type": "api_request", "method": "GET", "path": "/worker/dashboard", "user_id": "6a9e8efc698b852a4fe8080b", "status_code": 200, "duration_ms": 4.0}
{"timestamp": "2026-09-07T10:16:28.970122", "log_type": "api_request", "method": "GET", "path": "/api/map/issues", "user_id": "6a9e8efc698b852a4fe80810", "status_code": 200, "duration_ms": 1.0}
{"timestamp": "2026-09-07T10:16:28.974038", "log_type": "api_request", "method": "GET", "path": "/api/map/clusters", "user_id": "6a9e8efc698b852a4fe80810", "status_code": 200, "duration_ms": 2.0}
{"timestamp": "2026-09-07T10:16:28.980042", "log_type": "api_request", "method": "GET", "path": "/api/map/heatmap", "user_id": "6a9e8efc698b852a4fe80810", "status_code": 200, "duration_ms": 4.0}
{"timestamp": "2026-09-07T10:16:28.985141", "log_type": "api_request", "method": "GET", "path": "/api/map/workers", "user_id": "6a9e8efc698b852a4fe80810", "status_code": 200, "duration_ms": 3.0}
{"timestamp": "2026-09-07T10:16:28.989142", "log_type": "api_request", "method": "GET", "path": "/api/public/map", "user_id": "6a9e8efc698b852a4fe80810", "status_code": 200, "duration_ms": 2.0}
{"timestamp": "2026-09-07T10:16:28.995138", "log_type": "api_request", "method": "GET", "path": "/api/map/infrastructure", "user_id": "6a9e8efc698b852a4fe80810", "status_code": 200, "duration_ms": 2.0}
{"timestamp": "2026-09-07T10:16:29.225291", "log_type": "api_request", "method": "GET", "path": "/api/notifications", "user_id": "6a9e8efd698b852a4fe80811", "status_code": 200, "duration_ms": 3.1}
{"timestamp": "2026-09-07T10:16:29.228176", "log_type": "api_request", "method": "POST", "path": "/api/notifications/6a9e8efd698b852a4fe80815/read", "user_id": "6a9e8efd698b852a4fe80811", "status_code": 200, "duration_ms": 2.0}
{"timestamp": "2026-09-07T10:16:29.466144", "log_type": "api_request", "method": "GET", "path": "/api/analytics/overview", "user_id": "6a9e8efd698b852a4fe80819", "status_code": 200, "duration_ms": 11.2}
{"timestamp": "2026-09-07T10:16:29.470714", "log_type": "api_request", "method": "GET", "path": "/api/analytics/by-ward", "user_id": "6a9e8efd698b852a4fe80819", "status_code": 200, "duration_ms": 3.5}
{"timestamp": "2026-09-07T10:16:29.475482", "log_type": "api_request", "method": "GET", "path": "/api/analytics/by-department", "user_id": "6a9e8efd698b852a4fe80819", "status_code": 200, "duration_ms": 3.2}
{"timestamp": "2026-09-07T10:16:29.479146", "log_type": "api_request", "method": "GET", "path": "/api/workers/recommend", "user_id": "6a9e8efd698b852a4fe80819", "status_code": 200, "duration_ms": 2.6}
{"timestamp": "2026-09-07T10:16:29.485357", "log_type": "api_request", "method": "POST", "path": "/api/analytics/ask", "user_id": "6a9e8efd698b852a4fe80819", "status_code": 200, "duration_ms": 4.6}
{"timestamp": "2026-09-07T10:16:29.591662", "log_type": "api_request", "method": "GET", "path": "/api/analytics/weekly-report/pdf", "user_id": "6a9e8efd698b852a4fe80819", "status_code": 200, "duration_ms": 104.8}
{"timestamp": "2026-09-07T10:16:29.818559", "log_type": "api_request", "method": "GET", "path": "/api/analytics/overview", "user_id": "6a9e8efd698b852a4fe8081b", "status_code": 403, "duration_ms": 2.0}
{"timestamp": "2026-09-07T10:16:29.826552", "log_type": "api_request", "method": "GET", "path": "/api/analytics/overview", "user_id": "6a9e8efd698b852a4fe8081e", "status_code": 200, "duration_ms": 7.0}
{"timestamp": "2026-09-07T10:16:30.043570", "log_type": "api_request", "method": "GET", "path": "/api/health", "user_id": "anonymous", "status_code": 200, "duration_ms": 0.0}
{"timestamp": "2026-09-07T10:16:30.266118", "log_type": "api_request", "method": "GET", "path": "/api/worker/jobs", "user_id": "6a9e8efe698b852a4fe80825", "status_code": 200, "duration_ms": 3.0}
{"timestamp": "2026-09-07T10:16:30.271428", "log_type": "notification", "event": "work_started", "recipient_id": "6a9e8efe698b852a4fe80823", "delivery_status": "delivered", "error": null}
{"timestamp": "2026-09-07T10:16:30.272426", "log_type": "notification", "event": "work_started", "recipient_id": "6a9e8efe698b852a4fe80825", "delivery_status": "delivered", "error": null}
{"timestamp": "2026-09-07T10:16:30.272426", "log_type": "api_request", "method": "POST", "path": "/api/issues/6a9e8efe698b852a4fe80827/start", "user_id": "6a9e8efe698b852a4fe80825", "status_code": 200, "duration_ms": 5.3}
{"timestamp": "2026-09-07T10:17:00.542244", "log_type": "api_request", "method": "GET", "path": "/api/invalid-route-xyz", "user_id": "anonymous", "status_code": 404, "duration_ms": 0.0}
{"timestamp": "2026-09-07T10:17:00.543972", "log_type": "api_request", "method": "GET", "path": "/api/health", "user_id": "anonymous", "status_code": 200, "duration_ms": 0.0}
{"timestamp": "2026-09-07T10:17:00.545060", "log_type": "api_request", "method": "GET", "path": "/api/notifications", "user_id": "anonymous", "status_code": 401, "duration_ms": 0.0}
{"timestamp": "2026-09-07T10:17:00.993914", "log_type": "security_event", "event_type": "failed_login", "user_id": "6a9e8f1c47ba0952d5119ff5", "ip": "127.0.0.1", "details": {"email": "test_citizen_qa@smartcivic.com", "attempt": 1}}
{"timestamp": "2026-09-07T10:17:00.994910", "log_type": "api_request", "method": "POST", "path": "/auth/login", "user_id": "anonymous", "status_code": 401, "duration_ms": 205.9}
{"timestamp": "2026-09-07T10:17:01.440393", "log_type": "security_event", "event_type": "login", "user_id": "6a9e8f1d47ba0952d5119ff9", "ip": "127.0.0.1", "details": {}}
{"timestamp": "2026-09-07T10:17:01.441393", "log_type": "api_request", "method": "POST", "path": "/auth/login", "user_id": "anonymous", "status_code": 200, "duration_ms": 220.0}
{"timestamp": "2026-09-07T10:17:01.890007", "log_type": "api_request", "method": "POST", "path": "/auth/register", "user_id": "anonymous", "status_code": 201, "duration_ms": 220.2}
{"timestamp": "2026-09-07T10:17:02.110508", "log_type": "api_request", "method": "POST", "path": "/auth/register", "user_id": "anonymous", "status_code": 403, "duration_ms": 1.0}
{"timestamp": "2026-09-07T10:17:02.322321", "log_type": "api_request", "method": "POST", "path": "/auth/register", "user_id": "anonymous", "status_code": 201, "duration_ms": 210.8}
{"timestamp": "2026-09-07T10:17:02.547711", "log_type": "notification", "event": "complaint_created", "recipient_id": "6a9e8f1e47ba0952d511a007", "delivery_status": "delivered", "error": null}
{"timestamp": "2026-09-07T10:17:02.549711", "log_type": "notification", "event": "ai_analysis_completed", "recipient_id": "6a9e8f1e47ba0952d511a007", "delivery_status": "delivered", "error": null}
{"timestamp": "2026-09-07T10:17:02.552712", "log_type": "api_request", "method": "POST", "path": "/api/issues", "user_id": "6a9e8f1e47ba0952d511a007", "status_code": 201, "duration_ms": 14.4}
{"timestamp": "2026-09-07T10:17:02.556382", "log_type": "api_request", "method": "GET", "path": "/api/issues/6a9e8f1e47ba0952d511a00b", "user_id": "6a9e8f1e47ba0952d511a007", "status_code": 200, "duration_ms": 2.6}
{"timestamp": "2026-09-07T10:17:02.561145", "log_type": "api_request", "method": "POST", "path": "/api/issues/6a9e8f1e47ba0952d511a00b/declare-emergency", "user_id": "6a9e8f1e47ba0952d511a007", "status_code": 200, "duration_ms": 2.8}
{"timestamp": "2026-09-07T10:17:02.567144", "log_type": "api_request", "method": "POST", "path": "/api/issues/6a9e8f1e47ba0952d511a00b/confirm", "user_id": "6a9e8f1e47ba0952d511a008", "status_code": 200, "duration_ms": 4.0}
{"timestamp": "2026-09-07T10:17:02.803688", "log_type": "api_request", "method": "GET", "path": "/login", "user_id": "anonymous", "status_code": 200, "duration_ms": 7.8}
{"timestamp": "2026-09-07T10:17:02.807934", "log_type": "api_request", "method": "GET", "path": "/register", "user_id": "anonymous", "status_code": 200, "duration_ms": 3.2}
{"timestamp": "2026-09-07T10:17:02.814837", "log_type": "api_request", "method": "GET", "path": "/transparency", "user_id": "anonymous", "status_code": 200, "duration_ms": 5.9}
{"timestamp": "2026-09-07T10:17:02.822303", "log_type": "api_request", "method": "GET", "path": "/citizen/dashboard", "user_id": "6a9e8f1e47ba0952d511a012", "status_code": 200, "duration_ms": 6.0}
{"timestamp": "2026-09-07T10:17:02.826295", "log_type": "api_request", "method": "GET", "path": "/report", "user_id": "6a9e8f1e47ba0952d511a012", "status_code": 200, "duration_ms": 3.0}
{"timestamp": "2026-09-07T10:17:02.833850", "log_type": "api_request", "method": "GET", "path": "/officer/dashboard", "user_id": "6a9e8f1e47ba0952d511a015", "status_code": 200, "duration_ms": 6.6}
{"timestamp": "2026-09-07T10:17:02.838279", "log_type": "api_request", "method": "GET", "path": "/worker/dashboard", "user_id": "6a9e8f1e47ba0952d511a014", "status_code": 200, "duration_ms": 3.0}
{"timestamp": "2026-09-07T10:17:03.052453", "log_type": "api_request", "method": "GET", "path": "/api/map/issues", "user_id": "6a9e8f1f47ba0952d511a019", "status_code": 200, "duration_ms": 2.0}
{"timestamp": "2026-09-07T10:17:03.055453", "log_type": "api_request", "method": "GET", "path": "/api/map/clusters", "user_id": "6a9e8f1f47ba0952d511a019", "status_code": 200, "duration_ms": 1.0}
{"timestamp": "2026-09-07T10:17:03.057452", "log_type": "api_request", "method": "GET", "path": "/api/map/heatmap", "user_id": "6a9e8f1f47ba0952d511a019", "status_code": 200, "duration_ms": 1.0}
{"timestamp": "2026-09-07T10:17:03.059452", "log_type": "api_request", "method": "GET", "path": "/api/map/workers", "user_id": "6a9e8f1f47ba0952d511a019", "status_code": 200, "duration_ms": 1.0}
{"timestamp": "2026-09-07T10:17:03.061452", "log_type": "api_request", "method": "GET", "path": "/api/public/map", "user_id": "6a9e8f1f47ba0952d511a019", "status_code": 200, "duration_ms": 1.0}
{"timestamp": "2026-09-07T10:17:03.063454", "log_type": "api_request", "method": "GET", "path": "/api/map/infrastructure", "user_id": "6a9e8f1f47ba0952d511a019", "status_code": 200, "duration_ms": 1.0}
{"timestamp": "2026-09-07T10:17:03.288595", "log_type": "api_request", "method": "GET", "path": "/api/notifications", "user_id": "6a9e8f1f47ba0952d511a01a", "status_code": 200, "duration_ms": 5.0}
{"timestamp": "2026-09-07T10:17:03.291590", "log_type": "api_request", "method": "POST", "path": "/api/notifications/6a9e8f1f47ba0952d511a01e/read", "user_id": "6a9e8f1f47ba0952d511a01a", "status_code": 200, "duration_ms": 2.0}
{"timestamp": "2026-09-07T10:17:03.530056", "log_type": "api_request", "method": "GET", "path": "/api/analytics/overview", "user_id": "6a9e8f1f47ba0952d511a022", "status_code": 200, "duration_ms": 9.2}
{"timestamp": "2026-09-07T10:17:03.535063", "log_type": "api_request", "method": "GET", "path": "/api/analytics/by-ward", "user_id": "6a9e8f1f47ba0952d511a022", "status_code": 200, "duration_ms": 4.0}
{"timestamp": "2026-09-07T10:17:03.538063", "log_type": "api_request", "method": "GET", "path": "/api/analytics/by-department", "user_id": "6a9e8f1f47ba0952d511a022", "status_code": 200, "duration_ms": 2.0}
{"timestamp": "2026-09-07T10:17:03.541537", "log_type": "api_request", "method": "GET", "path": "/api/workers/recommend", "user_id": "6a9e8f1f47ba0952d511a022", "status_code": 200, "duration_ms": 2.5}
{"timestamp": "2026-09-07T10:17:03.545797", "log_type": "api_request", "method": "POST", "path": "/api/analytics/ask", "user_id": "6a9e8f1f47ba0952d511a022", "status_code": 200, "duration_ms": 3.3}
{"timestamp": "2026-09-07T10:17:03.659745", "log_type": "api_request", "method": "GET", "path": "/api/analytics/weekly-report/pdf", "user_id": "6a9e8f1f47ba0952d511a022", "status_code": 200, "duration_ms": 112.4}
{"timestamp": "2026-09-07T10:17:03.888113", "log_type": "api_request", "method": "GET", "path": "/api/analytics/overview", "user_id": "6a9e8f1f47ba0952d511a024", "status_code": 403, "duration_ms": 2.0}
{"timestamp": "2026-09-07T10:17:03.895110", "log_type": "api_request", "method": "GET", "path": "/api/analytics/overview", "user_id": "6a9e8f1f47ba0952d511a027", "status_code": 200, "duration_ms": 6.0}
{"timestamp": "2026-09-07T10:17:04.122474", "log_type": "api_request", "method": "GET", "path": "/api/health", "user_id": "anonymous", "status_code": 200, "duration_ms": 1.0}
{"timestamp": "2026-09-07T10:17:04.340076", "log_type": "api_request", "method": "GET", "path": "/api/worker/jobs", "user_id": "6a9e8f2047ba0952d511a02e", "status_code": 200, "duration_ms": 1.0}
{"timestamp": "2026-09-07T10:17:04.345074", "log_type": "notification", "event": "work_started", "recipient_id": "6a9e8f2047ba0952d511a02c", "delivery_status": "delivered", "error": null}
{"timestamp": "2026-09-07T10:17:04.348673", "log_type": "notification", "event": "work_started", "recipient_id": "6a9e8f2047ba0952d511a02e", "delivery_status": "delivered", "error": null}
{"timestamp": "2026-09-07T10:17:04.349731", "log_type": "api_request", "method": "POST", "path": "/api/issues/6a9e8f2047ba0952d511a030/start", "user_id": "6a9e8f2047ba0952d511a02e", "status_code": 200, "duration_ms": 7.6}
{"timestamp": "2026-09-07T10:17:04.352718", "log_type": "api_request", "method": "PUT", "path": "/api/workers/me/location", "user_id": "6a9e8f2047ba0952d511a02e", "status_code": 200, "duration_ms": 2.1}
{"timestamp": "2026-09-07T10:17:04.355722", "log_type": "api_request", "method": "POST", "path": "/api/issues/6a9e8f2047ba0952d511a030/resolve", "user_id": "6a9e8f2047ba0952d511a02e", "status_code": 400, "duration_ms": 2.0}
{"timestamp": "2026-09-07T10:17:19.778144", "log_type": "api_request", "method": "GET", "path": "/api/invalid-route-xyz", "user_id": "anonymous", "status_code": 404, "duration_ms": 0.0}
{"timestamp": "2026-09-07T10:17:19.779557", "log_type": "api_request", "method": "GET", "path": "/api/health", "user_id": "anonymous", "status_code": 200, "duration_ms": 0.0}
{"timestamp": "2026-09-07T10:17:19.780834", "log_type": "api_request", "method": "GET", "path": "/api/notifications", "user_id": "anonymous", "status_code": 401, "duration_ms": 0.0}
{"timestamp": "2026-09-07T10:17:20.248774", "log_type": "security_event", "event_type": "failed_login", "user_id": "6a9e8f3081a9cd39ae4091f3", "ip": "127.0.0.1", "details": {"email": "test_citizen_qa@smartcivic.com", "attempt": 1}}
{"timestamp": "2026-09-07T10:17:20.248774", "log_type": "api_request", "method": "POST", "path": "/auth/login", "user_id": "anonymous", "status_code": 401, "duration_ms": 215.8}
{"timestamp": "2026-09-07T10:17:20.678770", "log_type": "security_event", "event_type": "login", "user_id": "6a9e8f3081a9cd39ae4091f7", "ip": "127.0.0.1", "details": {}}
{"timestamp": "2026-09-07T10:17:20.679735", "log_type": "api_request", "method": "POST", "path": "/auth/login", "user_id": "anonymous", "status_code": 200, "duration_ms": 212.2}
{"timestamp": "2026-09-07T10:17:21.119678", "log_type": "api_request", "method": "POST", "path": "/auth/register", "user_id": "anonymous", "status_code": 201, "duration_ms": 216.2}
{"timestamp": "2026-09-07T10:17:21.338629", "log_type": "api_request", "method": "POST", "path": "/auth/register", "user_id": "anonymous", "status_code": 403, "duration_ms": 1.6}
{"timestamp": "2026-09-07T10:17:21.560180", "log_type": "api_request", "method": "POST", "path": "/auth/register", "user_id": "anonymous", "status_code": 201, "duration_ms": 220.5}
{"timestamp": "2026-09-07T10:17:21.793683", "log_type": "notification", "event": "complaint_created", "recipient_id": "6a9e8f3181a9cd39ae409205", "delivery_status": "delivered", "error": null}
{"timestamp": "2026-09-07T10:17:21.795414", "log_type": "notification", "event": "ai_analysis_completed", "recipient_id": "6a9e8f3181a9cd39ae409205", "delivery_status": "delivered", "error": null}
{"timestamp": "2026-09-07T10:17:21.796421", "log_type": "api_request", "method": "POST", "path": "/api/issues", "user_id": "6a9e8f3181a9cd39ae409205", "status_code": 201, "duration_ms": 10.7}
{"timestamp": "2026-09-07T10:17:21.802421", "log_type": "api_request", "method": "GET", "path": "/api/issues/6a9e8f3181a9cd39ae409209", "user_id": "6a9e8f3181a9cd39ae409205", "status_code": 200, "duration_ms": 4.0}
{"timestamp": "2026-09-07T10:17:21.806420", "log_type": "api_request", "method": "POST", "path": "/api/issues/6a9e8f3181a9cd39ae409209/declare-emergency", "user_id": "6a9e8f3181a9cd39ae409205", "status_code": 200, "duration_ms": 3.0}
{"timestamp": "2026-09-07T10:17:21.810420", "log_type": "api_request", "method": "POST", "path": "/api/issues/6a9e8f3181a9cd39ae409209/confirm", "user_id": "6a9e8f3181a9cd39ae409206", "status_code": 200, "duration_ms": 3.0}
{"timestamp": "2026-09-07T10:17:22.040630", "log_type": "api_request", "method": "GET", "path": "/login", "user_id": "anonymous", "status_code": 200, "duration_ms": 8.1}
{"timestamp": "2026-09-07T10:17:22.044310", "log_type": "api_request", "method": "GET", "path": "/register", "user_id": "anonymous", "status_code": 200, "duration_ms": 2.8}
{"timestamp": "2026-09-07T10:17:22.049253", "log_type": "api_request", "method": "GET", "path": "/transparency", "user_id": "anonymous", "status_code": 200, "duration_ms": 4.0}
{"timestamp": "2026-09-07T10:17:22.055218", "log_type": "api_request", "method": "GET", "path": "/citizen/dashboard", "user_id": "6a9e8f3281a9cd39ae409210", "status_code": 200, "duration_ms": 5.0}
{"timestamp": "2026-09-07T10:17:22.060268", "log_type": "api_request", "method": "GET", "path": "/report", "user_id": "6a9e8f3281a9cd39ae409210", "status_code": 200, "duration_ms": 4.0}
{"timestamp": "2026-09-07T10:17:22.066217", "log_type": "api_request", "method": "GET", "path": "/officer/dashboard", "user_id": "6a9e8f3281a9cd39ae409213", "status_code": 200, "duration_ms": 4.9}
{"timestamp": "2026-09-07T10:17:22.070284", "log_type": "api_request", "method": "GET", "path": "/worker/dashboard", "user_id": "6a9e8f3281a9cd39ae409212", "status_code": 200, "duration_ms": 3.1}
{"timestamp": "2026-09-07T10:17:22.293402", "log_type": "api_request", "method": "GET", "path": "/api/map/issues", "user_id": "6a9e8f3281a9cd39ae409217", "status_code": 200, "duration_ms": 2.0}
{"timestamp": "2026-09-07T10:17:22.296361", "log_type": "api_request", "method": "GET", "path": "/api/map/clusters", "user_id": "6a9e8f3281a9cd39ae409217", "status_code": 200, "duration_ms": 2.0}
{"timestamp": "2026-09-07T10:17:22.299359", "log_type": "api_request", "method": "GET", "path": "/api/map/heatmap", "user_id": "6a9e8f3281a9cd39ae409217", "status_code": 200, "duration_ms": 2.0}
{"timestamp": "2026-09-07T10:17:22.302438", "log_type": "api_request", "method": "GET", "path": "/api/map/workers", "user_id": "6a9e8f3281a9cd39ae409217", "status_code": 200, "duration_ms": 2.1}
{"timestamp": "2026-09-07T10:17:22.305408", "log_type": "api_request", "method": "GET", "path": "/api/public/map", "user_id": "6a9e8f3281a9cd39ae409217", "status_code": 200, "duration_ms": 1.0}
{"timestamp": "2026-09-07T10:17:22.307362", "log_type": "api_request", "method": "GET", "path": "/api/map/infrastructure", "user_id": "6a9e8f3281a9cd39ae409217", "status_code": 200, "duration_ms": 2.0}
{"timestamp": "2026-09-07T10:17:22.523911", "log_type": "api_request", "method": "GET", "path": "/api/notifications", "user_id": "6a9e8f3281a9cd39ae409218", "status_code": 200, "duration_ms": 3.0}
{"timestamp": "2026-09-07T10:17:22.526910", "log_type": "api_request", "method": "POST", "path": "/api/notifications/6a9e8f3281a9cd39ae40921c/read", "user_id": "6a9e8f3281a9cd39ae409218", "status_code": 200, "duration_ms": 1.9}
{"timestamp": "2026-09-07T10:17:22.753442", "log_type": "api_request", "method": "GET", "path": "/api/analytics/overview", "user_id": "6a9e8f3281a9cd39ae409220", "status_code": 200, "duration_ms": 11.2}
{"timestamp": "2026-09-07T10:17:22.758063", "log_type": "api_request", "method": "GET", "path": "/api/analytics/by-ward", "user_id": "6a9e8f3281a9cd39ae409220", "status_code": 200, "duration_ms": 3.0}
{"timestamp": "2026-09-07T10:17:22.761080", "log_type": "api_request", "method": "GET", "path": "/api/analytics/by-department", "user_id": "6a9e8f3281a9cd39ae409220", "status_code": 200, "duration_ms": 2.0}
{"timestamp": "2026-09-07T10:17:22.764080", "log_type": "api_request", "method": "GET", "path": "/api/workers/recommend", "user_id": "6a9e8f3281a9cd39ae409220", "status_code": 200, "duration_ms": 2.0}
{"timestamp": "2026-09-07T10:17:22.768078", "log_type": "api_request", "method": "POST", "path": "/api/analytics/ask", "user_id": "6a9e8f3281a9cd39ae409220", "status_code": 200, "duration_ms": 2.0}
{"timestamp": "2026-09-07T10:17:22.874753", "log_type": "api_request", "method": "GET", "path": "/api/analytics/weekly-report/pdf", "user_id": "6a9e8f3281a9cd39ae409220", "status_code": 200, "duration_ms": 105.7}
{"timestamp": "2026-09-07T10:17:23.089856", "log_type": "api_request", "method": "GET", "path": "/api/analytics/overview", "user_id": "6a9e8f3381a9cd39ae409222", "status_code": 403, "duration_ms": 1.0}
{"timestamp": "2026-09-07T10:17:23.100881", "log_type": "api_request", "method": "GET", "path": "/api/analytics/overview", "user_id": "6a9e8f3381a9cd39ae409225", "status_code": 200, "duration_ms": 10.0}
{"timestamp": "2026-09-07T10:17:23.316952", "log_type": "api_request", "method": "GET", "path": "/api/health", "user_id": "anonymous", "status_code": 200, "duration_ms": 0.6}
{"timestamp": "2026-09-07T10:17:23.545188", "log_type": "api_request", "method": "GET", "path": "/api/worker/jobs", "user_id": "6a9e8f3381a9cd39ae40922c", "status_code": 200, "duration_ms": 2.0}
{"timestamp": "2026-09-07T10:17:23.550253", "log_type": "notification", "event": "work_started", "recipient_id": "6a9e8f3381a9cd39ae40922a", "delivery_status": "delivered", "error": null}
{"timestamp": "2026-09-07T10:17:23.551255", "log_type": "notification", "event": "work_started", "recipient_id": "6a9e8f3381a9cd39ae40922c", "delivery_status": "delivered", "error": null}
{"timestamp": "2026-09-07T10:17:23.553169", "log_type": "api_request", "method": "POST", "path": "/api/issues/6a9e8f3381a9cd39ae40922e/start", "user_id": "6a9e8f3381a9cd39ae40922c", "status_code": 200, "duration_ms": 7.0}
{"timestamp": "2026-09-07T10:17:23.556935", "log_type": "api_request", "method": "PUT", "path": "/api/workers/me/location", "user_id": "6a9e8f3381a9cd39ae40922c", "status_code": 200, "duration_ms": 2.8}
{"timestamp": "2026-09-07T10:17:23.632006", "log_type": "notification", "event": "work_completed", "recipient_id": "6a9e8f3381a9cd39ae40922a", "delivery_status": "delivered", "error": null}
{"timestamp": "2026-09-07T10:17:23.632545", "log_type": "notification", "event": "work_completed", "recipient_id": "6a9e8f3381a9cd39ae40922c", "delivery_status": "delivered", "error": null}
{"timestamp": "2026-09-07T10:17:23.635035", "log_type": "api_request", "method": "POST", "path": "/api/issues/6a9e8f3381a9cd39ae40922e/resolve", "user_id": "6a9e8f3381a9cd39ae40922c", "status_code": 200, "duration_ms": 30.5}
{"timestamp": "2026-09-07T10:18:07.218769", "log_type": "api_request", "method": "GET", "path": "/api/invalid-route-xyz", "user_id": "anonymous", "status_code": 404, "duration_ms": 0.0}
{"timestamp": "2026-09-07T10:18:07.220844", "log_type": "api_request", "method": "GET", "path": "/api/health", "user_id": "anonymous", "status_code": 200, "duration_ms": 0.0}
{"timestamp": "2026-09-07T10:18:07.222119", "log_type": "api_request", "method": "GET", "path": "/api/notifications", "user_id": "anonymous", "status_code": 401, "duration_ms": 0.0}
{"timestamp": "2026-09-07T10:18:07.700887", "log_type": "security_event", "event_type": "failed_login", "user_id": "6a9e8f5f1417033721287d9b", "ip": "127.0.0.1", "details": {"email": "test_citizen_qa@smartcivic.com", "attempt": 1}}
{"timestamp": "2026-09-07T10:18:07.701875", "log_type": "api_request", "method": "POST", "path": "/auth/login", "user_id": "anonymous", "status_code": 401, "duration_ms": 221.0}
{"timestamp": "2026-09-07T10:18:08.133331", "log_type": "security_event", "event_type": "login", "user_id": "6a9e8f5f1417033721287d9f", "ip": "127.0.0.1", "details": {}}
{"timestamp": "2026-09-07T10:18:08.135414", "log_type": "api_request", "method": "POST", "path": "/auth/login", "user_id": "anonymous", "status_code": 200, "duration_ms": 210.5}
{"timestamp": "2026-09-07T10:18:08.580242", "log_type": "api_request", "method": "POST", "path": "/auth/register", "user_id": "anonymous", "status_code": 201, "duration_ms": 220.7}
{"timestamp": "2026-09-07T10:18:08.804236", "log_type": "api_request", "method": "POST", "path": "/auth/register", "user_id": "anonymous", "status_code": 403, "duration_ms": 2.0}
{"timestamp": "2026-09-07T10:18:09.023029", "log_type": "api_request", "method": "POST", "path": "/auth/register", "user_id": "anonymous", "status_code": 201, "duration_ms": 216.8}
{"timestamp": "2026-09-07T10:18:09.246645", "log_type": "notification", "event": "complaint_created", "recipient_id": "6a9e8f611417033721287dad", "delivery_status": "delivered", "error": null}
{"timestamp": "2026-09-07T10:18:09.247712", "log_type": "notification", "event": "ai_analysis_completed", "recipient_id": "6a9e8f611417033721287dad", "delivery_status": "delivered", "error": null}
{"timestamp": "2026-09-07T10:18:09.248717", "log_type": "api_request", "method": "POST", "path": "/api/issues", "user_id": "6a9e8f611417033721287dad", "status_code": 201, "duration_ms": 11.1}
{"timestamp": "2026-09-07T10:18:09.252720", "log_type": "api_request", "method": "GET", "path": "/api/issues/6a9e8f611417033721287db1", "user_id": "6a9e8f611417033721287dad", "status_code": 200, "duration_ms": 3.0}
{"timestamp": "2026-09-07T10:18:09.257718", "log_type": "api_request", "method": "POST", "path": "/api/issues/6a9e8f611417033721287db1/declare-emergency", "user_id": "6a9e8f611417033721287dad", "status_code": 200, "duration_ms": 4.0}
{"timestamp": "2026-09-07T10:18:09.261717", "log_type": "api_request", "method": "POST", "path": "/api/issues/6a9e8f611417033721287db1/confirm", "user_id": "6a9e8f611417033721287dae", "status_code": 200, "duration_ms": 3.0}
{"timestamp": "2026-09-07T10:18:09.495441", "log_type": "api_request", "method": "GET", "path": "/login", "user_id": "anonymous", "status_code": 200, "duration_ms": 8.0}
{"timestamp": "2026-09-07T10:18:09.499291", "log_type": "api_request", "method": "GET", "path": "/register", "user_id": "anonymous", "status_code": 200, "duration_ms": 2.8}
{"timestamp": "2026-09-07T10:18:09.505698", "log_type": "api_request", "method": "GET", "path": "/transparency", "user_id": "anonymous", "status_code": 200, "duration_ms": 5.4}
{"timestamp": "2026-09-07T10:18:09.513153", "log_type": "api_request", "method": "GET", "path": "/citizen/dashboard", "user_id": "6a9e8f611417033721287db8", "status_code": 200, "duration_ms": 5.8}
{"timestamp": "2026-09-07T10:18:09.518376", "log_type": "api_request", "method": "GET", "path": "/report", "user_id": "6a9e8f611417033721287db8", "status_code": 200, "duration_ms": 4.2}
{"timestamp": "2026-09-07T10:18:09.525975", "log_type": "api_request", "method": "GET", "path": "/officer/dashboard", "user_id": "6a9e8f611417033721287dbb", "status_code": 200, "duration_ms": 5.8}
{"timestamp": "2026-09-07T10:18:09.530117", "log_type": "api_request", "method": "GET", "path": "/worker/dashboard", "user_id": "6a9e8f611417033721287dba", "status_code": 200, "duration_ms": 3.1}
{"timestamp": "2026-09-07T10:18:09.757051", "log_type": "api_request", "method": "GET", "path": "/api/map/issues", "user_id": "6a9e8f611417033721287dbf", "status_code": 200, "duration_ms": 3.0}
{"timestamp": "2026-09-07T10:18:09.759051", "log_type": "api_request", "method": "GET", "path": "/api/map/clusters", "user_id": "6a9e8f611417033721287dbf", "status_code": 200, "duration_ms": 0.9}
{"timestamp": "2026-09-07T10:18:09.762050", "log_type": "api_request", "method": "GET", "path": "/api/map/heatmap", "user_id": "6a9e8f611417033721287dbf", "status_code": 200, "duration_ms": 2.0}
{"timestamp": "2026-09-07T10:18:09.764050", "log_type": "api_request", "method": "GET", "path": "/api/map/workers", "user_id": "6a9e8f611417033721287dbf", "status_code": 200, "duration_ms": 1.0}
{"timestamp": "2026-09-07T10:18:09.767050", "log_type": "api_request", "method": "GET", "path": "/api/public/map", "user_id": "6a9e8f611417033721287dbf", "status_code": 200, "duration_ms": 2.0}
{"timestamp": "2026-09-07T10:18:09.770702", "log_type": "api_request", "method": "GET", "path": "/api/map/infrastructure", "user_id": "6a9e8f611417033721287dbf", "status_code": 200, "duration_ms": 2.0}
{"timestamp": "2026-09-07T10:18:09.995180", "log_type": "api_request", "method": "GET", "path": "/api/notifications", "user_id": "6a9e8f611417033721287dc0", "status_code": 200, "duration_ms": 3.5}
{"timestamp": "2026-09-07T10:18:09.998178", "log_type": "api_request", "method": "POST", "path": "/api/notifications/6a9e8f611417033721287dc4/read", "user_id": "6a9e8f611417033721287dc0", "status_code": 200, "duration_ms": 2.0}
{"timestamp": "2026-09-07T10:18:10.227179", "log_type": "api_request", "method": "GET", "path": "/api/analytics/overview", "user_id": "6a9e8f621417033721287dc8", "status_code": 200, "duration_ms": 8.9}
{"timestamp": "2026-09-07T10:18:10.230179", "log_type": "api_request", "method": "GET", "path": "/api/analytics/by-ward", "user_id": "6a9e8f621417033721287dc8", "status_code": 200, "duration_ms": 2.0}
{"timestamp": "2026-09-07T10:18:10.233180", "log_type": "api_request", "method": "GET", "path": "/api/analytics/by-department", "user_id": "6a9e8f621417033721287dc8", "status_code": 200, "duration_ms": 2.0}
{"timestamp": "2026-09-07T10:18:10.235181", "log_type": "api_request", "method": "GET", "path": "/api/workers/recommend", "user_id": "6a9e8f621417033721287dc8", "status_code": 200, "duration_ms": 1.0}
{"timestamp": "2026-09-07T10:18:10.239181", "log_type": "api_request", "method": "POST", "path": "/api/analytics/ask", "user_id": "6a9e8f621417033721287dc8", "status_code": 200, "duration_ms": 3.0}
{"timestamp": "2026-09-07T10:18:10.341681", "log_type": "api_request", "method": "GET", "path": "/api/analytics/weekly-report/pdf", "user_id": "6a9e8f621417033721287dc8", "status_code": 200, "duration_ms": 100.5}
{"timestamp": "2026-09-07T10:18:10.558327", "log_type": "api_request", "method": "GET", "path": "/api/analytics/overview", "user_id": "6a9e8f621417033721287dca", "status_code": 403, "duration_ms": 1.0}
{"timestamp": "2026-09-07T10:18:10.567263", "log_type": "api_request", "method": "GET", "path": "/api/analytics/overview", "user_id": "6a9e8f621417033721287dcd", "status_code": 200, "duration_ms": 8.0}
{"timestamp": "2026-09-07T10:18:10.777417", "log_type": "api_request", "method": "GET", "path": "/api/health", "user_id": "anonymous", "status_code": 200, "duration_ms": 1.0}
{"timestamp": "2026-09-07T10:18:10.992155", "log_type": "api_request", "method": "GET", "path": "/api/worker/jobs", "user_id": "6a9e8f621417033721287dd4", "status_code": 200, "duration_ms": 2.0}
{"timestamp": "2026-09-07T10:18:10.996173", "log_type": "notification", "event": "work_started", "recipient_id": "6a9e8f621417033721287dd2", "delivery_status": "delivered", "error": null}
{"timestamp": "2026-09-07T10:18:10.997171", "log_type": "notification", "event": "work_started", "recipient_id": "6a9e8f621417033721287dd4", "delivery_status": "delivered", "error": null}
{"timestamp": "2026-09-07T10:18:10.998188", "log_type": "api_request", "method": "POST", "path": "/api/issues/6a9e8f621417033721287dd6/start", "user_id": "6a9e8f621417033721287dd4", "status_code": 200, "duration_ms": 5.0}
{"timestamp": "2026-09-07T10:18:11.001214", "log_type": "api_request", "method": "PUT", "path": "/api/workers/me/location", "user_id": "6a9e8f621417033721287dd4", "status_code": 200, "duration_ms": 2.0}
{"timestamp": "2026-09-07T10:18:11.046344", "log_type": "notification", "event": "work_completed", "recipient_id": "6a9e8f621417033721287dd2", "delivery_status": "delivered", "error": null}
{"timestamp": "2026-09-07T10:18:11.047804", "log_type": "notification", "event": "work_completed", "recipient_id": "6a9e8f621417033721287dd4", "delivery_status": "delivered", "error": null}
{"timestamp": "2026-09-07T10:18:11.049570", "log_type": "api_request", "method": "POST", "path": "/api/issues/6a9e8f621417033721287dd6/resolve", "user_id": "6a9e8f621417033721287dd4", "status_code": 200, "duration_ms": 16.1}
{"timestamp": "2026-09-07T10:20:05.569626", "log_type": "api_request", "method": "GET", "path": "/", "user_id": "anonymous", "status_code": 302, "duration_ms": 0.0}
{"timestamp": "2026-09-07T10:20:05.645630", "log_type": "api_request", "method": "GET", "path": "/login", "user_id": "anonymous", "status_code": 200, "duration_ms": 31.6}
{"timestamp": "2026-09-07T10:20:06.013925", "log_type": "api_request", "method": "GET", "path": "/static/css/main.css", "user_id": "anonymous", "status_code": 304, "duration_ms": 257.6}
{"timestamp": "2026-09-07T10:20:06.026488", "log_type": "api_request", "method": "GET", "path": "/static/css/dashboard.css", "user_id": "anonymous", "status_code": 304, "duration_ms": 270.2}
{"timestamp": "2026-09-07T10:20:06.035406", "log_type": "api_request", "method": "GET", "path": "/static/js/filters.js", "user_id": "anonymous", "status_code": 304, "duration_ms": 271.7}
{"timestamp": "2026-09-07T10:20:06.036409", "log_type": "api_request", "method": "GET", "path": "/static/js/toast.js", "user_id": "anonymous", "status_code": 304, "duration_ms": 273.7}
{"timestamp": "2026-09-07T10:25:39.042739", "log_type": "api_request", "method": "GET", "path": "/api/invalid-route-xyz", "user_id": "anonymous", "status_code": 404, "duration_ms": 0.0}
{"timestamp": "2026-09-07T10:25:39.044751", "log_type": "api_request", "method": "GET", "path": "/api/health", "user_id": "anonymous", "status_code": 200, "duration_ms": 0.0}
{"timestamp": "2026-09-07T10:25:39.045790", "log_type": "api_request", "method": "GET", "path": "/api/notifications", "user_id": "anonymous", "status_code": 401, "duration_ms": 0.0}
{"timestamp": "2026-09-07T10:25:39.565089", "log_type": "security_event", "event_type": "failed_login", "user_id": "6a9e91238a9e6673e6be278b", "ip": "127.0.0.1", "details": {"email": "test_citizen_qa@smartcivic.com", "attempt": 1}}
{"timestamp": "2026-09-07T10:25:39.565609", "log_type": "api_request", "method": "POST", "path": "/auth/login", "user_id": "anonymous", "status_code": 401, "duration_ms": 232.6}
{"timestamp": "2026-09-07T10:25:40.012882", "log_type": "security_event", "event_type": "login", "user_id": "6a9e91238a9e6673e6be278f", "ip": "127.0.0.1", "details": {}}
{"timestamp": "2026-09-07T10:25:40.013902", "log_type": "api_request", "method": "POST", "path": "/auth/login", "user_id": "anonymous", "status_code": 200, "duration_ms": 216.0}
{"timestamp": "2026-09-07T10:25:40.441003", "log_type": "api_request", "method": "POST", "path": "/auth/register", "user_id": "anonymous", "status_code": 201, "duration_ms": 210.1}
{"timestamp": "2026-09-07T10:25:40.669809", "log_type": "api_request", "method": "POST", "path": "/auth/register", "user_id": "anonymous", "status_code": 403, "duration_ms": 2.4}
{"timestamp": "2026-09-07T10:25:40.880500", "log_type": "api_request", "method": "POST", "path": "/auth/register", "user_id": "anonymous", "status_code": 201, "duration_ms": 210.2}
{"timestamp": "2026-09-07T10:25:41.118073", "log_type": "notification", "event": "complaint_created", "recipient_id": "6a9e91258a9e6673e6be279d", "delivery_status": "delivered", "error": null}
{"timestamp": "2026-09-07T10:25:41.119073", "log_type": "notification", "event": "ai_analysis_completed", "recipient_id": "6a9e91258a9e6673e6be279d", "delivery_status": "delivered", "error": null}
{"timestamp": "2026-09-07T10:25:41.123072", "log_type": "api_request", "method": "POST", "path": "/api/issues", "user_id": "6a9e91258a9e6673e6be279d", "status_code": 201, "duration_ms": 26.1}
{"timestamp": "2026-09-07T10:25:41.132305", "log_type": "api_request", "method": "GET", "path": "/api/issues/6a9e91258a9e6673e6be27a1", "user_id": "6a9e91258a9e6673e6be279d", "status_code": 200, "duration_ms": 7.2}
{"timestamp": "2026-09-07T10:25:41.137318", "log_type": "api_request", "method": "POST", "path": "/api/issues/6a9e91258a9e6673e6be27a1/declare-emergency", "user_id": "6a9e91258a9e6673e6be279d", "status_code": 200, "duration_ms": 4.0}
{"timestamp": "2026-09-07T10:25:41.141320", "log_type": "api_request", "method": "POST", "path": "/api/issues/6a9e91258a9e6673e6be27a1/confirm", "user_id": "6a9e91258a9e6673e6be279e", "status_code": 200, "duration_ms": 3.0}
{"timestamp": "2026-09-07T10:25:41.375222", "log_type": "api_request", "method": "GET", "path": "/login", "user_id": "anonymous", "status_code": 200, "duration_ms": 8.4}
{"timestamp": "2026-09-07T10:25:41.379556", "log_type": "api_request", "method": "GET", "path": "/register", "user_id": "anonymous", "status_code": 200, "duration_ms": 3.3}
{"timestamp": "2026-09-07T10:25:41.386322", "log_type": "api_request", "method": "GET", "path": "/transparency", "user_id": "anonymous", "status_code": 200, "duration_ms": 5.4}
{"timestamp": "2026-09-07T10:25:41.393354", "log_type": "api_request", "method": "GET", "path": "/citizen/dashboard", "user_id": "6a9e91258a9e6673e6be27a8", "status_code": 200, "duration_ms": 6.0}
{"timestamp": "2026-09-07T10:25:41.398320", "log_type": "api_request", "method": "GET", "path": "/report", "user_id": "6a9e91258a9e6673e6be27a8", "status_code": 200, "duration_ms": 4.0}
{"timestamp": "2026-09-07T10:25:41.405974", "log_type": "api_request", "method": "GET", "path": "/officer/dashboard", "user_id": "6a9e91258a9e6673e6be27ab", "status_code": 200, "duration_ms": 6.6}
{"timestamp": "2026-09-07T10:25:41.410701", "log_type": "api_request", "method": "GET", "path": "/worker/dashboard", "user_id": "6a9e91258a9e6673e6be27aa", "status_code": 200, "duration_ms": 3.7}
{"timestamp": "2026-09-07T10:25:41.637655", "log_type": "api_request", "method": "GET", "path": "/api/map/issues", "user_id": "6a9e91258a9e6673e6be27af", "status_code": 200, "duration_ms": 2.0}
{"timestamp": "2026-09-07T10:25:41.642068", "log_type": "api_request", "method": "GET", "path": "/api/map/clusters", "user_id": "6a9e91258a9e6673e6be27af", "status_code": 200, "duration_ms": 3.4}
{"timestamp": "2026-09-07T10:25:41.645723", "log_type": "api_request", "method": "GET", "path": "/api/map/heatmap", "user_id": "6a9e91258a9e6673e6be27af", "status_code": 200, "duration_ms": 2.1}
{"timestamp": "2026-09-07T10:25:41.648885", "log_type": "api_request", "method": "GET", "path": "/api/map/workers", "user_id": "6a9e91258a9e6673e6be27af", "status_code": 200, "duration_ms": 2.1}
{"timestamp": "2026-09-07T10:25:41.651531", "log_type": "api_request", "method": "GET", "path": "/api/public/map", "user_id": "6a9e91258a9e6673e6be27af", "status_code": 200, "duration_ms": 1.6}
{"timestamp": "2026-09-07T10:25:41.654158", "log_type": "api_request", "method": "GET", "path": "/api/map/infrastructure", "user_id": "6a9e91258a9e6673e6be27af", "status_code": 200, "duration_ms": 1.6}
{"timestamp": "2026-09-07T10:25:41.899636", "log_type": "api_request", "method": "GET", "path": "/api/notifications", "user_id": "6a9e91258a9e6673e6be27b0", "status_code": 200, "duration_ms": 24.2}
{"timestamp": "2026-09-07T10:25:41.903636", "log_type": "api_request", "method": "POST", "path": "/api/notifications/6a9e91258a9e6673e6be27b4/read", "user_id": "6a9e91258a9e6673e6be27b0", "status_code": 200, "duration_ms": 2.0}
{"timestamp": "2026-09-07T10:25:42.139037", "log_type": "api_request", "method": "GET", "path": "/api/analytics/overview", "user_id": "6a9e91268a9e6673e6be27b8", "status_code": 200, "duration_ms": 13.2}
{"timestamp": "2026-09-07T10:25:42.145037", "log_type": "api_request", "method": "GET", "path": "/api/analytics/by-ward", "user_id": "6a9e91268a9e6673e6be27b8", "status_code": 200, "duration_ms": 5.0}
{"timestamp": "2026-09-07T10:25:42.151041", "log_type": "api_request", "method": "GET", "path": "/api/analytics/by-department", "user_id": "6a9e91268a9e6673e6be27b8", "status_code": 200, "duration_ms": 4.0}
{"timestamp": "2026-09-07T10:25:42.154287", "log_type": "api_request", "method": "GET", "path": "/api/workers/recommend", "user_id": "6a9e91268a9e6673e6be27b8", "status_code": 200, "duration_ms": 2.2}
{"timestamp": "2026-09-07T10:25:42.157294", "log_type": "api_request", "method": "POST", "path": "/api/analytics/ask", "user_id": "6a9e91268a9e6673e6be27b8", "status_code": 200, "duration_ms": 2.0}
{"timestamp": "2026-09-07T10:25:42.308665", "log_type": "api_request", "method": "GET", "path": "/api/analytics/weekly-report/pdf", "user_id": "6a9e91268a9e6673e6be27b8", "status_code": 200, "duration_ms": 150.4}
{"timestamp": "2026-09-07T10:25:42.523166", "log_type": "api_request", "method": "GET", "path": "/api/analytics/overview", "user_id": "6a9e91268a9e6673e6be27ba", "status_code": 403, "duration_ms": 0.9}
{"timestamp": "2026-09-07T10:25:42.532739", "log_type": "api_request", "method": "GET", "path": "/api/analytics/overview", "user_id": "6a9e91268a9e6673e6be27bd", "status_code": 200, "duration_ms": 8.0}
{"timestamp": "2026-09-07T10:25:42.753087", "log_type": "api_request", "method": "GET", "path": "/api/health", "user_id": "anonymous", "status_code": 200, "duration_ms": 0.9}
{"timestamp": "2026-09-07T10:25:42.974941", "log_type": "api_request", "method": "GET", "path": "/api/worker/jobs", "user_id": "6a9e91268a9e6673e6be27c4", "status_code": 200, "duration_ms": 2.0}
{"timestamp": "2026-09-07T10:25:42.978940", "log_type": "notification", "event": "work_started", "recipient_id": "6a9e91268a9e6673e6be27c2", "delivery_status": "delivered", "error": null}
{"timestamp": "2026-09-07T10:25:42.978940", "log_type": "notification", "event": "work_started", "recipient_id": "6a9e91268a9e6673e6be27c4", "delivery_status": "delivered", "error": null}
{"timestamp": "2026-09-07T10:25:42.980400", "log_type": "api_request", "method": "POST", "path": "/api/issues/6a9e91268a9e6673e6be27c6/start", "user_id": "6a9e91268a9e6673e6be27c4", "status_code": 200, "duration_ms": 4.5}
{"timestamp": "2026-09-07T10:25:42.984441", "log_type": "api_request", "method": "PUT", "path": "/api/workers/me/location", "user_id": "6a9e91268a9e6673e6be27c4", "status_code": 200, "duration_ms": 2.0}
{"timestamp": "2026-09-07T10:25:43.039594", "log_type": "notification", "event": "work_completed", "recipient_id": "6a9e91268a9e6673e6be27c2", "delivery_status": "delivered", "error": null}
{"timestamp": "2026-09-07T10:25:43.040492", "log_type": "notification", "event": "work_completed", "recipient_id": "6a9e91268a9e6673e6be27c4", "delivery_status": "delivered", "error": null}
{"timestamp": "2026-09-07T10:25:43.041586", "log_type": "api_request", "method": "POST", "path": "/api/issues/6a9e91268a9e6673e6be27c6/resolve", "user_id": "6a9e91268a9e6673e6be27c4", "status_code": 200, "duration_ms": 18.2}
{"timestamp": "2026-09-07T10:26:47.425999", "log_type": "api_request", "method": "GET", "path": "/login", "user_id": "anonymous", "status_code": 200, "duration_ms": 16.0}
{"timestamp": "2026-09-07T10:26:47.767839", "log_type": "api_request", "method": "GET", "path": "/static/css/dashboard.css", "user_id": "anonymous", "status_code": 304, "duration_ms": 238.2}
{"timestamp": "2026-09-07T10:26:47.769046", "log_type": "api_request", "method": "GET", "path": "/static/js/filters.js", "user_id": "anonymous", "status_code": 304, "duration_ms": 234.9}
{"timestamp": "2026-09-07T10:26:47.778211", "log_type": "api_request", "method": "GET", "path": "/static/js/toast.js", "user_id": "anonymous", "status_code": 304, "duration_ms": 243.1}
{"timestamp": "2026-09-07T10:26:47.779481", "log_type": "api_request", "method": "GET", "path": "/static/css/main.css", "user_id": "anonymous", "status_code": 304, "duration_ms": 249.8}
{"timestamp": "2026-09-07T10:27:00.377311", "log_type": "security_event", "event_type": "failed_login", "user_id": "anonymous", "ip": "127.0.0.1", "details": {"email": "citizen@smartcivic.com"}}
{"timestamp": "2026-09-07T10:27:00.378607", "log_type": "api_request", "method": "POST", "path": "/auth/login", "user_id": "anonymous", "status_code": 401, "duration_ms": 26.6}
{"timestamp": "2026-09-07T10:27:04.872325", "log_type": "security_event", "event_type": "failed_login", "user_id": "anonymous", "ip": "127.0.0.1", "details": {"email": "citizen@smartcivic.com"}}
{"timestamp": "2026-09-07T10:27:04.873378", "log_type": "api_request", "method": "POST", "path": "/auth/login", "user_id": "anonymous", "status_code": 401, "duration_ms": 5.0}
{"timestamp": "2026-09-07T10:27:12.733136", "log_type": "security_event", "event_type": "failed_login", "user_id": "anonymous", "ip": "127.0.0.1", "details": {"email": "citizen@smartcivic.com"}}
{"timestamp": "2026-09-07T10:27:12.734279", "log_type": "api_request", "method": "POST", "path": "/auth/login", "user_id": "anonymous", "status_code": 401, "duration_ms": 4.0}
{"timestamp": "2026-09-07T10:41:36.746460", "log_type": "api_request", "method": "GET", "path": "/api/invalid-route-xyz", "user_id": "anonymous", "status_code": 404, "duration_ms": 0.0}
{"timestamp": "2026-09-07T10:41:36.749077", "log_type": "api_request", "method": "GET", "path": "/api/health", "user_id": "anonymous", "status_code": 200, "duration_ms": 0.0}
{"timestamp": "2026-09-07T10:41:36.750139", "log_type": "api_request", "method": "GET", "path": "/api/notifications", "user_id": "anonymous", "status_code": 401, "duration_ms": 0.0}
{"timestamp": "2026-09-07T10:41:37.232650", "log_type": "security_event", "event_type": "failed_login", "user_id": "6a9e94e135c4a727c21cde74", "ip": "127.0.0.1", "details": {"email": "test_citizen_qa@smartcivic.com", "attempt": 1}}
{"timestamp": "2026-09-07T10:41:37.233647", "log_type": "api_request", "method": "POST", "path": "/auth/login", "user_id": "anonymous", "status_code": 401, "duration_ms": 218.1}
{"timestamp": "2026-09-07T10:41:37.678972", "log_type": "security_event", "event_type": "login", "user_id": "6a9e94e135c4a727c21cde78", "ip": "127.0.0.1", "details": {}}
{"timestamp": "2026-09-07T10:41:37.680021", "log_type": "api_request", "method": "POST", "path": "/auth/login", "user_id": "anonymous", "status_code": 200, "duration_ms": 217.2}
{"timestamp": "2026-09-07T10:41:38.109279", "log_type": "api_request", "method": "POST", "path": "/auth/register", "user_id": "anonymous", "status_code": 201, "duration_ms": 212.7}
{"timestamp": "2026-09-07T10:41:38.331953", "log_type": "api_request", "method": "POST", "path": "/auth/register", "user_id": "anonymous", "status_code": 403, "duration_ms": 2.0}
{"timestamp": "2026-09-07T10:41:38.541549", "log_type": "api_request", "method": "POST", "path": "/auth/register", "user_id": "anonymous", "status_code": 201, "duration_ms": 208.5}
{"timestamp": "2026-09-07T10:41:38.791497", "log_type": "notification", "event": "complaint_created", "recipient_id": "6a9e94e235c4a727c21cde86", "delivery_status": "delivered", "error": null}
{"timestamp": "2026-09-07T10:41:38.792497", "log_type": "notification", "event": "ai_analysis_completed", "recipient_id": "6a9e94e235c4a727c21cde86", "delivery_status": "delivered", "error": null}
{"timestamp": "2026-09-07T10:41:38.796496", "log_type": "api_request", "method": "POST", "path": "/api/issues", "user_id": "6a9e94e235c4a727c21cde86", "status_code": 201, "duration_ms": 29.9}
{"timestamp": "2026-09-07T10:41:38.805794", "log_type": "api_request", "method": "GET", "path": "/api/issues/6a9e94e235c4a727c21cde8a", "user_id": "6a9e94e235c4a727c21cde86", "status_code": 200, "duration_ms": 7.5}
{"timestamp": "2026-09-07T10:41:38.812028", "log_type": "api_request", "method": "POST", "path": "/api/issues/6a9e94e235c4a727c21cde8a/declare-emergency", "user_id": "6a9e94e235c4a727c21cde86", "status_code": 200, "duration_ms": 5.2}
{"timestamp": "2026-09-07T10:41:38.819142", "log_type": "api_request", "method": "POST", "path": "/api/issues/6a9e94e235c4a727c21cde8a/confirm", "user_id": "6a9e94e235c4a727c21cde87", "status_code": 200, "duration_ms": 6.1}
{"timestamp": "2026-09-07T10:41:39.054017", "log_type": "api_request", "method": "GET", "path": "/login", "user_id": "anonymous", "status_code": 200, "duration_ms": 10.0}
{"timestamp": "2026-09-07T10:41:39.060397", "log_type": "api_request", "method": "GET", "path": "/register", "user_id": "anonymous", "status_code": 200, "duration_ms": 5.4}
{"timestamp": "2026-09-07T10:41:39.065689", "log_type": "api_request", "method": "GET", "path": "/transparency", "user_id": "anonymous", "status_code": 200, "duration_ms": 4.3}
{"timestamp": "2026-09-07T10:41:39.073599", "log_type": "api_request", "method": "GET", "path": "/citizen/dashboard", "user_id": "6a9e94e335c4a727c21cde91", "status_code": 200, "duration_ms": 5.9}
{"timestamp": "2026-09-07T10:41:39.078690", "log_type": "api_request", "method": "GET", "path": "/report", "user_id": "6a9e94e335c4a727c21cde91", "status_code": 200, "duration_ms": 3.0}
{"timestamp": "2026-09-07T10:41:39.087423", "log_type": "api_request", "method": "GET", "path": "/officer/dashboard", "user_id": "6a9e94e335c4a727c21cde94", "status_code": 200, "duration_ms": 7.7}
{"timestamp": "2026-09-07T10:41:39.094026", "log_type": "api_request", "method": "GET", "path": "/worker/dashboard", "user_id": "6a9e94e335c4a727c21cde93", "status_code": 200, "duration_ms": 5.6}
{"timestamp": "2026-09-07T10:41:39.313616", "log_type": "api_request", "method": "GET", "path": "/api/map/issues", "user_id": "6a9e94e335c4a727c21cde98", "status_code": 200, "duration_ms": 2.5}
{"timestamp": "2026-09-07T10:41:39.316624", "log_type": "api_request", "method": "GET", "path": "/api/map/clusters", "user_id": "6a9e94e335c4a727c21cde98", "status_code": 200, "duration_ms": 2.0}
{"timestamp": "2026-09-07T10:41:39.320622", "log_type": "api_request", "method": "GET", "path": "/api/map/heatmap", "user_id": "6a9e94e335c4a727c21cde98", "status_code": 200, "duration_ms": 3.0}
{"timestamp": "2026-09-07T10:41:39.323621", "log_type": "api_request", "method": "GET", "path": "/api/map/workers", "user_id": "6a9e94e335c4a727c21cde98", "status_code": 200, "duration_ms": 2.0}
{"timestamp": "2026-09-07T10:41:39.325622", "log_type": "api_request", "method": "GET", "path": "/api/public/map", "user_id": "6a9e94e335c4a727c21cde98", "status_code": 200, "duration_ms": 1.0}
{"timestamp": "2026-09-07T10:41:39.327621", "log_type": "api_request", "method": "GET", "path": "/api/map/infrastructure", "user_id": "6a9e94e335c4a727c21cde98", "status_code": 200, "duration_ms": 1.0}
{"timestamp": "2026-09-07T10:41:39.549212", "log_type": "api_request", "method": "GET", "path": "/api/notifications", "user_id": "6a9e94e335c4a727c21cde99", "status_code": 200, "duration_ms": 5.5}
{"timestamp": "2026-09-07T10:41:39.551213", "log_type": "api_request", "method": "POST", "path": "/api/notifications/6a9e94e335c4a727c21cde9d/read", "user_id": "6a9e94e335c4a727c21cde99", "status_code": 200, "duration_ms": 1.0}
{"timestamp": "2026-09-07T10:41:39.781207", "log_type": "api_request", "method": "GET", "path": "/api/analytics/overview", "user_id": "6a9e94e335c4a727c21cdea1", "status_code": 200, "duration_ms": 12.0}
{"timestamp": "2026-09-07T10:41:39.788206", "log_type": "api_request", "method": "GET", "path": "/api/analytics/by-ward", "user_id": "6a9e94e335c4a727c21cdea1", "status_code": 200, "duration_ms": 6.0}
{"timestamp": "2026-09-07T10:41:39.793908", "log_type": "api_request", "method": "GET", "path": "/api/analytics/by-department", "user_id": "6a9e94e335c4a727c21cdea1", "status_code": 200, "duration_ms": 4.7}
{"timestamp": "2026-09-07T10:41:39.796907", "log_type": "api_request", "method": "GET", "path": "/api/workers/recommend", "user_id": "6a9e94e335c4a727c21cdea1", "status_code": 200, "duration_ms": 2.0}
{"timestamp": "2026-09-07T10:41:39.799908", "log_type": "api_request", "method": "POST", "path": "/api/analytics/ask", "user_id": "6a9e94e335c4a727c21cdea1", "status_code": 200, "duration_ms": 2.0}
{"timestamp": "2026-09-07T10:41:39.929458", "log_type": "api_request", "method": "GET", "path": "/api/analytics/weekly-report/pdf", "user_id": "6a9e94e335c4a727c21cdea1", "status_code": 200, "duration_ms": 128.6}
{"timestamp": "2026-09-07T10:41:40.146495", "log_type": "api_request", "method": "GET", "path": "/api/analytics/overview", "user_id": "6a9e94e435c4a727c21cdea3", "status_code": 403, "duration_ms": 1.0}
{"timestamp": "2026-09-07T10:41:40.157079", "log_type": "api_request", "method": "GET", "path": "/api/analytics/overview", "user_id": "6a9e94e435c4a727c21cdea6", "status_code": 200, "duration_ms": 9.0}
{"timestamp": "2026-09-07T10:41:40.377478", "log_type": "api_request", "method": "GET", "path": "/api/health", "user_id": "anonymous", "status_code": 200, "duration_ms": 1.0}
{"timestamp": "2026-09-07T10:41:40.594542", "log_type": "api_request", "method": "GET", "path": "/api/worker/jobs", "user_id": "6a9e94e435c4a727c21cdead", "status_code": 200, "duration_ms": 2.1}
{"timestamp": "2026-09-07T10:41:40.599548", "log_type": "notification", "event": "work_started", "recipient_id": "6a9e94e435c4a727c21cdeab", "delivery_status": "delivered", "error": null}
{"timestamp": "2026-09-07T10:41:40.600549", "log_type": "notification", "event": "work_started", "recipient_id": "6a9e94e435c4a727c21cdead", "delivery_status": "delivered", "error": null}
{"timestamp": "2026-09-07T10:41:40.602550", "log_type": "api_request", "method": "POST", "path": "/api/issues/6a9e94e435c4a727c21cdeaf/start", "user_id": "6a9e94e435c4a727c21cdead", "status_code": 200, "duration_ms": 7.0}
{"timestamp": "2026-09-07T10:41:40.606554", "log_type": "api_request", "method": "PUT", "path": "/api/workers/me/location", "user_id": "6a9e94e435c4a727c21cdead", "status_code": 200, "duration_ms": 2.0}
{"timestamp": "2026-09-07T10:41:40.668266", "log_type": "notification", "event": "work_completed", "recipient_id": "6a9e94e435c4a727c21cdeab", "delivery_status": "delivered", "error": null}
{"timestamp": "2026-09-07T10:41:40.669835", "log_type": "notification", "event": "work_completed", "recipient_id": "6a9e94e435c4a727c21cdead", "delivery_status": "delivered", "error": null}
{"timestamp": "2026-09-07T10:41:40.672455", "log_type": "api_request", "method": "POST", "path": "/api/issues/6a9e94e435c4a727c21cdeaf/resolve", "user_id": "6a9e94e435c4a727c21cdead", "status_code": 200, "duration_ms": 21.2}
{"timestamp": "2026-09-07T10:44:01.811523", "log_type": "api_request", "method": "GET", "path": "/login", "user_id": "anonymous", "status_code": 200, "duration_ms": 14.0}
{"timestamp": "2026-09-07T10:44:02.305272", "log_type": "api_request", "method": "GET", "path": "/static/js/filters.js", "user_id": "anonymous", "status_code": 304, "duration_ms": 354.6}
{"timestamp": "2026-09-07T10:44:02.317738", "log_type": "api_request", "method": "GET", "path": "/static/css/main.css", "user_id": "anonymous", "status_code": 200, "duration_ms": 375.2}
{"timestamp": "2026-09-07T10:44:02.325311", "log_type": "api_request", "method": "GET", "path": "/static/css/dashboard.css", "user_id": "anonymous", "status_code": 304, "duration_ms": 381.7}
{"timestamp": "2026-09-07T10:44:02.329764", "log_type": "api_request", "method": "GET", "path": "/static/js/toast.js", "user_id": "anonymous", "status_code": 304, "duration_ms": 378.1}
{"timestamp": "2026-09-07T10:44:10.783185", "log_type": "security_event", "event_type": "failed_login", "user_id": "anonymous", "ip": "127.0.0.1", "details": {"email": "citizen@smartcivic.com"}}
{"timestamp": "2026-09-07T10:44:10.783185", "log_type": "api_request", "method": "POST", "path": "/auth/login", "user_id": "anonymous", "status_code": 401, "duration_ms": 13.1}
{"timestamp": "2026-09-07T10:44:26.027801", "log_type": "api_request", "method": "GET", "path": "/login", "user_id": "anonymous", "status_code": 200, "duration_ms": 0.0}
{"timestamp": "2026-09-07T10:44:26.067976", "log_type": "api_request", "method": "GET", "path": "/static/css/main.css", "user_id": "anonymous", "status_code": 304, "duration_ms": 1.0}
{"timestamp": "2026-09-07T10:44:26.070957", "log_type": "api_request", "method": "GET", "path": "/static/css/dashboard.css", "user_id": "anonymous", "status_code": 304, "duration_ms": 2.0}
{"timestamp": "2026-09-07T10:44:26.074337", "log_type": "api_request", "method": "GET", "path": "/static/js/toast.js", "user_id": "anonymous", "status_code": 304, "duration_ms": 2.4}
{"timestamp": "2026-09-07T10:44:26.075350", "log_type": "api_request", "method": "GET", "path": "/static/js/filters.js", "user_id": "anonymous", "status_code": 304, "duration_ms": 2.4}
{"timestamp": "2026-09-07T10:44:30.778181", "log_type": "security_event", "event_type": "failed_login", "user_id": "anonymous", "ip": "127.0.0.1", "details": {"email": "authority@smartcivic.com"}}
{"timestamp": "2026-09-07T10:44:30.778715", "log_type": "api_request", "method": "POST", "path": "/auth/login", "user_id": "anonymous", "status_code": 401, "duration_ms": 2.7}
{"timestamp": "2026-09-07T10:45:37.248362", "log_type": "security_event", "event_type": "failed_login", "user_id": "anonymous", "ip": "127.0.0.1", "details": {"email": "authority@smartcivic.com"}}
{"timestamp": "2026-09-07T10:45:37.250382", "log_type": "api_request", "method": "POST", "path": "/auth/login", "user_id": "anonymous", "status_code": 401, "duration_ms": 7.7}
{"timestamp": "2026-09-07T10:46:07.589809", "log_type": "security_event", "event_type": "login", "user_id": "6a9e95e6da6fe23b32574857", "ip": "127.0.0.1", "details": {}}
{"timestamp": "2026-09-07T10:46:07.591808", "log_type": "api_request", "method": "POST", "path": "/auth/login", "user_id": "anonymous", "status_code": 200, "duration_ms": 231.3}
{"timestamp": "2026-09-07T10:46:16.055000", "log_type": "security_event", "event_type": "login", "user_id": "6a9e95e6da6fe23b32574858", "ip": "127.0.0.1", "details": {}}
{"timestamp": "2026-09-07T10:46:16.056013", "log_type": "api_request", "method": "POST", "path": "/auth/login", "user_id": "anonymous", "status_code": 200, "duration_ms": 232.6}
{"timestamp": "2026-09-07T10:46:16.278228", "log_type": "security_event", "event_type": "login", "user_id": "6a9e95e6da6fe23b3257485a", "ip": "127.0.0.1", "details": {}}
{"timestamp": "2026-09-07T10:46:16.280243", "log_type": "api_request", "method": "POST", "path": "/auth/login", "user_id": "6a9e95e6da6fe23b32574858", "status_code": 200, "duration_ms": 223.2}
{"timestamp": "2026-09-07T10:46:36.764232", "log_type": "api_request", "method": "GET", "path": "/api/invalid-route-xyz", "user_id": "anonymous", "status_code": 404, "duration_ms": 1.0}
{"timestamp": "2026-09-07T10:46:36.765708", "log_type": "api_request", "method": "GET", "path": "/api/health", "user_id": "anonymous", "status_code": 200, "duration_ms": 0.0}
{"timestamp": "2026-09-07T10:46:36.766821", "log_type": "api_request", "method": "GET", "path": "/api/notifications", "user_id": "anonymous", "status_code": 401, "duration_ms": 0.0}
{"timestamp": "2026-09-07T10:46:37.243183", "log_type": "security_event", "event_type": "failed_login", "user_id": "6a9e960ddc1f7746f076763c", "ip": "127.0.0.1", "details": {"email": "test_citizen_qa@smartcivic.com", "attempt": 1}}
{"timestamp": "2026-09-07T10:46:37.244215", "log_type": "api_request", "method": "POST", "path": "/auth/login", "user_id": "anonymous", "status_code": 401, "duration_ms": 214.0}
{"timestamp": "2026-09-07T10:46:37.677502", "log_type": "security_event", "event_type": "login", "user_id": "6a9e960ddc1f7746f0767640", "ip": "127.0.0.1", "details": {}}
{"timestamp": "2026-09-07T10:46:37.679488", "log_type": "api_request", "method": "POST", "path": "/auth/login", "user_id": "anonymous", "status_code": 200, "duration_ms": 214.1}
{"timestamp": "2026-09-07T10:46:38.105953", "log_type": "api_request", "method": "POST", "path": "/auth/register", "user_id": "anonymous", "status_code": 201, "duration_ms": 210.3}
{"timestamp": "2026-09-07T10:46:38.326989", "log_type": "api_request", "method": "POST", "path": "/auth/register", "user_id": "anonymous", "status_code": 403, "duration_ms": 1.0}
{"timestamp": "2026-09-07T10:46:38.539439", "log_type": "api_request", "method": "POST", "path": "/auth/register", "user_id": "anonymous", "status_code": 201, "duration_ms": 211.4}
{"timestamp": "2026-09-07T10:46:38.817727", "log_type": "notification", "event": "complaint_created", "recipient_id": "6a9e960edc1f7746f076764e", "delivery_status": "delivered", "error": null}
{"timestamp": "2026-09-07T10:46:38.818246", "log_type": "notification", "event": "ai_analysis_completed", "recipient_id": "6a9e960edc1f7746f076764e", "delivery_status": "delivered", "error": null}
{"timestamp": "2026-09-07T10:46:38.825261", "log_type": "api_request", "method": "POST", "path": "/api/issues", "user_id": "6a9e960edc1f7746f076764e", "status_code": 201, "duration_ms": 57.0}
{"timestamp": "2026-09-07T10:46:38.833314", "log_type": "api_request", "method": "GET", "path": "/api/issues/6a9e960edc1f7746f0767652", "user_id": "6a9e960edc1f7746f076764e", "status_code": 200, "duration_ms": 6.5}
{"timestamp": "2026-09-07T10:46:38.838345", "log_type": "api_request", "method": "POST", "path": "/api/issues/6a9e960edc1f7746f0767652/declare-emergency", "user_id": "6a9e960edc1f7746f076764e", "status_code": 200, "duration_ms": 4.0}
{"timestamp": "2026-09-07T10:46:38.845532", "log_type": "api_request", "method": "POST", "path": "/api/issues/6a9e960edc1f7746f0767652/confirm", "user_id": "6a9e960edc1f7746f076764f", "status_code": 200, "duration_ms": 6.2}
{"timestamp": "2026-09-07T10:46:39.080174", "log_type": "api_request", "method": "GET", "path": "/login", "user_id": "anonymous", "status_code": 200, "duration_ms": 8.8}
{"timestamp": "2026-09-07T10:46:39.084986", "log_type": "api_request", "method": "GET", "path": "/register", "user_id": "anonymous", "status_code": 200, "duration_ms": 3.8}
{"timestamp": "2026-09-07T10:46:39.090896", "log_type": "api_request", "method": "GET", "path": "/transparency", "user_id": "anonymous", "status_code": 200, "duration_ms": 5.0}
{"timestamp": "2026-09-07T10:46:39.096930", "log_type": "api_request", "method": "GET", "path": "/citizen/dashboard", "user_id": "6a9e960fdc1f7746f076765a", "status_code": 200, "duration_ms": 5.0}
{"timestamp": "2026-09-07T10:46:39.102134", "log_type": "api_request", "method": "GET", "path": "/report", "user_id": "6a9e960fdc1f7746f076765a", "status_code": 200, "duration_ms": 3.2}
{"timestamp": "2026-09-07T10:46:39.109808", "log_type": "api_request", "method": "GET", "path": "/officer/dashboard", "user_id": "6a9e960fdc1f7746f076765d", "status_code": 200, "duration_ms": 6.7}
{"timestamp": "2026-09-07T10:46:39.114868", "log_type": "api_request", "method": "GET", "path": "/worker/dashboard", "user_id": "6a9e960fdc1f7746f076765c", "status_code": 200, "duration_ms": 3.0}
{"timestamp": "2026-09-07T10:46:39.338442", "log_type": "api_request", "method": "GET", "path": "/api/map/issues", "user_id": "6a9e960fdc1f7746f0767661", "status_code": 200, "duration_ms": 2.0}
{"timestamp": "2026-09-07T10:46:39.342387", "log_type": "api_request", "method": "GET", "path": "/api/map/clusters", "user_id": "6a9e960fdc1f7746f0767661", "status_code": 200, "duration_ms": 2.0}
{"timestamp": "2026-09-07T10:46:39.345706", "log_type": "api_request", "method": "GET", "path": "/api/map/heatmap", "user_id": "6a9e960fdc1f7746f0767661", "status_code": 200, "duration_ms": 2.4}
{"timestamp": "2026-09-07T10:46:39.347738", "log_type": "api_request", "method": "GET", "path": "/api/map/workers", "user_id": "6a9e960fdc1f7746f0767661", "status_code": 200, "duration_ms": 1.0}
{"timestamp": "2026-09-07T10:46:39.349752", "log_type": "api_request", "method": "GET", "path": "/api/public/map", "user_id": "6a9e960fdc1f7746f0767661", "status_code": 200, "duration_ms": 1.0}
{"timestamp": "2026-09-07T10:46:39.351738", "log_type": "api_request", "method": "GET", "path": "/api/map/infrastructure", "user_id": "6a9e960fdc1f7746f0767661", "status_code": 200, "duration_ms": 1.0}
{"timestamp": "2026-09-07T10:46:39.577729", "log_type": "api_request", "method": "GET", "path": "/api/notifications", "user_id": "6a9e960fdc1f7746f0767662", "status_code": 200, "duration_ms": 7.0}
{"timestamp": "2026-09-07T10:46:39.581343", "log_type": "api_request", "method": "POST", "path": "/api/notifications/6a9e960fdc1f7746f0767666/read", "user_id": "6a9e960fdc1f7746f0767662", "status_code": 200, "duration_ms": 2.6}
{"timestamp": "2026-09-07T10:46:39.804772", "log_type": "api_request", "method": "GET", "path": "/api/analytics/overview", "user_id": "6a9e960fdc1f7746f076766a", "status_code": 200, "duration_ms": 11.6}
{"timestamp": "2026-09-07T10:46:39.811769", "log_type": "api_request", "method": "GET", "path": "/api/analytics/by-ward", "user_id": "6a9e960fdc1f7746f076766a", "status_code": 200, "duration_ms": 5.0}
{"timestamp": "2026-09-07T10:46:39.816770", "log_type": "api_request", "method": "GET", "path": "/api/analytics/by-department", "user_id": "6a9e960fdc1f7746f076766a", "status_code": 200, "duration_ms": 4.0}
{"timestamp": "2026-09-07T10:46:39.820772", "log_type": "api_request", "method": "GET", "path": "/api/workers/recommend", "user_id": "6a9e960fdc1f7746f076766a", "status_code": 200, "duration_ms": 2.0}
{"timestamp": "2026-09-07T10:46:39.824772", "log_type": "api_request", "method": "POST", "path": "/api/analytics/ask", "user_id": "6a9e960fdc1f7746f076766a", "status_code": 200, "duration_ms": 4.0}
{"timestamp": "2026-09-07T10:46:39.990465", "log_type": "api_request", "method": "GET", "path": "/api/analytics/weekly-report/pdf", "user_id": "6a9e960fdc1f7746f076766a", "status_code": 200, "duration_ms": 164.7}
{"timestamp": "2026-09-07T10:46:40.205439", "log_type": "api_request", "method": "GET", "path": "/api/analytics/overview", "user_id": "6a9e9610dc1f7746f076766c", "status_code": 403, "duration_ms": 1.0}
{"timestamp": "2026-09-07T10:46:40.216442", "log_type": "api_request", "method": "GET", "path": "/api/analytics/overview", "user_id": "6a9e9610dc1f7746f076766f", "status_code": 200, "duration_ms": 10.0}
{"timestamp": "2026-09-07T10:46:40.434028", "log_type": "api_request", "method": "GET", "path": "/api/health", "user_id": "anonymous", "status_code": 200, "duration_ms": 1.0}
{"timestamp": "2026-09-07T10:46:40.658020", "log_type": "api_request", "method": "GET", "path": "/api/worker/jobs", "user_id": "6a9e9610dc1f7746f0767676", "status_code": 200, "duration_ms": 2.5}
{"timestamp": "2026-09-07T10:46:40.663588", "log_type": "notification", "event": "work_started", "recipient_id": "6a9e9610dc1f7746f0767674", "delivery_status": "delivered", "error": null}
{"timestamp": "2026-09-07T10:46:40.664625", "log_type": "notification", "event": "work_started", "recipient_id": "6a9e9610dc1f7746f0767676", "delivery_status": "delivered", "error": null}
{"timestamp": "2026-09-07T10:46:40.665150", "log_type": "api_request", "method": "POST", "path": "/api/issues/6a9e9610dc1f7746f0767678/start", "user_id": "6a9e9610dc1f7746f0767676", "status_code": 200, "duration_ms": 5.3}
{"timestamp": "2026-09-07T10:46:40.669945", "log_type": "api_request", "method": "PUT", "path": "/api/workers/me/location", "user_id": "6a9e9610dc1f7746f0767676", "status_code": 200, "duration_ms": 2.6}
{"timestamp": "2026-09-07T10:46:40.731166", "log_type": "notification", "event": "work_completed", "recipient_id": "6a9e9610dc1f7746f0767674", "delivery_status": "delivered", "error": null}
{"timestamp": "2026-09-07T10:46:40.731691", "log_type": "notification", "event": "work_completed", "recipient_id": "6a9e9610dc1f7746f0767676", "delivery_status": "delivered", "error": null}
{"timestamp": "2026-09-07T10:46:40.733785", "log_type": "api_request", "method": "POST", "path": "/api/issues/6a9e9610dc1f7746f0767678/resolve", "user_id": "6a9e9610dc1f7746f0767676", "status_code": 200, "duration_ms": 22.5}
{"timestamp": "2026-09-07T10:47:02.519710", "log_type": "api_request", "method": "GET", "path": "/login", "user_id": "anonymous", "status_code": 200, "duration_ms": 2.0}
{"timestamp": "2026-09-07T10:47:02.569765", "log_type": "api_request", "method": "GET", "path": "/static/css/main.css", "user_id": "anonymous", "status_code": 304, "duration_ms": 4.0}
{"timestamp": "2026-09-07T10:47:02.576040", "log_type": "api_request", "method": "GET", "path": "/static/css/dashboard.css", "user_id": "anonymous", "status_code": 304, "duration_ms": 2.9}
{"timestamp": "2026-09-07T10:47:02.576574", "log_type": "api_request", "method": "GET", "path": "/static/js/toast.js", "user_id": "anonymous", "status_code": 304, "duration_ms": 2.4}
{"timestamp": "2026-09-07T10:47:02.577111", "log_type": "api_request", "method": "GET", "path": "/static/js/filters.js", "user_id": "anonymous", "status_code": 304, "duration_ms": 2.4}
{"timestamp": "2026-09-07T10:47:14.401344", "log_type": "security_event", "event_type": "login", "user_id": "6a9e95e6da6fe23b32574859", "ip": "127.0.0.1", "details": {}}
{"timestamp": "2026-09-07T10:47:14.404247", "log_type": "api_request", "method": "POST", "path": "/auth/login", "user_id": "anonymous", "status_code": 200, "duration_ms": 257.8}
{"timestamp": "2026-09-07T10:47:15.458485", "log_type": "api_request", "method": "GET", "path": "/officer/dashboard", "user_id": "6a9e95e6da6fe23b32574859", "status_code": 200, "duration_ms": 17.4}
{"timestamp": "2026-09-07T10:47:15.516849", "log_type": "api_request", "method": "GET", "path": "/static/css/main.css", "user_id": "6a9e95e6da6fe23b32574859", "status_code": 304, "duration_ms": 4.0}
{"timestamp": "2026-09-07T10:47:15.520849", "log_type": "api_request", "method": "GET", "path": "/static/css/dashboard.css", "user_id": "6a9e95e6da6fe23b32574859", "status_code": 304, "duration_ms": 7.0}
{"timestamp": "2026-09-07T10:47:15.522854", "log_type": "api_request", "method": "GET", "path": "/static/js/filters.js", "user_id": "6a9e95e6da6fe23b32574859", "status_code": 304, "duration_ms": 5.0}
{"timestamp": "2026-09-07T10:47:15.523848", "log_type": "api_request", "method": "GET", "path": "/static/js/dashboard.js", "user_id": "6a9e95e6da6fe23b32574859", "status_code": 200, "duration_ms": 4.0}
{"timestamp": "2026-09-07T10:47:15.529273", "log_type": "api_request", "method": "GET", "path": "/static/js/toast.js", "user_id": "6a9e95e6da6fe23b32574859", "status_code": 304, "duration_ms": 13.4}
{"timestamp": "2026-09-07T10:47:15.629850", "log_type": "api_request", "method": "GET", "path": "/api/notifications", "user_id": "6a9e95e6da6fe23b32574859", "status_code": 200, "duration_ms": 5.0}
{"timestamp": "2026-09-07T10:47:22.484135", "log_type": "api_request", "method": "POST", "path": "/auth/logout", "user_id": "6a9e95e6da6fe23b32574859", "status_code": 200, "duration_ms": 1.9}
{"timestamp": "2026-09-07T10:47:22.508669", "log_type": "api_request", "method": "GET", "path": "/login", "user_id": "anonymous", "status_code": 200, "duration_ms": 0.0}
{"timestamp": "2026-09-07T10:47:22.560135", "log_type": "api_request", "method": "GET", "path": "/static/js/toast.js", "user_id": "anonymous", "status_code": 304, "duration_ms": 4.0}
{"timestamp": "2026-09-07T10:47:22.561078", "log_type": "api_request", "method": "GET", "path": "/static/css/dashboard.css", "user_id": "anonymous", "status_code": 304, "duration_ms": 6.0}
{"timestamp": "2026-09-07T10:47:22.561078", "log_type": "api_request", "method": "GET", "path": "/static/css/main.css", "user_id": "anonymous", "status_code": 304, "duration_ms": 7.1}
{"timestamp": "2026-09-07T10:47:22.562153", "log_type": "api_request", "method": "GET", "path": "/static/js/filters.js", "user_id": "anonymous", "status_code": 304, "duration_ms": 4.0}
{"timestamp": "2026-09-07T18:39:25.550968", "log_type": "security_event", "event_type": "failed_login", "user_id": "6a9f04dd8b25f03d14d1781a", "ip": "127.0.0.1", "details": {"email": "test_citizen_qa@smartcivic.com", "attempt": 1}}
{"timestamp": "2026-09-07T18:39:25.551965", "log_type": "api_request", "method": "POST", "path": "/auth/login", "user_id": "anonymous", "status_code": 401, "duration_ms": 226.0}
{"timestamp": "2026-09-07T18:39:25.995821", "log_type": "security_event", "event_type": "login", "user_id": "6a9f04dd8b25f03d14d1781e", "ip": "127.0.0.1", "details": {}}
{"timestamp": "2026-09-07T18:39:25.996837", "log_type": "api_request", "method": "POST", "path": "/auth/login", "user_id": "anonymous", "status_code": 200, "duration_ms": 216.9}
{"timestamp": "2026-09-07T18:39:26.422118", "log_type": "api_request", "method": "POST", "path": "/auth/register", "user_id": "anonymous", "status_code": 201, "duration_ms": 213.8}
{"timestamp": "2026-09-07T18:39:26.644309", "log_type": "api_request", "method": "POST", "path": "/auth/register", "user_id": "anonymous", "status_code": 403, "duration_ms": 1.0}
{"timestamp": "2026-09-07T18:39:26.854129", "log_type": "api_request", "method": "POST", "path": "/auth/register", "user_id": "anonymous", "status_code": 201, "duration_ms": 208.8}
{"timestamp": "2026-09-07T18:39:27.113405", "log_type": "notification", "event": "complaint_created", "recipient_id": "6a9f04df8b25f03d14d1782c", "delivery_status": "delivered", "error": null}
{"timestamp": "2026-09-07T18:39:27.115520", "log_type": "notification", "event": "ai_analysis_completed", "recipient_id": "6a9f04df8b25f03d14d1782c", "delivery_status": "delivered", "error": null}
{"timestamp": "2026-09-07T18:39:27.124631", "log_type": "api_request", "method": "POST", "path": "/api/issues", "user_id": "6a9f04df8b25f03d14d1782c", "status_code": 201, "duration_ms": 51.3}
{"timestamp": "2026-09-07T18:39:27.135641", "log_type": "api_request", "method": "GET", "path": "/api/issues/6a9f04df8b25f03d14d17830", "user_id": "6a9f04df8b25f03d14d1782c", "status_code": 200, "duration_ms": 9.0}
{"timestamp": "2026-09-07T18:39:27.142646", "log_type": "api_request", "method": "POST", "path": "/api/issues/6a9f04df8b25f03d14d17830/declare-emergency", "user_id": "6a9f04df8b25f03d14d1782c", "status_code": 200, "duration_ms": 6.0}
{"timestamp": "2026-09-07T18:39:27.149151", "log_type": "api_request", "method": "POST", "path": "/api/issues/6a9f04df8b25f03d14d17830/confirm", "user_id": "6a9f04df8b25f03d14d1782d", "status_code": 200, "duration_ms": 5.5}
{"timestamp": "2026-09-07T18:39:27.389974", "log_type": "api_request", "method": "GET", "path": "/login", "user_id": "anonymous", "status_code": 200, "duration_ms": 8.0}
{"timestamp": "2026-09-07T18:39:27.393975", "log_type": "api_request", "method": "GET", "path": "/register", "user_id": "anonymous", "status_code": 200, "duration_ms": 3.0}
{"timestamp": "2026-09-07T18:39:27.398975", "log_type": "api_request", "method": "GET", "path": "/transparency", "user_id": "anonymous", "status_code": 200, "duration_ms": 4.0}
{"timestamp": "2026-09-07T18:39:27.405975", "log_type": "api_request", "method": "GET", "path": "/citizen/dashboard", "user_id": "6a9f04df8b25f03d14d17837", "status_code": 200, "duration_ms": 6.0}
{"timestamp": "2026-09-07T18:39:27.410975", "log_type": "api_request", "method": "GET", "path": "/report", "user_id": "6a9f04df8b25f03d14d17837", "status_code": 200, "duration_ms": 4.0}
{"timestamp": "2026-09-07T18:39:27.418974", "log_type": "api_request", "method": "GET", "path": "/officer/dashboard", "user_id": "6a9f04df8b25f03d14d1783a", "status_code": 200, "duration_ms": 6.0}
{"timestamp": "2026-09-07T18:39:27.423975", "log_type": "api_request", "method": "GET", "path": "/worker/dashboard", "user_id": "6a9f04df8b25f03d14d17839", "status_code": 200, "duration_ms": 4.0}
{"timestamp": "2026-09-07T18:39:27.644255", "log_type": "api_request", "method": "GET", "path": "/api/map/issues", "user_id": "6a9f04df8b25f03d14d1783e", "status_code": 200, "duration_ms": 2.0}
{"timestamp": "2026-09-07T18:39:27.647256", "log_type": "api_request", "method": "GET", "path": "/api/map/clusters", "user_id": "6a9f04df8b25f03d14d1783e", "status_code": 200, "duration_ms": 1.9}
{"timestamp": "2026-09-07T18:39:27.649296", "log_type": "api_request", "method": "GET", "path": "/api/map/heatmap", "user_id": "6a9f04df8b25f03d14d1783e", "status_code": 200, "duration_ms": 1.0}
{"timestamp": "2026-09-07T18:39:27.652255", "log_type": "api_request", "method": "GET", "path": "/api/map/workers", "user_id": "6a9f04df8b25f03d14d1783e", "status_code": 200, "duration_ms": 1.0}
{"timestamp": "2026-09-07T18:39:27.654256", "log_type": "api_request", "method": "GET", "path": "/api/public/map", "user_id": "6a9f04df8b25f03d14d1783e", "status_code": 200, "duration_ms": 1.0}
{"timestamp": "2026-09-07T18:39:27.657273", "log_type": "api_request", "method": "GET", "path": "/api/map/infrastructure", "user_id": "6a9f04df8b25f03d14d1783e", "status_code": 200, "duration_ms": 2.0}
{"timestamp": "2026-09-07T18:39:27.878105", "log_type": "api_request", "method": "GET", "path": "/api/notifications", "user_id": "6a9f04df8b25f03d14d1783f", "status_code": 200, "duration_ms": 8.0}
{"timestamp": "2026-09-07T18:39:27.882106", "log_type": "api_request", "method": "POST", "path": "/api/notifications/6a9f04df8b25f03d14d17843/read", "user_id": "6a9f04df8b25f03d14d1783f", "status_code": 200, "duration_ms": 3.0}
{"timestamp": "2026-09-07T18:39:28.108842", "log_type": "api_request", "method": "GET", "path": "/api/analytics/overview", "user_id": "6a9f04e08b25f03d14d17847", "status_code": 200, "duration_ms": 13.1}
{"timestamp": "2026-09-07T18:39:28.117904", "log_type": "api_request", "method": "GET", "path": "/api/analytics/by-ward", "user_id": "6a9f04e08b25f03d14d17847", "status_code": 200, "duration_ms": 7.1}
{"timestamp": "2026-09-07T18:39:28.124465", "log_type": "api_request", "method": "GET", "path": "/api/analytics/by-department", "user_id": "6a9f04e08b25f03d14d17847", "status_code": 200, "duration_ms": 4.6}
{"timestamp": "2026-09-07T18:39:28.128387", "log_type": "api_request", "method": "GET", "path": "/api/workers/recommend", "user_id": "6a9f04e08b25f03d14d17847", "status_code": 200, "duration_ms": 2.9}
{"timestamp": "2026-09-07T18:39:28.131393", "log_type": "api_request", "method": "POST", "path": "/api/analytics/ask", "user_id": "6a9f04e08b25f03d14d17847", "status_code": 200, "duration_ms": 2.0}
{"timestamp": "2026-09-07T18:39:29.759362", "log_type": "api_request", "method": "GET", "path": "/api/analytics/weekly-report/pdf", "user_id": "6a9f04e08b25f03d14d17847", "status_code": 200, "duration_ms": 1627.0}
{"timestamp": "2026-09-07T18:39:29.982670", "log_type": "api_request", "method": "GET", "path": "/api/analytics/overview", "user_id": "6a9f04e18b25f03d14d1784a", "status_code": 403, "duration_ms": 1.1}
{"timestamp": "2026-09-07T18:39:29.991601", "log_type": "api_request", "method": "GET", "path": "/api/analytics/overview", "user_id": "6a9f04e18b25f03d14d1784d", "status_code": 200, "duration_ms": 8.1}
{"timestamp": "2026-09-07T18:39:30.208282", "log_type": "api_request", "method": "GET", "path": "/api/health", "user_id": "anonymous", "status_code": 200, "duration_ms": 1.0}
{"timestamp": "2026-09-07T18:39:30.435305", "log_type": "api_request", "method": "GET", "path": "/api/worker/jobs", "user_id": "6a9f04e28b25f03d14d17854", "status_code": 200, "duration_ms": 4.0}
{"timestamp": "2026-09-07T18:39:30.439304", "log_type": "notification", "event": "work_started", "recipient_id": "6a9f04e28b25f03d14d17852", "delivery_status": "delivered", "error": null}
{"timestamp": "2026-09-07T18:39:30.440347", "log_type": "notification", "event": "work_started", "recipient_id": "6a9f04e28b25f03d14d17854", "delivery_status": "delivered", "error": null}
{"timestamp": "2026-09-07T18:39:30.441353", "log_type": "api_request", "method": "POST", "path": "/api/issues/6a9f04e28b25f03d14d17856/start", "user_id": "6a9f04e28b25f03d14d17854", "status_code": 200, "duration_ms": 5.0}
{"timestamp": "2026-09-07T18:39:30.444183", "log_type": "api_request", "method": "PUT", "path": "/api/workers/me/location", "user_id": "6a9f04e28b25f03d14d17854", "status_code": 200, "duration_ms": 1.8}
{"timestamp": "2026-09-07T18:39:30.785531", "log_type": "notification", "event": "work_completed", "recipient_id": "6a9f04e28b25f03d14d17852", "delivery_status": "delivered", "error": null}
{"timestamp": "2026-09-07T18:39:30.787530", "log_type": "notification", "event": "work_completed", "recipient_id": "6a9f04e28b25f03d14d17854", "delivery_status": "delivered", "error": null}
{"timestamp": "2026-09-07T18:39:30.789578", "log_type": "api_request", "method": "POST", "path": "/api/issues/6a9f04e28b25f03d14d17856/resolve", "user_id": "6a9f04e28b25f03d14d17854", "status_code": 200, "duration_ms": 266.3}
{"timestamp": "2026-09-07T18:39:31.055761", "log_type": "security_event", "event_type": "login", "user_id": "6a9e95e6da6fe23b32574859", "ip": "127.0.0.1", "details": {}}
{"timestamp": "2026-09-07T18:39:31.057674", "log_type": "api_request", "method": "POST", "path": "/auth/login", "user_id": "anonymous", "status_code": 200, "duration_ms": 213.2}
{"timestamp": "2026-09-07T18:39:32.022637", "log_type": "api_request", "method": "GET", "path": "/api/invalid-route-xyz", "user_id": "anonymous", "status_code": 404, "duration_ms": 0.0}
{"timestamp": "2026-09-07T18:39:32.024811", "log_type": "api_request", "method": "GET", "path": "/api/health", "user_id": "anonymous", "status_code": 200, "duration_ms": 0.0}
{"timestamp": "2026-09-07T18:39:32.026781", "log_type": "api_request", "method": "GET", "path": "/api/notifications", "user_id": "anonymous", "status_code": 401, "duration_ms": 0.0}
{"timestamp": "2026-09-07T18:40:15.946591", "log_type": "security_event", "event_type": "failed_login", "user_id": "6a9f050f4869dc551a8df92d", "ip": "127.0.0.1", "details": {"email": "test_citizen_qa@smartcivic.com", "attempt": 1}}
{"timestamp": "2026-09-07T18:40:15.948487", "log_type": "api_request", "method": "POST", "path": "/auth/login", "user_id": "anonymous", "status_code": 401, "duration_ms": 207.0}
{"timestamp": "2026-09-07T18:40:16.374183", "log_type": "security_event", "event_type": "login", "user_id": "6a9f05104869dc551a8df931", "ip": "127.0.0.1", "details": {}}
{"timestamp": "2026-09-07T18:40:16.375184", "log_type": "api_request", "method": "POST", "path": "/auth/login", "user_id": "anonymous", "status_code": 200, "duration_ms": 211.0}
{"timestamp": "2026-09-07T18:40:16.803780", "log_type": "api_request", "method": "POST", "path": "/auth/register", "user_id": "anonymous", "status_code": 201, "duration_ms": 205.8}
{"timestamp": "2026-09-07T18:40:17.019315", "log_type": "api_request", "method": "POST", "path": "/auth/register", "user_id": "anonymous", "status_code": 403, "duration_ms": 2.0}
{"timestamp": "2026-09-07T18:40:17.228449", "log_type": "api_request", "method": "POST", "path": "/auth/register", "user_id": "anonymous", "status_code": 201, "duration_ms": 207.9}
{"timestamp": "2026-09-07T18:40:17.461350", "log_type": "notification", "event": "complaint_created", "recipient_id": "6a9f05114869dc551a8df93f", "delivery_status": "delivered", "error": null}
{"timestamp": "2026-09-07T18:40:17.462348", "log_type": "notification", "event": "ai_analysis_completed", "recipient_id": "6a9f05114869dc551a8df93f", "delivery_status": "delivered", "error": null}
{"timestamp": "2026-09-07T18:40:17.467345", "log_type": "api_request", "method": "POST", "path": "/api/issues", "user_id": "6a9f05114869dc551a8df93f", "status_code": 201, "duration_ms": 14.9}
{"timestamp": "2026-09-07T18:40:17.473629", "log_type": "api_request", "method": "GET", "path": "/api/issues/6a9f05114869dc551a8df943", "user_id": "6a9f05114869dc551a8df93f", "status_code": 200, "duration_ms": 5.2}
{"timestamp": "2026-09-07T18:40:17.479642", "log_type": "api_request", "method": "POST", "path": "/api/issues/6a9f05114869dc551a8df943/declare-emergency", "user_id": "6a9f05114869dc551a8df93f", "status_code": 200, "duration_ms": 5.0}
{"timestamp": "2026-09-07T18:40:17.487641", "log_type": "api_request", "method": "POST", "path": "/api/issues/6a9f05114869dc551a8df943/confirm", "user_id": "6a9f05114869dc551a8df940", "status_code": 200, "duration_ms": 7.0}
{"timestamp": "2026-09-07T18:40:17.732874", "log_type": "api_request", "method": "GET", "path": "/login", "user_id": "anonymous", "status_code": 200, "duration_ms": 8.0}
{"timestamp": "2026-09-07T18:40:17.737771", "log_type": "api_request", "method": "GET", "path": "/register", "user_id": "anonymous", "status_code": 200, "duration_ms": 3.0}
{"timestamp": "2026-09-07T18:40:17.742768", "log_type": "api_request", "method": "GET", "path": "/transparency", "user_id": "anonymous", "status_code": 200, "duration_ms": 3.0}
{"timestamp": "2026-09-07T18:40:17.748768", "log_type": "api_request", "method": "GET", "path": "/citizen/dashboard", "user_id": "6a9f05114869dc551a8df94a", "status_code": 200, "duration_ms": 5.0}
{"timestamp": "2026-09-07T18:40:17.753768", "log_type": "api_request", "method": "GET", "path": "/report", "user_id": "6a9f05114869dc551a8df94a", "status_code": 200, "duration_ms": 4.0}
{"timestamp": "2026-09-07T18:40:17.760637", "log_type": "api_request", "method": "GET", "path": "/officer/dashboard", "user_id": "6a9f05114869dc551a8df94d", "status_code": 200, "duration_ms": 4.9}
{"timestamp": "2026-09-07T18:40:17.765640", "log_type": "api_request", "method": "GET", "path": "/worker/dashboard", "user_id": "6a9f05114869dc551a8df94c", "status_code": 200, "duration_ms": 4.0}
{"timestamp": "2026-09-07T18:40:17.991671", "log_type": "api_request", "method": "GET", "path": "/api/map/issues", "user_id": "6a9f05114869dc551a8df951", "status_code": 200, "duration_ms": 2.0}
{"timestamp": "2026-09-07T18:40:17.994903", "log_type": "api_request", "method": "GET", "path": "/api/map/clusters", "user_id": "6a9f05114869dc551a8df951", "status_code": 200, "duration_ms": 1.2}
{"timestamp": "2026-09-07T18:40:17.997911", "log_type": "api_request", "method": "GET", "path": "/api/map/heatmap", "user_id": "6a9f05114869dc551a8df951", "status_code": 200, "duration_ms": 2.0}
{"timestamp": "2026-09-07T18:40:17.999908", "log_type": "api_request", "method": "GET", "path": "/api/map/workers", "user_id": "6a9f05114869dc551a8df951", "status_code": 200, "duration_ms": 1.0}
{"timestamp": "2026-09-07T18:40:18.002909", "log_type": "api_request", "method": "GET", "path": "/api/public/map", "user_id": "6a9f05114869dc551a8df951", "status_code": 200, "duration_ms": 1.0}
{"timestamp": "2026-09-07T18:40:18.004909", "log_type": "api_request", "method": "GET", "path": "/api/map/infrastructure", "user_id": "6a9f05114869dc551a8df951", "status_code": 200, "duration_ms": 1.0}
{"timestamp": "2026-09-07T18:40:18.227908", "log_type": "api_request", "method": "GET", "path": "/api/notifications", "user_id": "6a9f05124869dc551a8df952", "status_code": 200, "duration_ms": 3.0}
{"timestamp": "2026-09-07T18:40:18.230910", "log_type": "api_request", "method": "POST", "path": "/api/notifications/6a9f05124869dc551a8df956/read", "user_id": "6a9f05124869dc551a8df952", "status_code": 200, "duration_ms": 2.0}
{"timestamp": "2026-09-07T18:40:18.454337", "log_type": "api_request", "method": "GET", "path": "/api/analytics/overview", "user_id": "6a9f05124869dc551a8df95a", "status_code": 200, "duration_ms": 6.9}
{"timestamp": "2026-09-07T18:40:18.459338", "log_type": "api_request", "method": "GET", "path": "/api/analytics/by-ward", "user_id": "6a9f05124869dc551a8df95a", "status_code": 200, "duration_ms": 3.0}
{"timestamp": "2026-09-07T18:40:18.462337", "log_type": "api_request", "method": "GET", "path": "/api/analytics/by-department", "user_id": "6a9f05124869dc551a8df95a", "status_code": 200, "duration_ms": 2.0}
{"timestamp": "2026-09-07T18:40:18.466339", "log_type": "api_request", "method": "GET", "path": "/api/workers/recommend", "user_id": "6a9f05124869dc551a8df95a", "status_code": 200, "duration_ms": 2.0}
{"timestamp": "2026-09-07T18:40:18.470381", "log_type": "api_request", "method": "POST", "path": "/api/analytics/ask", "user_id": "6a9f05124869dc551a8df95a", "status_code": 200, "duration_ms": 3.0}
{"timestamp": "2026-09-07T18:40:18.604007", "log_type": "api_request", "method": "GET", "path": "/api/analytics/weekly-report/pdf", "user_id": "6a9f05124869dc551a8df95a", "status_code": 200, "duration_ms": 132.6}
{"timestamp": "2026-09-07T18:40:18.825421", "log_type": "api_request", "method": "GET", "path": "/api/analytics/overview", "user_id": "6a9f05124869dc551a8df95c", "status_code": 403, "duration_ms": 1.9}
{"timestamp": "2026-09-07T18:40:18.836872", "log_type": "api_request", "method": "GET", "path": "/api/analytics/overview", "user_id": "6a9f05124869dc551a8df95f", "status_code": 200, "duration_ms": 10.4}
{"timestamp": "2026-09-07T18:40:19.048438", "log_type": "api_request", "method": "GET", "path": "/api/health", "user_id": "anonymous", "status_code": 200, "duration_ms": 1.0}
{"timestamp": "2026-09-07T18:40:19.258574", "log_type": "api_request", "method": "GET", "path": "/api/worker/jobs", "user_id": "6a9f05134869dc551a8df966", "status_code": 200, "duration_ms": 2.1}
{"timestamp": "2026-09-07T18:40:19.262509", "log_type": "notification", "event": "work_started", "recipient_id": "6a9f05134869dc551a8df964", "delivery_status": "delivered", "error": null}
{"timestamp": "2026-09-07T18:40:19.263510", "log_type": "notification", "event": "work_started", "recipient_id": "6a9f05134869dc551a8df966", "delivery_status": "delivered", "error": null}
{"timestamp": "2026-09-07T18:40:19.264509", "log_type": "api_request", "method": "POST", "path": "/api/issues/6a9f05134869dc551a8df968/start", "user_id": "6a9f05134869dc551a8df966", "status_code": 200, "duration_ms": 4.9}
{"timestamp": "2026-09-07T18:40:19.267511", "log_type": "api_request", "method": "PUT", "path": "/api/workers/me/location", "user_id": "6a9f05134869dc551a8df966", "status_code": 200, "duration_ms": 2.0}
{"timestamp": "2026-09-07T18:40:19.321589", "log_type": "notification", "event": "work_completed", "recipient_id": "6a9f05134869dc551a8df964", "delivery_status": "delivered", "error": null}
{"timestamp": "2026-09-07T18:40:19.322587", "log_type": "notification", "event": "work_completed", "recipient_id": "6a9f05134869dc551a8df966", "delivery_status": "delivered", "error": null}
{"timestamp": "2026-09-07T18:40:19.324454", "log_type": "api_request", "method": "POST", "path": "/api/issues/6a9f05134869dc551a8df968/resolve", "user_id": "6a9f05134869dc551a8df966", "status_code": 200, "duration_ms": 27.9}
{"timestamp": "2026-09-07T18:40:19.570400", "log_type": "security_event", "event_type": "login", "user_id": "6a9e95e6da6fe23b32574859", "ip": "127.0.0.1", "details": {}}
{"timestamp": "2026-09-07T18:40:19.571860", "log_type": "api_request", "method": "POST", "path": "/auth/login", "user_id": "anonymous", "status_code": 200, "duration_ms": 208.3}
{"timestamp": "2026-09-07T18:40:20.553045", "log_type": "api_request", "method": "GET", "path": "/api/invalid-route-xyz", "user_id": "anonymous", "status_code": 404, "duration_ms": 0.0}
{"timestamp": "2026-09-07T18:40:20.558045", "log_type": "api_request", "method": "GET", "path": "/api/health", "user_id": "anonymous", "status_code": 200, "duration_ms": 0.0}
{"timestamp": "2026-09-07T18:40:20.562045", "log_type": "api_request", "method": "GET", "path": "/api/notifications", "user_id": "anonymous", "status_code": 401, "duration_ms": 1.0}
{"timestamp": "2026-09-07T18:40:58.349596", "log_type": "security_event", "event_type": "failed_login", "user_id": "6a9f053a25cfab04f8a70aac", "ip": "127.0.0.1", "details": {"email": "test_citizen_qa@smartcivic.com", "attempt": 1}}
{"timestamp": "2026-09-07T18:40:58.351055", "log_type": "api_request", "method": "POST", "path": "/auth/login", "user_id": "anonymous", "status_code": 401, "duration_ms": 208.6}
{"timestamp": "2026-09-07T18:40:58.775234", "log_type": "security_event", "event_type": "login", "user_id": "6a9f053a25cfab04f8a70ab0", "ip": "127.0.0.1", "details": {}}
{"timestamp": "2026-09-07T18:40:58.776233", "log_type": "api_request", "method": "POST", "path": "/auth/login", "user_id": "anonymous", "status_code": 200, "duration_ms": 207.8}
{"timestamp": "2026-09-07T18:40:59.192054", "log_type": "api_request", "method": "POST", "path": "/auth/register", "user_id": "anonymous", "status_code": 201, "duration_ms": 204.2}
{"timestamp": "2026-09-07T18:40:59.404834", "log_type": "api_request", "method": "POST", "path": "/auth/register", "user_id": "anonymous", "status_code": 403, "duration_ms": 2.0}
{"timestamp": "2026-09-07T18:40:59.619180", "log_type": "api_request", "method": "POST", "path": "/auth/register", "user_id": "anonymous", "status_code": 201, "duration_ms": 213.3}
{"timestamp": "2026-09-07T18:40:59.842709", "log_type": "notification", "event": "complaint_created", "recipient_id": "6a9f053b25cfab04f8a70abe", "delivery_status": "delivered", "error": null}
{"timestamp": "2026-09-07T18:40:59.843709", "log_type": "notification", "event": "ai_analysis_completed", "recipient_id": "6a9f053b25cfab04f8a70abe", "delivery_status": "delivered", "error": null}
{"timestamp": "2026-09-07T18:40:59.847708", "log_type": "api_request", "method": "POST", "path": "/api/issues", "user_id": "6a9f053b25cfab04f8a70abe", "status_code": 201, "duration_ms": 14.0}
{"timestamp": "2026-09-07T18:40:59.850708", "log_type": "api_request", "method": "GET", "path": "/api/issues/6a9f053b25cfab04f8a70ac2", "user_id": "6a9f053b25cfab04f8a70abe", "status_code": 200, "duration_ms": 2.0}
{"timestamp": "2026-09-07T18:40:59.855383", "log_type": "api_request", "method": "POST", "path": "/api/issues/6a9f053b25cfab04f8a70ac2/declare-emergency", "user_id": "6a9f053b25cfab04f8a70abe", "status_code": 200, "duration_ms": 3.7}
{"timestamp": "2026-09-07T18:40:59.860059", "log_type": "api_request", "method": "POST", "path": "/api/issues/6a9f053b25cfab04f8a70ac2/confirm", "user_id": "6a9f053b25cfab04f8a70abf", "status_code": 200, "duration_ms": 3.7}
{"timestamp": "2026-09-07T18:41:00.096181", "log_type": "api_request", "method": "GET", "path": "/login", "user_id": "anonymous", "status_code": 200, "duration_ms": 13.0}
{"timestamp": "2026-09-07T18:41:00.102182", "log_type": "api_request", "method": "GET", "path": "/register", "user_id": "anonymous", "status_code": 200, "duration_ms": 4.0}
{"timestamp": "2026-09-07T18:41:00.110182", "log_type": "api_request", "method": "GET", "path": "/transparency", "user_id": "anonymous", "status_code": 200, "duration_ms": 6.0}
{"timestamp": "2026-09-07T18:41:00.120179", "log_type": "api_request", "method": "GET", "path": "/citizen/dashboard", "user_id": "6a9f053c25cfab04f8a70ac9", "status_code": 200, "duration_ms": 7.0}
{"timestamp": "2026-09-07T18:41:00.126264", "log_type": "api_request", "method": "GET", "path": "/report", "user_id": "6a9f053c25cfab04f8a70ac9", "status_code": 200, "duration_ms": 5.0}
{"timestamp": "2026-09-07T18:41:00.137232", "log_type": "api_request", "method": "GET", "path": "/officer/dashboard", "user_id": "6a9f053c25cfab04f8a70acc", "status_code": 200, "duration_ms": 9.0}
{"timestamp": "2026-09-07T18:41:00.143269", "log_type": "api_request", "method": "GET", "path": "/worker/dashboard", "user_id": "6a9f053c25cfab04f8a70acb", "status_code": 200, "duration_ms": 5.1}
{"timestamp": "2026-09-07T18:41:00.363030", "log_type": "api_request", "method": "GET", "path": "/api/map/issues", "user_id": "6a9f053c25cfab04f8a70ad0", "status_code": 200, "duration_ms": 2.2}
{"timestamp": "2026-09-07T18:41:00.365240", "log_type": "api_request", "method": "GET", "path": "/api/map/clusters", "user_id": "6a9f053c25cfab04f8a70ad0", "status_code": 200, "duration_ms": 1.1}
{"timestamp": "2026-09-07T18:41:00.368240", "log_type": "api_request", "method": "GET", "path": "/api/map/heatmap", "user_id": "6a9f053c25cfab04f8a70ad0", "status_code": 200, "duration_ms": 2.0}
{"timestamp": "2026-09-07T18:41:00.370238", "log_type": "api_request", "method": "GET", "path": "/api/map/workers", "user_id": "6a9f053c25cfab04f8a70ad0", "status_code": 200, "duration_ms": 1.0}
{"timestamp": "2026-09-07T18:41:00.373146", "log_type": "api_request", "method": "GET", "path": "/api/public/map", "user_id": "6a9f053c25cfab04f8a70ad0", "status_code": 200, "duration_ms": 1.9}
{"timestamp": "2026-09-07T18:41:00.375143", "log_type": "api_request", "method": "GET", "path": "/api/map/infrastructure", "user_id": "6a9f053c25cfab04f8a70ad0", "status_code": 200, "duration_ms": 1.0}
{"timestamp": "2026-09-07T18:41:00.591331", "log_type": "api_request", "method": "GET", "path": "/api/notifications", "user_id": "6a9f053c25cfab04f8a70ad1", "status_code": 200, "duration_ms": 2.9}
{"timestamp": "2026-09-07T18:41:00.594377", "log_type": "api_request", "method": "POST", "path": "/api/notifications/6a9f053c25cfab04f8a70ad5/read", "user_id": "6a9f053c25cfab04f8a70ad1", "status_code": 200, "duration_ms": 2.0}
{"timestamp": "2026-09-07T18:41:00.821333", "log_type": "api_request", "method": "GET", "path": "/api/analytics/overview", "user_id": "6a9f053c25cfab04f8a70ad9", "status_code": 200, "duration_ms": 7.9}
{"timestamp": "2026-09-07T18:41:00.825589", "log_type": "api_request", "method": "GET", "path": "/api/analytics/by-ward", "user_id": "6a9f053c25cfab04f8a70ad9", "status_code": 200, "duration_ms": 3.3}
{"timestamp": "2026-09-07T18:41:00.828857", "log_type": "api_request", "method": "GET", "path": "/api/analytics/by-department", "user_id": "6a9f053c25cfab04f8a70ad9", "status_code": 200, "duration_ms": 2.1}
{"timestamp": "2026-09-07T18:41:00.831857", "log_type": "api_request", "method": "GET", "path": "/api/workers/recommend", "user_id": "6a9f053c25cfab04f8a70ad9", "status_code": 200, "duration_ms": 2.0}
{"timestamp": "2026-09-07T18:41:00.834829", "log_type": "api_request", "method": "POST", "path": "/api/analytics/ask", "user_id": "6a9f053c25cfab04f8a70ad9", "status_code": 200, "duration_ms": 2.1}
{"timestamp": "2026-09-07T18:41:00.957774", "log_type": "api_request", "method": "GET", "path": "/api/analytics/weekly-report/pdf", "user_id": "6a9f053c25cfab04f8a70ad9", "status_code": 200, "duration_ms": 121.9}
{"timestamp": "2026-09-07T18:41:01.169757", "log_type": "api_request", "method": "GET", "path": "/api/analytics/overview", "user_id": "6a9f053d25cfab04f8a70adb", "status_code": 403, "duration_ms": 1.0}
{"timestamp": "2026-09-07T18:41:01.178756", "log_type": "api_request", "method": "GET", "path": "/api/analytics/overview", "user_id": "6a9f053d25cfab04f8a70ade", "status_code": 200, "duration_ms": 8.0}
{"timestamp": "2026-09-07T18:41:01.403007", "log_type": "api_request", "method": "GET", "path": "/api/health", "user_id": "anonymous", "status_code": 200, "duration_ms": 2.0}
{"timestamp": "2026-09-07T18:41:01.622005", "log_type": "api_request", "method": "GET", "path": "/api/worker/jobs", "user_id": "6a9f053d25cfab04f8a70ae5", "status_code": 200, "duration_ms": 2.0}
{"timestamp": "2026-09-07T18:41:01.626105", "log_type": "notification", "event": "work_started", "recipient_id": "6a9f053d25cfab04f8a70ae3", "delivery_status": "delivered", "error": null}
{"timestamp": "2026-09-07T18:41:01.626954", "log_type": "notification", "event": "work_started", "recipient_id": "6a9f053d25cfab04f8a70ae5", "delivery_status": "delivered", "error": null}
{"timestamp": "2026-09-07T18:41:01.626954", "log_type": "api_request", "method": "POST", "path": "/api/issues/6a9f053d25cfab04f8a70ae7/start", "user_id": "6a9f053d25cfab04f8a70ae5", "status_code": 200, "duration_ms": 3.9}
{"timestamp": "2026-09-07T18:41:01.629958", "log_type": "api_request", "method": "PUT", "path": "/api/workers/me/location", "user_id": "6a9f053d25cfab04f8a70ae5", "status_code": 200, "duration_ms": 1.0}
{"timestamp": "2026-09-07T18:41:01.683002", "log_type": "notification", "event": "work_completed", "recipient_id": "6a9f053d25cfab04f8a70ae3", "delivery_status": "delivered", "error": null}
{"timestamp": "2026-09-07T18:41:01.684003", "log_type": "notification", "event": "work_completed", "recipient_id": "6a9f053d25cfab04f8a70ae5", "delivery_status": "delivered", "error": null}
{"timestamp": "2026-09-07T18:41:01.686003", "log_type": "api_request", "method": "POST", "path": "/api/issues/6a9f053d25cfab04f8a70ae7/resolve", "user_id": "6a9f053d25cfab04f8a70ae5", "status_code": 200, "duration_ms": 25.7}
{"timestamp": "2026-09-07T18:41:01.931838", "log_type": "security_event", "event_type": "login", "user_id": "6a9e95e6da6fe23b32574859", "ip": "127.0.0.1", "details": {}}
{"timestamp": "2026-09-07T18:41:01.932837", "log_type": "api_request", "method": "POST", "path": "/auth/login", "user_id": "anonymous", "status_code": 200, "duration_ms": 210.0}
{"timestamp": "2026-09-07T18:41:02.883878", "log_type": "api_request", "method": "GET", "path": "/api/invalid-route-xyz", "user_id": "anonymous", "status_code": 404, "duration_ms": 0.0}
{"timestamp": "2026-09-07T18:41:02.885891", "log_type": "api_request", "method": "GET", "path": "/api/health", "user_id": "anonymous", "status_code": 200, "duration_ms": 0.0}
{"timestamp": "2026-09-07T18:41:02.887859", "log_type": "api_request", "method": "GET", "path": "/api/notifications", "user_id": "anonymous", "status_code": 401, "duration_ms": 0.0}
{"timestamp": "2026-09-07T18:41:04.654664", "log_type": "api_request", "method": "GET", "path": "/login", "user_id": "anonymous", "status_code": 200, "duration_ms": 9.0}
{"timestamp": "2026-09-07T18:41:04.658666", "log_type": "api_request", "method": "GET", "path": "/register", "user_id": "anonymous", "status_code": 200, "duration_ms": 2.0}
{"timestamp": "2026-09-07T18:41:35.833865", "log_type": "api_request", "method": "GET", "path": "/api/invalid-route-xyz", "user_id": "anonymous", "status_code": 404, "duration_ms": 0.0}
{"timestamp": "2026-09-07T18:41:35.838865", "log_type": "api_request", "method": "GET", "path": "/api/health", "user_id": "anonymous", "status_code": 200, "duration_ms": 0.0}
{"timestamp": "2026-09-07T18:41:35.842868", "log_type": "api_request", "method": "GET", "path": "/api/notifications", "user_id": "anonymous", "status_code": 401, "duration_ms": 0.0}
{"timestamp": "2026-09-07T18:41:36.304989", "log_type": "security_event", "event_type": "failed_login", "user_id": "6a9f0560f9aa4b5847e62026", "ip": "127.0.0.1", "details": {"email": "test_citizen_qa@smartcivic.com", "attempt": 1}}
{"timestamp": "2026-09-07T18:41:36.304989", "log_type": "api_request", "method": "POST", "path": "/auth/login", "user_id": "anonymous", "status_code": 401, "duration_ms": 205.8}
{"timestamp": "2026-09-07T18:41:36.728224", "log_type": "security_event", "event_type": "login", "user_id": "6a9f0560f9aa4b5847e6202a", "ip": "127.0.0.1", "details": {}}
{"timestamp": "2026-09-07T18:41:36.729288", "log_type": "api_request", "method": "POST", "path": "/auth/login", "user_id": "anonymous", "status_code": 200, "duration_ms": 206.9}
{"timestamp": "2026-09-07T18:41:37.151925", "log_type": "api_request", "method": "POST", "path": "/auth/register", "user_id": "anonymous", "status_code": 201, "duration_ms": 208.9}
{"timestamp": "2026-09-07T18:41:37.365895", "log_type": "api_request", "method": "POST", "path": "/auth/register", "user_id": "anonymous", "status_code": 403, "duration_ms": 1.0}
{"timestamp": "2026-09-07T18:41:37.367896", "log_type": "api_request", "method": "POST", "path": "/auth/register", "user_id": "anonymous", "status_code": 403, "duration_ms": 1.0}
{"timestamp": "2026-09-07T18:41:37.851667", "log_type": "notification", "event": "complaint_created", "recipient_id": "6a9f0561f9aa4b5847e62037", "delivery_status": "delivered", "error": null}
{"timestamp": "2026-09-07T18:41:37.852662", "log_type": "notification", "event": "ai_analysis_completed", "recipient_id": "6a9f0561f9aa4b5847e62037", "delivery_status": "delivered", "error": null}
{"timestamp": "2026-09-07T18:41:37.856904", "log_type": "api_request", "method": "POST", "path": "/api/issues", "user_id": "6a9f0561f9aa4b5847e62037", "status_code": 201, "duration_ms": 13.2}
{"timestamp": "2026-09-07T18:41:37.861904", "log_type": "api_request", "method": "GET", "path": "/api/issues/6a9f0561f9aa4b5847e6203b", "user_id": "6a9f0561f9aa4b5847e62037", "status_code": 200, "duration_ms": 4.0}
{"timestamp": "2026-09-07T18:41:37.866902", "log_type": "api_request", "method": "POST", "path": "/api/issues/6a9f0561f9aa4b5847e6203b/declare-emergency", "user_id": "6a9f0561f9aa4b5847e62037", "status_code": 200, "duration_ms": 4.0}
{"timestamp": "2026-09-07T18:41:37.872852", "log_type": "api_request", "method": "POST", "path": "/api/issues/6a9f0561f9aa4b5847e6203b/confirm", "user_id": "6a9f0561f9aa4b5847e62038", "status_code": 200, "duration_ms": 4.9}
{"timestamp": "2026-09-07T18:41:38.087989", "log_type": "api_request", "method": "GET", "path": "/login", "user_id": "anonymous", "status_code": 200, "duration_ms": 7.0}
{"timestamp": "2026-09-07T18:41:38.090994", "log_type": "api_request", "method": "GET", "path": "/register", "user_id": "anonymous", "status_code": 200, "duration_ms": 2.0}
{"timestamp": "2026-09-07T18:41:38.094990", "log_type": "api_request", "method": "GET", "path": "/transparency", "user_id": "anonymous", "status_code": 200, "duration_ms": 3.0}
{"timestamp": "2026-09-07T18:41:38.099973", "log_type": "api_request", "method": "GET", "path": "/citizen/dashboard", "user_id": "6a9f0562f9aa4b5847e62042", "status_code": 200, "duration_ms": 4.0}
{"timestamp": "2026-09-07T18:41:38.103990", "log_type": "api_request", "method": "GET", "path": "/report", "user_id": "6a9f0562f9aa4b5847e62042", "status_code": 200, "duration_ms": 3.0}
{"timestamp": "2026-09-07T18:41:38.109974", "log_type": "api_request", "method": "GET", "path": "/officer/dashboard", "user_id": "6a9f0562f9aa4b5847e62045", "status_code": 200, "duration_ms": 4.0}
{"timestamp": "2026-09-07T18:41:38.113977", "log_type": "api_request", "method": "GET", "path": "/worker/dashboard", "user_id": "6a9f0562f9aa4b5847e62044", "status_code": 200, "duration_ms": 3.0}
{"timestamp": "2026-09-07T18:41:38.332507", "log_type": "api_request", "method": "GET", "path": "/api/map/issues", "user_id": "6a9f0562f9aa4b5847e62049", "status_code": 200, "duration_ms": 2.0}
{"timestamp": "2026-09-07T18:41:38.334507", "log_type": "api_request", "method": "GET", "path": "/api/map/clusters", "user_id": "6a9f0562f9aa4b5847e62049", "status_code": 200, "duration_ms": 1.0}
{"timestamp": "2026-09-07T18:41:38.337507", "log_type": "api_request", "method": "GET", "path": "/api/map/heatmap", "user_id": "6a9f0562f9aa4b5847e62049", "status_code": 200, "duration_ms": 2.0}
{"timestamp": "2026-09-07T18:41:38.339506", "log_type": "api_request", "method": "GET", "path": "/api/map/workers", "user_id": "6a9f0562f9aa4b5847e62049", "status_code": 200, "duration_ms": 1.0}
{"timestamp": "2026-09-07T18:41:38.342506", "log_type": "api_request", "method": "GET", "path": "/api/public/map", "user_id": "6a9f0562f9aa4b5847e62049", "status_code": 200, "duration_ms": 2.0}
{"timestamp": "2026-09-07T18:41:38.345506", "log_type": "api_request", "method": "GET", "path": "/api/map/infrastructure", "user_id": "6a9f0562f9aa4b5847e62049", "status_code": 200, "duration_ms": 2.0}
{"timestamp": "2026-09-07T18:41:38.563594", "log_type": "api_request", "method": "GET", "path": "/api/notifications", "user_id": "6a9f0562f9aa4b5847e6204a", "status_code": 200, "duration_ms": 4.0}
{"timestamp": "2026-09-07T18:41:38.566627", "log_type": "api_request", "method": "POST", "path": "/api/notifications/6a9f0562f9aa4b5847e6204e/read", "user_id": "6a9f0562f9aa4b5847e6204a", "status_code": 200, "duration_ms": 2.0}
{"timestamp": "2026-09-07T18:41:38.782650", "log_type": "api_request", "method": "GET", "path": "/api/analytics/overview", "user_id": "6a9f0562f9aa4b5847e62052", "status_code": 200, "duration_ms": 7.9}
{"timestamp": "2026-09-07T18:41:38.785662", "log_type": "api_request", "method": "GET", "path": "/api/analytics/by-ward", "user_id": "6a9f0562f9aa4b5847e62052", "status_code": 200, "duration_ms": 2.0}
{"timestamp": "2026-09-07T18:41:38.788651", "log_type": "api_request", "method": "GET", "path": "/api/analytics/by-department", "user_id": "6a9f0562f9aa4b5847e62052", "status_code": 200, "duration_ms": 2.0}
{"timestamp": "2026-09-07T18:41:38.791650", "log_type": "api_request", "method": "GET", "path": "/api/workers/recommend", "user_id": "6a9f0562f9aa4b5847e62052", "status_code": 200, "duration_ms": 2.0}
{"timestamp": "2026-09-07T18:41:38.794652", "log_type": "api_request", "method": "POST", "path": "/api/analytics/ask", "user_id": "6a9f0562f9aa4b5847e62052", "status_code": 200, "duration_ms": 2.0}
{"timestamp": "2026-09-07T18:41:38.893651", "log_type": "api_request", "method": "GET", "path": "/api/analytics/weekly-report/pdf", "user_id": "6a9f0562f9aa4b5847e62052", "status_code": 200, "duration_ms": 98.0}
{"timestamp": "2026-09-07T18:41:39.110656", "log_type": "api_request", "method": "GET", "path": "/api/analytics/overview", "user_id": "6a9f0563f9aa4b5847e62054", "status_code": 403, "duration_ms": 0.3}
{"timestamp": "2026-09-07T18:41:39.119672", "log_type": "api_request", "method": "GET", "path": "/api/analytics/overview", "user_id": "6a9f0563f9aa4b5847e62057", "status_code": 200, "duration_ms": 8.0}
{"timestamp": "2026-09-07T18:41:39.331599", "log_type": "api_request", "method": "GET", "path": "/api/health", "user_id": "anonymous", "status_code": 200, "duration_ms": 1.0}
{"timestamp": "2026-09-07T18:41:39.545993", "log_type": "api_request", "method": "GET", "path": "/api/worker/jobs", "user_id": "6a9f0563f9aa4b5847e6205e", "status_code": 200, "duration_ms": 2.0}
{"timestamp": "2026-09-07T18:41:39.550037", "log_type": "notification", "event": "work_started", "recipient_id": "6a9f0563f9aa4b5847e6205c", "delivery_status": "delivered", "error": null}
{"timestamp": "2026-09-07T18:41:39.550992", "log_type": "notification", "event": "work_started", "recipient_id": "6a9f0563f9aa4b5847e6205e", "delivery_status": "delivered", "error": null}
{"timestamp": "2026-09-07T18:41:39.551992", "log_type": "api_request", "method": "POST", "path": "/api/issues/6a9f0563f9aa4b5847e62060/start", "user_id": "6a9f0563f9aa4b5847e6205e", "status_code": 200, "duration_ms": 5.0}
{"timestamp": "2026-09-07T18:41:39.555091", "log_type": "api_request", "method": "PUT", "path": "/api/workers/me/location", "user_id": "6a9f0563f9aa4b5847e6205e", "status_code": 200, "duration_ms": 2.1}
{"timestamp": "2026-09-07T18:41:39.604804", "log_type": "notification", "event": "work_completed", "recipient_id": "6a9f0563f9aa4b5847e6205c", "delivery_status": "delivered", "error": null}
{"timestamp": "2026-09-07T18:41:39.605802", "log_type": "notification", "event": "work_completed", "recipient_id": "6a9f0563f9aa4b5847e6205e", "delivery_status": "delivered", "error": null}
{"timestamp": "2026-09-07T18:41:39.607801", "log_type": "api_request", "method": "POST", "path": "/api/issues/6a9f0563f9aa4b5847e62060/resolve", "user_id": "6a9f0563f9aa4b5847e6205e", "status_code": 200, "duration_ms": 23.0}
{"timestamp": "2026-09-07T18:41:49.105300", "log_type": "api_request", "method": "GET", "path": "/api/invalid-route-xyz", "user_id": "anonymous", "status_code": 404, "duration_ms": 0.0}
{"timestamp": "2026-09-07T18:41:49.109483", "log_type": "api_request", "method": "GET", "path": "/api/health", "user_id": "anonymous", "status_code": 200, "duration_ms": 0.9}
{"timestamp": "2026-09-07T18:41:49.111585", "log_type": "api_request", "method": "GET", "path": "/api/notifications", "user_id": "anonymous", "status_code": 401, "duration_ms": 0.0}
{"timestamp": "2026-09-07T18:41:49.566384", "log_type": "security_event", "event_type": "failed_login", "user_id": "6a9f056d7279fa55c33ded8e", "ip": "127.0.0.1", "details": {"email": "test_citizen_qa@smartcivic.com", "attempt": 1}}
{"timestamp": "2026-09-07T18:41:49.567401", "log_type": "api_request", "method": "POST", "path": "/auth/login", "user_id": "anonymous", "status_code": 401, "duration_ms": 207.9}
{"timestamp": "2026-09-07T18:41:49.974911", "log_type": "security_event", "event_type": "login", "user_id": "6a9f056d7279fa55c33ded92", "ip": "127.0.0.1", "details": {}}
{"timestamp": "2026-09-07T18:41:49.976006", "log_type": "api_request", "method": "POST", "path": "/auth/login", "user_id": "anonymous", "status_code": 200, "duration_ms": 202.0}
{"timestamp": "2026-09-07T18:41:50.387403", "log_type": "api_request", "method": "POST", "path": "/auth/register", "user_id": "anonymous", "status_code": 201, "duration_ms": 204.9}
{"timestamp": "2026-09-07T18:41:50.595984", "log_type": "api_request", "method": "POST", "path": "/auth/register", "user_id": "anonymous", "status_code": 403, "duration_ms": 2.0}
{"timestamp": "2026-09-07T18:41:50.796553", "log_type": "api_request", "method": "POST", "path": "/auth/register", "user_id": "anonymous", "status_code": 201, "duration_ms": 199.6}
{"timestamp": "2026-09-07T18:41:51.030586", "log_type": "notification", "event": "complaint_created", "recipient_id": "6a9f056f7279fa55c33deda0", "delivery_status": "delivered", "error": null}
{"timestamp": "2026-09-07T18:41:51.031582", "log_type": "notification", "event": "ai_analysis_completed", "recipient_id": "6a9f056f7279fa55c33deda0", "delivery_status": "delivered", "error": null}
{"timestamp": "2026-09-07T18:41:51.034582", "log_type": "api_request", "method": "POST", "path": "/api/issues", "user_id": "6a9f056f7279fa55c33deda0", "status_code": 201, "duration_ms": 12.1}
{"timestamp": "2026-09-07T18:41:51.039583", "log_type": "api_request", "method": "GET", "path": "/api/issues/6a9f056f7279fa55c33deda4", "user_id": "6a9f056f7279fa55c33deda0", "status_code": 200, "duration_ms": 4.0}
{"timestamp": "2026-09-07T18:41:51.042582", "log_type": "api_request", "method": "POST", "path": "/api/issues/6a9f056f7279fa55c33deda4/declare-emergency", "user_id": "6a9f056f7279fa55c33deda0", "status_code": 200, "duration_ms": 2.0}
{"timestamp": "2026-09-07T18:41:51.047950", "log_type": "api_request", "method": "POST", "path": "/api/issues/6a9f056f7279fa55c33deda4/confirm", "user_id": "6a9f056f7279fa55c33deda1", "status_code": 200, "duration_ms": 4.4}
{"timestamp": "2026-09-07T18:41:51.267190", "log_type": "api_request", "method": "GET", "path": "/login", "user_id": "anonymous", "status_code": 200, "duration_ms": 7.0}
{"timestamp": "2026-09-07T18:41:51.270243", "log_type": "api_request", "method": "GET", "path": "/register", "user_id": "anonymous", "status_code": 200, "duration_ms": 2.0}
{"timestamp": "2026-09-07T18:41:51.274258", "log_type": "api_request", "method": "GET", "path": "/transparency", "user_id": "anonymous", "status_code": 200, "duration_ms": 3.1}
{"timestamp": "2026-09-07T18:41:51.279184", "log_type": "api_request", "method": "GET", "path": "/citizen/dashboard", "user_id": "6a9f056f7279fa55c33dedab", "status_code": 200, "duration_ms": 3.9}
{"timestamp": "2026-09-07T18:41:51.283182", "log_type": "api_request", "method": "GET", "path": "/report", "user_id": "6a9f056f7279fa55c33dedab", "status_code": 200, "duration_ms": 2.9}
{"timestamp": "2026-09-07T18:41:51.288624", "log_type": "api_request", "method": "GET", "path": "/officer/dashboard", "user_id": "6a9f056f7279fa55c33dedae", "status_code": 200, "duration_ms": 4.1}
{"timestamp": "2026-09-07T18:41:51.292609", "log_type": "api_request", "method": "GET", "path": "/worker/dashboard", "user_id": "6a9f056f7279fa55c33dedad", "status_code": 200, "duration_ms": 3.0}
{"timestamp": "2026-09-07T18:41:51.506400", "log_type": "api_request", "method": "GET", "path": "/api/map/issues", "user_id": "6a9f056f7279fa55c33dedb2", "status_code": 200, "duration_ms": 2.0}
{"timestamp": "2026-09-07T18:41:51.508400", "log_type": "api_request", "method": "GET", "path": "/api/map/clusters", "user_id": "6a9f056f7279fa55c33dedb2", "status_code": 200, "duration_ms": 1.0}
{"timestamp": "2026-09-07T18:41:51.511400", "log_type": "api_request", "method": "GET", "path": "/api/map/heatmap", "user_id": "6a9f056f7279fa55c33dedb2", "status_code": 200, "duration_ms": 2.0}
{"timestamp": "2026-09-07T18:41:51.513401", "log_type": "api_request", "method": "GET", "path": "/api/map/workers", "user_id": "6a9f056f7279fa55c33dedb2", "status_code": 200, "duration_ms": 2.0}
{"timestamp": "2026-09-07T18:41:51.515401", "log_type": "api_request", "method": "GET", "path": "/api/public/map", "user_id": "6a9f056f7279fa55c33dedb2", "status_code": 200, "duration_ms": 0.9}
{"timestamp": "2026-09-07T18:41:51.518400", "log_type": "api_request", "method": "GET", "path": "/api/map/infrastructure", "user_id": "6a9f056f7279fa55c33dedb2", "status_code": 200, "duration_ms": 1.0}
{"timestamp": "2026-09-07T18:41:51.741664", "log_type": "api_request", "method": "GET", "path": "/api/notifications", "user_id": "6a9f056f7279fa55c33dedb3", "status_code": 200, "duration_ms": 3.0}
{"timestamp": "2026-09-07T18:41:51.743664", "log_type": "api_request", "method": "POST", "path": "/api/notifications/6a9f056f7279fa55c33dedb7/read", "user_id": "6a9f056f7279fa55c33dedb3", "status_code": 200, "duration_ms": 1.0}
{"timestamp": "2026-09-07T18:41:51.967970", "log_type": "api_request", "method": "GET", "path": "/api/analytics/overview", "user_id": "6a9f056f7279fa55c33dedbb", "status_code": 200, "duration_ms": 8.9}
{"timestamp": "2026-09-07T18:41:51.971969", "log_type": "api_request", "method": "GET", "path": "/api/analytics/by-ward", "user_id": "6a9f056f7279fa55c33dedbb", "status_code": 200, "duration_ms": 3.0}
{"timestamp": "2026-09-07T18:41:51.974969", "log_type": "api_request", "method": "GET", "path": "/api/analytics/by-department", "user_id": "6a9f056f7279fa55c33dedbb", "status_code": 200, "duration_ms": 2.0}
{"timestamp": "2026-09-07T18:41:51.977970", "log_type": "api_request", "method": "GET", "path": "/api/workers/recommend", "user_id": "6a9f056f7279fa55c33dedbb", "status_code": 200, "duration_ms": 2.0}
{"timestamp": "2026-09-07T18:41:51.980968", "log_type": "api_request", "method": "POST", "path": "/api/analytics/ask", "user_id": "6a9f056f7279fa55c33dedbb", "status_code": 200, "duration_ms": 2.0}
{"timestamp": "2026-09-07T18:41:52.085193", "log_type": "api_request", "method": "GET", "path": "/api/analytics/weekly-report/pdf", "user_id": "6a9f056f7279fa55c33dedbb", "status_code": 200, "duration_ms": 103.2}
{"timestamp": "2026-09-07T18:41:52.300102", "log_type": "api_request", "method": "GET", "path": "/api/analytics/overview", "user_id": "6a9f05707279fa55c33dedbd", "status_code": 403, "duration_ms": 0.9}
{"timestamp": "2026-09-07T18:41:52.310104", "log_type": "api_request", "method": "GET", "path": "/api/analytics/overview", "user_id": "6a9f05707279fa55c33dedc0", "status_code": 200, "duration_ms": 8.0}
{"timestamp": "2026-09-07T18:41:52.523819", "log_type": "api_request", "method": "GET", "path": "/api/health", "user_id": "anonymous", "status_code": 200, "duration_ms": 0.9}
{"timestamp": "2026-09-07T18:41:52.734817", "log_type": "api_request", "method": "GET", "path": "/api/worker/jobs", "user_id": "6a9f05707279fa55c33dedc7", "status_code": 200, "duration_ms": 2.0}
{"timestamp": "2026-09-07T18:41:52.739817", "log_type": "notification", "event": "work_started", "recipient_id": "6a9f05707279fa55c33dedc5", "delivery_status": "delivered", "error": null}
{"timestamp": "2026-09-07T18:41:52.740989", "log_type": "notification", "event": "work_started", "recipient_id": "6a9f05707279fa55c33dedc7", "delivery_status": "delivered", "error": null}
{"timestamp": "2026-09-07T18:41:52.742007", "log_type": "api_request", "method": "POST", "path": "/api/issues/6a9f05707279fa55c33dedc9/start", "user_id": "6a9f05707279fa55c33dedc7", "status_code": 200, "duration_ms": 6.2}
{"timestamp": "2026-09-07T18:41:52.745433", "log_type": "api_request", "method": "PUT", "path": "/api/workers/me/location", "user_id": "6a9f05707279fa55c33dedc7", "status_code": 200, "duration_ms": 2.4}
{"timestamp": "2026-09-07T18:41:52.791698", "log_type": "notification", "event": "work_completed", "recipient_id": "6a9f05707279fa55c33dedc5", "delivery_status": "delivered", "error": null}
{"timestamp": "2026-09-07T18:41:52.792699", "log_type": "notification", "event": "work_completed", "recipient_id": "6a9f05707279fa55c33dedc7", "delivery_status": "delivered", "error": null}
{"timestamp": "2026-09-07T18:41:52.794702", "log_type": "api_request", "method": "POST", "path": "/api/issues/6a9f05707279fa55c33dedc9/resolve", "user_id": "6a9f05707279fa55c33dedc7", "status_code": 200, "duration_ms": 20.8}
{"timestamp": "2026-09-07T18:43:37.245146", "log_type": "api_request", "method": "GET", "path": "/", "user_id": "anonymous", "status_code": 302, "duration_ms": 0.0}
{"timestamp": "2026-09-07T18:43:37.290287", "log_type": "api_request", "method": "GET", "path": "/login", "user_id": "anonymous", "status_code": 200, "duration_ms": 20.0}
{"timestamp": "2026-09-07T18:43:37.633386", "log_type": "api_request", "method": "GET", "path": "/static/css/dashboard.css", "user_id": "anonymous", "status_code": 304, "duration_ms": 248.2}
{"timestamp": "2026-09-07T18:43:37.640414", "log_type": "api_request", "method": "GET", "path": "/static/js/filters.js", "user_id": "anonymous", "status_code": 304, "duration_ms": 254.2}
{"timestamp": "2026-09-07T18:43:37.642823", "log_type": "api_request", "method": "GET", "path": "/static/js/toast.js", "user_id": "anonymous", "status_code": 304, "duration_ms": 257.6}
{"timestamp": "2026-09-07T18:43:37.645845", "log_type": "api_request", "method": "GET", "path": "/static/css/main.css", "user_id": "anonymous", "status_code": 200, "duration_ms": 261.6}
{"timestamp": "2026-09-07T18:43:54.901554", "log_type": "security_event", "event_type": "login", "user_id": "6a9e95e6da6fe23b32574859", "ip": "127.0.0.1", "details": {}}
{"timestamp": "2026-09-07T18:43:54.906527", "log_type": "api_request", "method": "POST", "path": "/auth/login", "user_id": "anonymous", "status_code": 200, "duration_ms": 288.4}
{"timestamp": "2026-09-07T18:43:55.957907", "log_type": "api_request", "method": "GET", "path": "/officer/dashboard", "user_id": "6a9e95e6da6fe23b32574859", "status_code": 200, "duration_ms": 12.8}
{"timestamp": "2026-09-07T18:43:56.011561", "log_type": "api_request", "method": "GET", "path": "/static/css/main.css", "user_id": "6a9e95e6da6fe23b32574859", "status_code": 304, "duration_ms": 3.0}
{"timestamp": "2026-09-07T18:43:56.020561", "log_type": "api_request", "method": "GET", "path": "/static/css/dashboard.css", "user_id": "6a9e95e6da6fe23b32574859", "status_code": 304, "duration_ms": 8.0}
{"timestamp": "2026-09-07T18:43:56.022561", "log_type": "api_request", "method": "GET", "path": "/static/js/dashboard.js", "user_id": "6a9e95e6da6fe23b32574859", "status_code": 304, "duration_ms": 4.0}
{"timestamp": "2026-09-07T18:43:56.028560", "log_type": "api_request", "method": "GET", "path": "/static/js/toast.js", "user_id": "6a9e95e6da6fe23b32574859", "status_code": 304, "duration_ms": 14.0}
{"timestamp": "2026-09-07T18:43:56.029562", "log_type": "api_request", "method": "GET", "path": "/static/js/filters.js", "user_id": "6a9e95e6da6fe23b32574859", "status_code": 304, "duration_ms": 13.0}
{"timestamp": "2026-09-07T18:43:56.076195", "log_type": "api_request", "method": "GET", "path": "/api/notifications", "user_id": "6a9e95e6da6fe23b32574859", "status_code": 200, "duration_ms": 7.0}
{"timestamp": "2026-09-07T18:44:05.398285", "log_type": "api_request", "method": "POST", "path": "/auth/logout", "user_id": "6a9e95e6da6fe23b32574859", "status_code": 200, "duration_ms": 3.0}
{"timestamp": "2026-09-07T18:44:05.419287", "log_type": "api_request", "method": "GET", "path": "/login", "user_id": "anonymous", "status_code": 200, "duration_ms": 1.0}
{"timestamp": "2026-09-07T18:44:05.462865", "log_type": "api_request", "method": "GET", "path": "/static/css/main.css", "user_id": "anonymous", "status_code": 304, "duration_ms": 2.2}
{"timestamp": "2026-09-07T18:44:05.462865", "log_type": "api_request", "method": "GET", "path": "/static/css/dashboard.css", "user_id": "anonymous", "status_code": 304, "duration_ms": 2.2}
{"timestamp": "2026-09-07T18:44:05.465960", "log_type": "api_request", "method": "GET", "path": "/static/js/toast.js", "user_id": "anonymous", "status_code": 304, "duration_ms": 2.0}
{"timestamp": "2026-09-07T18:44:05.466955", "log_type": "api_request", "method": "GET", "path": "/static/js/filters.js", "user_id": "anonymous", "status_code": 304, "duration_ms": 1.0}
{"timestamp": "2026-09-07T18:46:36.261560", "log_type": "api_request", "method": "GET", "path": "/map", "user_id": "anonymous", "status_code": 200, "duration_ms": 7.0}
{"timestamp": "2026-09-07T18:46:36.289129", "log_type": "api_request", "method": "GET", "path": "/api/public/map", "user_id": "anonymous", "status_code": 200, "duration_ms": 26.6}
{"timestamp": "2026-09-07T18:46:45.055916", "log_type": "api_request", "method": "GET", "path": "/map", "user_id": "anonymous", "status_code": 200, "duration_ms": 6.0}
{"timestamp": "2026-09-07T18:46:45.078033", "log_type": "api_request", "method": "GET", "path": "/api/public/map", "user_id": "anonymous", "status_code": 200, "duration_ms": 20.1}
{"timestamp": "2026-09-08T01:08:30.806344", "log_type": "api_request", "method": "GET", "path": "/favicon.ico", "user_id": "anonymous", "status_code": 404, "duration_ms": 21.8}
{"timestamp": "2026-09-08T01:08:40.657270", "log_type": "security_event", "event_type": "login", "user_id": "6a9e95e6da6fe23b32574859", "ip": "127.0.0.1", "details": {}}
{"timestamp": "2026-09-08T01:08:40.662266", "log_type": "api_request", "method": "POST", "path": "/auth/login", "user_id": "anonymous", "status_code": 200, "duration_ms": 261.3}
{"timestamp": "2026-09-08T01:08:41.717029", "log_type": "api_request", "method": "GET", "path": "/officer/dashboard", "user_id": "6a9e95e6da6fe23b32574859", "status_code": 200, "duration_ms": 20.7}
{"timestamp": "2026-09-08T01:08:42.085605", "log_type": "api_request", "method": "GET", "path": "/static/css/main.css", "user_id": "6a9e95e6da6fe23b32574859", "status_code": 200, "duration_ms": 327.2}
{"timestamp": "2026-09-08T01:08:42.089607", "log_type": "api_request", "method": "GET", "path": "/static/js/dashboard.js", "user_id": "6a9e95e6da6fe23b32574859", "status_code": 304, "duration_ms": 325.2}
{"timestamp": "2026-09-08T01:08:42.098566", "log_type": "api_request", "method": "GET", "path": "/static/css/dashboard.css", "user_id": "6a9e95e6da6fe23b32574859", "status_code": 304, "duration_ms": 338.1}
{"timestamp": "2026-09-08T01:08:42.102336", "log_type": "api_request", "method": "GET", "path": "/static/js/filters.js", "user_id": "6a9e95e6da6fe23b32574859", "status_code": 304, "duration_ms": 338.9}
{"timestamp": "2026-09-08T01:08:42.107419", "log_type": "api_request", "method": "GET", "path": "/static/js/toast.js", "user_id": "6a9e95e6da6fe23b32574859", "status_code": 304, "duration_ms": 345.0}
{"timestamp": "2026-09-08T01:08:42.381276", "log_type": "api_request", "method": "GET", "path": "/api/notifications", "user_id": "6a9e95e6da6fe23b32574859", "status_code": 200, "duration_ms": 31.3}
{"timestamp": "2026-09-08T01:08:45.780942", "log_type": "api_request", "method": "POST", "path": "/auth/logout", "user_id": "6a9e95e6da6fe23b32574859", "status_code": 200, "duration_ms": 1.0}
{"timestamp": "2026-09-08T01:08:45.802256", "log_type": "api_request", "method": "GET", "path": "/login", "user_id": "anonymous", "status_code": 200, "duration_ms": 3.1}
{"timestamp": "2026-09-08T01:08:45.852321", "log_type": "api_request", "method": "GET", "path": "/static/css/main.css", "user_id": "anonymous", "status_code": 304, "duration_ms": 2.0}
{"timestamp": "2026-09-08T01:08:45.852321", "log_type": "api_request", "method": "GET", "path": "/static/css/dashboard.css", "user_id": "anonymous", "status_code": 304, "duration_ms": 2.0}
{"timestamp": "2026-09-08T01:08:45.855531", "log_type": "api_request", "method": "GET", "path": "/static/js/toast.js", "user_id": "anonymous", "status_code": 304, "duration_ms": 2.0}
{"timestamp": "2026-09-08T01:08:45.857006", "log_type": "api_request", "method": "GET", "path": "/static/js/filters.js", "user_id": "anonymous", "status_code": 304, "duration_ms": 1.5}
{"timestamp": "2026-09-08T01:08:51.034964", "log_type": "security_event", "event_type": "login", "user_id": "6a9e95e6da6fe23b32574857", "ip": "127.0.0.1", "details": {}}
{"timestamp": "2026-09-08T01:08:51.037961", "log_type": "api_request", "method": "POST", "path": "/auth/login", "user_id": "anonymous", "status_code": 200, "duration_ms": 260.7}
{"timestamp": "2026-09-08T01:08:52.070858", "log_type": "api_request", "method": "GET", "path": "/citizen/dashboard", "user_id": "6a9e95e6da6fe23b32574857", "status_code": 200, "duration_ms": 9.6}
{"timestamp": "2026-09-08T01:08:52.105620", "log_type": "api_request", "method": "GET", "path": "/static/css/main.css", "user_id": "6a9e95e6da6fe23b32574857", "status_code": 304, "duration_ms": 4.0}
{"timestamp": "2026-09-08T01:08:52.110584", "log_type": "api_request", "method": "GET", "path": "/static/css/dashboard.css", "user_id": "6a9e95e6da6fe23b32574857", "status_code": 304, "duration_ms": 7.0}
{"timestamp": "2026-09-08T01:08:52.114458", "log_type": "api_request", "method": "GET", "path": "/static/js/toast.js", "user_id": "6a9e95e6da6fe23b32574857", "status_code": 304, "duration_ms": 6.8}
{"timestamp": "2026-09-08T01:08:52.118244", "log_type": "api_request", "method": "GET", "path": "/static/js/filters.js", "user_id": "6a9e95e6da6fe23b32574857", "status_code": 304, "duration_ms": 5.8}
{"timestamp": "2026-09-08T01:08:52.119765", "log_type": "api_request", "method": "GET", "path": "/static/js/citizen.js", "user_id": "6a9e95e6da6fe23b32574857", "status_code": 200, "duration_ms": 3.8}
{"timestamp": "2026-09-08T01:08:52.219908", "log_type": "api_request", "method": "GET", "path": "/api/notifications", "user_id": "6a9e95e6da6fe23b32574857", "status_code": 200, "duration_ms": 6.5}
{"timestamp": "2026-09-08T01:13:28.845161", "log_type": "api_request", "method": "GET", "path": "/login", "user_id": "anonymous", "status_code": 200, "duration_ms": 9.0}
{"timestamp": "2026-09-08T01:13:29.284853", "log_type": "api_request", "method": "GET", "path": "/static/css/main.css", "user_id": "anonymous", "status_code": 200, "duration_ms": 244.8}
{"timestamp": "2026-09-08T01:13:29.298851", "log_type": "api_request", "method": "GET", "path": "/static/css/dashboard.css", "user_id": "anonymous", "status_code": 200, "duration_ms": 249.8}
{"timestamp": "2026-09-08T01:13:29.305852", "log_type": "api_request", "method": "GET", "path": "/static/js/filters.js", "user_id": "anonymous", "status_code": 200, "duration_ms": 254.8}
{"timestamp": "2026-09-08T01:13:29.310868", "log_type": "api_request", "method": "GET", "path": "/static/js/toast.js", "user_id": "anonymous", "status_code": 200, "duration_ms": 260.8}
{"timestamp": "2026-09-08T01:13:30.032897", "log_type": "api_request", "method": "GET", "path": "/favicon.ico", "user_id": "anonymous", "status_code": 404, "duration_ms": 2.0}
{"timestamp": "2026-09-08T01:14:43.776950", "log_type": "security_event", "event_type": "login", "user_id": "6a9e95e6da6fe23b32574859", "ip": "127.0.0.1", "details": {}}
{"timestamp": "2026-09-08T01:14:43.785009", "log_type": "api_request", "method": "POST", "path": "/auth/login", "user_id": "anonymous", "status_code": 200, "duration_ms": 270.6}
{"timestamp": "2026-09-08T01:14:44.860205", "log_type": "api_request", "method": "GET", "path": "/officer/dashboard", "user_id": "6a9e95e6da6fe23b32574859", "status_code": 200, "duration_ms": 20.6}
{"timestamp": "2026-09-08T01:14:44.930613", "log_type": "api_request", "method": "GET", "path": "/static/css/main.css", "user_id": "6a9e95e6da6fe23b32574859", "status_code": 304, "duration_ms": 3.0}
{"timestamp": "2026-09-08T01:14:44.981027", "log_type": "api_request", "method": "GET", "path": "/static/css/dashboard.css", "user_id": "6a9e95e6da6fe23b32574859", "status_code": 304, "duration_ms": 4.2}
{"timestamp": "2026-09-08T01:14:45.016584", "log_type": "api_request", "method": "GET", "path": "/static/js/toast.js", "user_id": "6a9e95e6da6fe23b32574859", "status_code": 304, "duration_ms": 13.6}
{"timestamp": "2026-09-08T01:14:45.018603", "log_type": "api_request", "method": "GET", "path": "/static/js/filters.js", "user_id": "6a9e95e6da6fe23b32574859", "status_code": 304, "duration_ms": 9.1}
{"timestamp": "2026-09-08T01:14:45.054146", "log_type": "api_request", "method": "GET", "path": "/static/js/dashboard.js", "user_id": "6a9e95e6da6fe23b32574859", "status_code": 200, "duration_ms": 48.2}
{"timestamp": "2026-09-08T01:14:45.245356", "log_type": "api_request", "method": "GET", "path": "/api/notifications", "user_id": "6a9e95e6da6fe23b32574859", "status_code": 200, "duration_ms": 16.0}
{"timestamp": "2026-09-08T01:17:34.375977", "log_type": "api_request", "method": "GET", "path": "/api/issues", "user_id": "6a9e95e6da6fe23b32574859", "status_code": 200, "duration_ms": 17.0}
{"timestamp": "2026-09-08T01:17:34.376978", "log_type": "api_request", "method": "GET", "path": "/api/issues", "user_id": "6a9e95e6da6fe23b32574859", "status_code": 200, "duration_ms": 16.0}
{"timestamp": "2026-09-08T01:17:37.143017", "log_type": "api_request", "method": "GET", "path": "/api/issues", "user_id": "6a9e95e6da6fe23b32574859", "status_code": 200, "duration_ms": 5.0}
{"timestamp": "2026-09-08T01:17:37.147473", "log_type": "api_request", "method": "GET", "path": "/api/issues", "user_id": "6a9e95e6da6fe23b32574859", "status_code": 200, "duration_ms": 5.5}
{"timestamp": "2026-09-08T01:17:39.027364", "log_type": "api_request", "method": "GET", "path": "/api/issues", "user_id": "6a9e95e6da6fe23b32574859", "status_code": 200, "duration_ms": 7.1}
{"timestamp": "2026-09-08T01:17:39.029373", "log_type": "api_request", "method": "GET", "path": "/api/issues", "user_id": "6a9e95e6da6fe23b32574859", "status_code": 200, "duration_ms": 5.1}
{"timestamp": "2026-09-08T01:17:42.064161", "log_type": "api_request", "method": "GET", "path": "/api/issues", "user_id": "6a9e95e6da6fe23b32574859", "status_code": 200, "duration_ms": 4.0}
{"timestamp": "2026-09-08T01:17:42.075338", "log_type": "api_request", "method": "GET", "path": "/api/issues", "user_id": "6a9e95e6da6fe23b32574859", "status_code": 200, "duration_ms": 4.2}
{"timestamp": "2026-09-08T01:20:39.402877", "log_type": "api_request", "method": "GET", "path": "/citizen/dashboard", "user_id": "6a9e95e6da6fe23b32574857", "status_code": 200, "duration_ms": 32.2}
{"timestamp": "2026-09-08T01:20:39.508141", "log_type": "api_request", "method": "GET", "path": "/static/css/main.css", "user_id": "6a9e95e6da6fe23b32574857", "status_code": 304, "duration_ms": 6.4}
{"timestamp": "2026-09-08T01:20:39.511144", "log_type": "api_request", "method": "GET", "path": "/static/css/dashboard.css", "user_id": "6a9e95e6da6fe23b32574857", "status_code": 304, "duration_ms": 8.4}
{"timestamp": "2026-09-08T01:20:39.516161", "log_type": "api_request", "method": "GET", "path": "/static/js/filters.js", "user_id": "6a9e95e6da6fe23b32574857", "status_code": 304, "duration_ms": 6.0}
{"timestamp": "2026-09-08T01:20:39.518143", "log_type": "api_request", "method": "GET", "path": "/static/js/toast.js", "user_id": "6a9e95e6da6fe23b32574857", "status_code": 304, "duration_ms": 6.0}
{"timestamp": "2026-09-08T01:20:39.518143", "log_type": "api_request", "method": "GET", "path": "/static/js/citizen.js", "user_id": "6a9e95e6da6fe23b32574857", "status_code": 200, "duration_ms": 3.0}
{"timestamp": "2026-09-08T01:20:39.861597", "log_type": "api_request", "method": "GET", "path": "/api/notifications", "user_id": "6a9e95e6da6fe23b32574857", "status_code": 200, "duration_ms": 16.4}
{"timestamp": "2026-09-08T01:21:12.004015", "log_type": "api_request", "method": "GET", "path": "/", "user_id": "6a9e95e6da6fe23b32574857", "status_code": 302, "duration_ms": 1.9}
{"timestamp": "2026-09-08T01:21:12.035935", "log_type": "api_request", "method": "GET", "path": "/citizen/dashboard", "user_id": "6a9e95e6da6fe23b32574857", "status_code": 200, "duration_ms": 18.2}
{"timestamp": "2026-09-08T01:21:12.422670", "log_type": "api_request", "method": "GET", "path": "/static/css/main.css", "user_id": "6a9e95e6da6fe23b32574857", "status_code": 304, "duration_ms": 332.0}
{"timestamp": "2026-09-08T01:21:12.429851", "log_type": "api_request", "method": "GET", "path": "/static/js/toast.js", "user_id": "6a9e95e6da6fe23b32574857", "status_code": 304, "duration_ms": 326.2}
{"timestamp": "2026-09-08T01:21:12.437264", "log_type": "api_request", "method": "GET", "path": "/static/css/dashboard.css", "user_id": "6a9e95e6da6fe23b32574857", "status_code": 304, "duration_ms": 344.4}
{"timestamp": "2026-09-08T01:21:12.445780", "log_type": "api_request", "method": "GET", "path": "/static/js/citizen.js", "user_id": "6a9e95e6da6fe23b32574857", "status_code": 304, "duration_ms": 340.1}
{"timestamp": "2026-09-08T01:21:12.446771", "log_type": "api_request", "method": "GET", "path": "/static/js/filters.js", "user_id": "6a9e95e6da6fe23b32574857", "status_code": 304, "duration_ms": 342.1}
{"timestamp": "2026-09-08T01:21:12.480673", "log_type": "api_request", "method": "GET", "path": "/api/notifications", "user_id": "6a9e95e6da6fe23b32574857", "status_code": 200, "duration_ms": 8.0}
{"timestamp": "2026-09-08T01:21:12.534348", "log_type": "api_request", "method": "GET", "path": "/api/issues", "user_id": "6a9e95e6da6fe23b32574857", "status_code": 200, "duration_ms": 5.7}
{"timestamp": "2026-09-08T01:21:12.536357", "log_type": "api_request", "method": "GET", "path": "/api/public/map", "user_id": "6a9e95e6da6fe23b32574857", "status_code": 200, "duration_ms": 9.7}
{"timestamp": "2026-09-08T01:22:08.988613", "log_type": "api_request", "method": "GET", "path": "/citizen/dashboard", "user_id": "6a9e95e6da6fe23b32574857", "status_code": 200, "duration_ms": 5.1}
{"timestamp": "2026-09-08T01:22:09.036676", "log_type": "api_request", "method": "GET", "path": "/static/css/main.css", "user_id": "6a9e95e6da6fe23b32574857", "status_code": 304, "duration_ms": 3.0}
{"timestamp": "2026-09-08T01:22:09.044679", "log_type": "api_request", "method": "GET", "path": "/static/css/dashboard.css", "user_id": "6a9e95e6da6fe23b32574857", "status_code": 304, "duration_ms": 6.0}
{"timestamp": "2026-09-08T01:22:09.045678", "log_type": "api_request", "method": "GET", "path": "/static/js/filters.js", "user_id": "6a9e95e6da6fe23b32574857", "status_code": 304, "duration_ms": 5.0}
{"timestamp": "2026-09-08T01:22:09.045678", "log_type": "api_request", "method": "GET", "path": "/static/js/toast.js", "user_id": "6a9e95e6da6fe23b32574857", "status_code": 304, "duration_ms": 6.0}
{"timestamp": "2026-09-08T01:22:09.051789", "log_type": "api_request", "method": "GET", "path": "/static/js/citizen.js", "user_id": "6a9e95e6da6fe23b32574857", "status_code": 304, "duration_ms": 10.1}
{"timestamp": "2026-09-08T01:22:09.255227", "log_type": "api_request", "method": "GET", "path": "/api/notifications", "user_id": "6a9e95e6da6fe23b32574857", "status_code": 200, "duration_ms": 8.1}
{"timestamp": "2026-09-08T01:22:09.262227", "log_type": "api_request", "method": "GET", "path": "/api/public/map", "user_id": "6a9e95e6da6fe23b32574857", "status_code": 200, "duration_ms": 4.0}
{"timestamp": "2026-09-08T01:22:09.263225", "log_type": "api_request", "method": "GET", "path": "/api/issues", "user_id": "6a9e95e6da6fe23b32574857", "status_code": 200, "duration_ms": 6.0}
{"timestamp": "2026-09-08T01:52:33.808658", "log_type": "api_request", "method": "GET", "path": "/", "user_id": "anonymous", "status_code": 302, "duration_ms": 4.3}
{"timestamp": "2026-09-08T01:52:33.938555", "log_type": "api_request", "method": "GET", "path": "/login", "user_id": "anonymous", "status_code": 200, "duration_ms": 93.8}
{"timestamp": "2026-09-08T01:52:34.647902", "log_type": "api_request", "method": "GET", "path": "/static/js/filters.js", "user_id": "anonymous", "status_code": 304, "duration_ms": 592.5}
{"timestamp": "2026-09-08T01:52:34.650388", "log_type": "api_request", "method": "GET", "path": "/static/css/dashboard.css", "user_id": "anonymous", "status_code": 304, "duration_ms": 605.9}
{"timestamp": "2026-09-08T01:52:34.657914", "log_type": "api_request", "method": "GET", "path": "/static/css/main.css", "user_id": "anonymous", "status_code": 304, "duration_ms": 615.7}
{"timestamp": "2026-09-08T01:52:34.661912", "log_type": "api_request", "method": "GET", "path": "/static/js/toast.js", "user_id": "anonymous", "status_code": 304, "duration_ms": 615.9}
{"timestamp": "2026-09-08T01:52:35.188283", "log_type": "api_request", "method": "GET", "path": "/favicon.ico", "user_id": "anonymous", "status_code": 404, "duration_ms": 6.0}
{"timestamp": "2026-09-08T01:54:02.622308", "log_type": "api_request", "method": "GET", "path": "/", "user_id": "anonymous", "status_code": 302, "duration_ms": 0.0}
{"timestamp": "2026-09-08T01:54:02.883178", "log_type": "api_request", "method": "GET", "path": "/login", "user_id": "anonymous", "status_code": 200, "duration_ms": 1.0}
{"timestamp": "2026-09-08T01:54:02.937650", "log_type": "api_request", "method": "GET", "path": "/static/css/main.css", "user_id": "anonymous", "status_code": 200, "duration_ms": 1.0}
{"timestamp": "2026-09-08T01:54:03.245864", "log_type": "api_request", "method": "GET", "path": "/static/js/toast.js", "user_id": "anonymous", "status_code": 200, "duration_ms": 0.0}
{"timestamp": "2026-09-08T01:54:03.246866", "log_type": "api_request", "method": "GET", "path": "/static/css/dashboard.css", "user_id": "anonymous", "status_code": 200, "duration_ms": 3.0}
{"timestamp": "2026-09-08T01:54:03.246866", "log_type": "api_request", "method": "GET", "path": "/static/js/filters.js", "user_id": "anonymous", "status_code": 200, "duration_ms": 2.0}
{"timestamp": "2026-09-08T01:54:04.182054", "log_type": "api_request", "method": "GET", "path": "/favicon.ico", "user_id": "anonymous", "status_code": 404, "duration_ms": 0.0}
{"timestamp": "2026-09-08T01:54:06.295601", "log_type": "api_request", "method": "GET", "path": "/login", "user_id": "anonymous", "status_code": 200, "duration_ms": 1.0}
{"timestamp": "2026-09-08T01:54:06.647063", "log_type": "api_request", "method": "GET", "path": "/static/css/dashboard.css", "user_id": "anonymous", "status_code": 200, "duration_ms": 6.9}
{"timestamp": "2026-09-08T01:54:06.648101", "log_type": "api_request", "method": "GET", "path": "/static/js/toast.js", "user_id": "anonymous", "status_code": 200, "duration_ms": 7.1}
{"timestamp": "2026-09-08T01:54:06.649061", "log_type": "api_request", "method": "GET", "path": "/static/css/main.css", "user_id": "anonymous", "status_code": 200, "duration_ms": 10.0}
{"timestamp": "2026-09-08T01:54:06.650071", "log_type": "api_request", "method": "GET", "path": "/static/js/filters.js", "user_id": "anonymous", "status_code": 200, "duration_ms": 4.0}
{"timestamp": "2026-09-08T01:54:07.026995", "log_type": "api_request", "method": "GET", "path": "/favicon.ico", "user_id": "anonymous", "status_code": 404, "duration_ms": 0.0}
{"timestamp": "2026-09-08T01:54:07.995525", "log_type": "api_request", "method": "GET", "path": "/login", "user_id": "anonymous", "status_code": 200, "duration_ms": 1.0}
{"timestamp": "2026-09-08T01:54:08.230478", "log_type": "api_request", "method": "GET", "path": "/static/css/main.css", "user_id": "anonymous", "status_code": 200, "duration_ms": 1.1}
{"timestamp": "2026-09-08T01:54:08.341735", "log_type": "api_request", "method": "GET", "path": "/static/css/dashboard.css", "user_id": "anonymous", "status_code": 200, "duration_ms": 2.0}
{"timestamp": "2026-09-08T01:54:08.341735", "log_type": "api_request", "method": "GET", "path": "/static/js/filters.js", "user_id": "anonymous", "status_code": 200, "duration_ms": 5.1}
{"timestamp": "2026-09-08T01:54:08.342701", "log_type": "api_request", "method": "GET", "path": "/static/js/toast.js", "user_id": "anonymous", "status_code": 200, "duration_ms": 4.9}
{"timestamp": "2026-09-08T01:54:08.548872", "log_type": "api_request", "method": "GET", "path": "/login", "user_id": "anonymous", "status_code": 200, "duration_ms": 0.0}
{"timestamp": "2026-09-08T01:54:08.903263", "log_type": "api_request", "method": "GET", "path": "/static/js/filters.js", "user_id": "anonymous", "status_code": 200, "duration_ms": 4.0}
{"timestamp": "2026-09-08T01:54:08.904265", "log_type": "api_request", "method": "GET", "path": "/static/js/toast.js", "user_id": "anonymous", "status_code": 200, "duration_ms": 4.0}
{"timestamp": "2026-09-08T01:54:08.904265", "log_type": "api_request", "method": "GET", "path": "/static/css/dashboard.css", "user_id": "anonymous", "status_code": 200, "duration_ms": 3.0}
{"timestamp": "2026-09-08T01:54:08.905262", "log_type": "api_request", "method": "GET", "path": "/static/css/main.css", "user_id": "anonymous", "status_code": 200, "duration_ms": 7.0}
{"timestamp": "2026-09-08T01:54:09.287008", "log_type": "api_request", "method": "GET", "path": "/favicon.ico", "user_id": "anonymous", "status_code": 404, "duration_ms": 1.1}
{"timestamp": "2026-09-08T01:54:12.401591", "log_type": "api_request", "method": "GET", "path": "/map", "user_id": "anonymous", "status_code": 200, "duration_ms": 9.9}
{"timestamp": "2026-09-08T01:54:12.629560", "log_type": "api_request", "method": "GET", "path": "/static/css/map.css", "user_id": "anonymous", "status_code": 200, "duration_ms": 1.9}
{"timestamp": "2026-09-08T01:54:12.759713", "log_type": "api_request", "method": "GET", "path": "/static/css/dashboard.css", "user_id": "anonymous", "status_code": 304, "duration_ms": 5.6}
{"timestamp": "2026-09-08T01:54:12.760673", "log_type": "api_request", "method": "GET", "path": "/static/css/main.css", "user_id": "anonymous", "status_code": 304, "duration_ms": 7.6}
{"timestamp": "2026-09-08T01:54:12.761711", "log_type": "api_request", "method": "GET", "path": "/static/js/filters.js", "user_id": "anonymous", "status_code": 304, "duration_ms": 4.0}
{"timestamp": "2026-09-08T01:54:12.761711", "log_type": "api_request", "method": "GET", "path": "/static/js/live-map.js", "user_id": "anonymous", "status_code": 200, "duration_ms": 6.1}
{"timestamp": "2026-09-08T01:54:12.761711", "log_type": "api_request", "method": "GET", "path": "/static/js/toast.js", "user_id": "anonymous", "status_code": 304, "duration_ms": 4.9}
{"timestamp": "2026-09-08T01:54:13.147213", "log_type": "api_request", "method": "GET", "path": "/api/public/map", "user_id": "anonymous", "status_code": 200, "duration_ms": 33.7}
{"timestamp": "2026-09-08T02:07:16.913825", "log_type": "notification", "event": "sla_breached", "recipient_id": "6a9e95e6da6fe23b32574857", "delivery_status": "delivered", "error": null}
{"timestamp": "2026-09-08T02:07:16.915826", "log_type": "notification", "event": "sla_breached", "recipient_id": "6a9e95e6da6fe23b32574857", "delivery_status": "delivered", "error": null}
{"timestamp": "2026-09-08T02:07:16.916827", "log_type": "notification", "event": "sla_breached", "recipient_id": "6a9e95e6da6fe23b3257485a", "delivery_status": "delivered", "error": null}
{"timestamp": "2026-09-08T02:07:16.917826", "log_type": "notification", "event": "sla_breached", "recipient_id": "6a9e95e6da6fe23b32574857", "delivery_status": "delivered", "error": null}
{"timestamp": "2026-09-08T02:07:16.918826", "log_type": "notification", "event": "sla_breached", "recipient_id": "6a9e95e6da6fe23b32574857", "delivery_status": "delivered", "error": null}
{"timestamp": "2026-09-08T02:07:16.919828", "log_type": "notification", "event": "sla_breached", "recipient_id": "6a9e95e6da6fe23b3257485a", "delivery_status": "delivered", "error": null}
{"timestamp": "2026-09-08T02:34:52.781032", "log_type": "api_request", "method": "GET", "path": "/api/invalid-route-xyz", "user_id": "anonymous", "status_code": 404, "duration_ms": 0.0}
{"timestamp": "2026-09-08T02:34:52.784031", "log_type": "api_request", "method": "GET", "path": "/api/health", "user_id": "anonymous", "status_code": 200, "duration_ms": 0.0}
{"timestamp": "2026-09-08T02:34:52.785030", "log_type": "api_request", "method": "GET", "path": "/api/notifications", "user_id": "anonymous", "status_code": 401, "duration_ms": 0.0}
{"timestamp": "2026-09-08T02:35:14.054042", "log_type": "api_request", "method": "GET", "path": "/api/invalid-route-xyz", "user_id": "anonymous", "status_code": 404, "duration_ms": 1.0}
{"timestamp": "2026-09-08T02:35:14.055026", "log_type": "api_request", "method": "GET", "path": "/api/health", "user_id": "anonymous", "status_code": 200, "duration_ms": 0.0}
{"timestamp": "2026-09-08T02:35:14.056026", "log_type": "api_request", "method": "GET", "path": "/api/notifications", "user_id": "anonymous", "status_code": 401, "duration_ms": 0.0}
{"timestamp": "2026-09-08T02:47:04.176237", "log_type": "ai_call", "task": "image_classification", "provider": "gemini", "success": false, "confidence": 0.0, "duration_ms": 0.0, "error": "404 models/gemini-1.5-flash is not found for API version v1beta, or is not supported for generateContent. Call ModelService.ListModels to see the list of available models and their supported methods."}
{"timestamp": "2026-09-08T02:47:26.759233", "log_type": "ai_call", "task": "image_classification", "provider": "gemini", "success": false, "confidence": 0.0, "duration_ms": 0.0, "error": "404 This model models/gemini-2.5-flash is no longer available to new users. Please update your code to use models/gemini-3.6-flash for the latest features and improvements. We recommend you to use the Interactions API."}
{"timestamp": "2026-09-08T02:48:02.995146", "log_type": "ai_call", "task": "image_classification", "provider": "gemini", "success": true, "confidence": 0.95, "duration_ms": 18836.6, "error": null}
{"timestamp": "2026-09-08T02:48:41.680655", "log_type": "ai_call", "task": "image_classification", "provider": "gemini", "success": true, "confidence": 0.95, "duration_ms": 29233.2, "error": null}
{"timestamp": "2026-09-08T02:48:46.576446", "log_type": "ai_call", "task": "classification", "provider": "gemini", "success": true, "confidence": 0.95, "duration_ms": 4891.5, "error": null}
{"timestamp": "2026-09-08T02:48:55.377291", "log_type": "ai_call", "task": "classification", "provider": "gemini", "success": true, "confidence": 0.1, "duration_ms": 8798.9, "error": null}
{"timestamp": "2026-09-08T02:49:09.130510", "log_type": "ai_call", "task": "classification", "provider": "gemini", "success": true, "confidence": 0.75, "duration_ms": 13751.9, "error": null}
{"timestamp": "2026-09-08T02:49:47.715038", "log_type": "api_request", "method": "POST", "path": "/auth/register", "user_id": "anonymous", "status_code": 201, "duration_ms": 241.3}
{"timestamp": "2026-09-08T02:49:47.930931", "log_type": "security_event", "event_type": "login", "user_id": "6a9f77cbcdf9b37a28967338", "ip": "127.0.0.1", "details": {}}
{"timestamp": "2026-09-08T02:49:47.933931", "log_type": "api_request", "method": "POST", "path": "/auth/login", "user_id": "anonymous", "status_code": 200, "duration_ms": 218.0}
{"timestamp": "2026-09-08T02:49:48.037535", "log_type": "api_request", "method": "POST", "path": "/api/issues", "user_id": "6a9f77cbcdf9b37a28967338", "status_code": 400, "duration_ms": 64.6}
{"timestamp": "2026-09-08T02:49:48.052219", "log_type": "api_request", "method": "GET", "path": "/citizen/dashboard", "user_id": "6a9f77cbcdf9b37a28967338", "status_code": 200, "duration_ms": 13.5}
{"timestamp": "2026-09-08T02:49:48.060233", "log_type": "api_request", "method": "GET", "path": "/officer/dashboard", "user_id": "6a9e95e6da6fe23b32574858", "status_code": 200, "duration_ms": 6.0}
{"timestamp": "2026-09-08T02:49:48.063220", "log_type": "api_request", "method": "POST", "path": "/api/issues/None/review", "user_id": "6a9e95e6da6fe23b32574858", "status_code": 404, "duration_ms": 2.0}
{"timestamp": "2026-09-08T02:49:48.067218", "log_type": "api_request", "method": "GET", "path": "/api/workers/recommend", "user_id": "6a9e95e6da6fe23b32574858", "status_code": 422, "duration_ms": 1.0}
{"timestamp": "2026-09-08T02:50:17.518036", "log_type": "api_request", "method": "POST", "path": "/auth/register", "user_id": "anonymous", "status_code": 201, "duration_ms": 214.2}
{"timestamp": "2026-09-08T02:50:17.730090", "log_type": "security_event", "event_type": "login", "user_id": "6a9f77e9629fd49a6f88256a", "ip": "127.0.0.1", "details": {}}
{"timestamp": "2026-09-08T02:50:17.731146", "log_type": "api_request", "method": "POST", "path": "/auth/login", "user_id": "anonymous", "status_code": 200, "duration_ms": 212.0}
{"timestamp": "2026-09-08T02:50:34.583519", "log_type": "ai_call", "task": "classification", "provider": "gemini", "success": true, "confidence": 0.95, "duration_ms": 15402.1, "error": null}
{"timestamp": "2026-09-08T02:50:42.504871", "log_type": "ai_call", "task": "image_classification", "provider": "gemini", "success": true, "confidence": 0.95, "duration_ms": 7918.3, "error": null}
{"timestamp": "2026-09-08T02:50:42.527829", "log_type": "notification", "event": "complaint_created", "recipient_id": "6a9f77e9629fd49a6f88256a", "delivery_status": "delivered", "error": null}
{"timestamp": "2026-09-08T02:50:42.527829", "log_type": "notification", "event": "ai_analysis_completed", "recipient_id": "6a9f77e9629fd49a6f88256a", "delivery_status": "delivered", "error": null}
{"timestamp": "2026-09-08T02:50:42.537539", "log_type": "api_request", "method": "POST", "path": "/api/issues", "user_id": "6a9f77e9629fd49a6f88256a", "status_code": 201, "duration_ms": 24767.4}
{"timestamp": "2026-09-08T02:50:42.548545", "log_type": "api_request", "method": "GET", "path": "/citizen/dashboard", "user_id": "6a9f77e9629fd49a6f88256a", "status_code": 200, "duration_ms": 9.0}
{"timestamp": "2026-09-08T02:50:42.555529", "log_type": "api_request", "method": "GET", "path": "/officer/dashboard", "user_id": "6a9e95e6da6fe23b32574858", "status_code": 200, "duration_ms": 5.0}
{"timestamp": "2026-09-08T02:50:42.608207", "log_type": "api_request", "method": "POST", "path": "/api/issues/6a9f77eb629fd49a6f88256b/review", "user_id": "6a9e95e6da6fe23b32574858", "status_code": 200, "duration_ms": 50.6}
{"timestamp": "2026-09-08T02:50:42.614652", "log_type": "api_request", "method": "GET", "path": "/api/workers/recommend", "user_id": "6a9e95e6da6fe23b32574858", "status_code": 200, "duration_ms": 3.0}
{"timestamp": "2026-09-08T02:50:42.640914", "log_type": "notification", "event": "complaint_assigned", "recipient_id": "6a9f77e9629fd49a6f88256a", "delivery_status": "delivered", "error": null}
{"timestamp": "2026-09-08T02:50:42.641914", "log_type": "notification", "event": "complaint_assigned", "recipient_id": "6a9e95e6da6fe23b3257485a", "delivery_status": "delivered", "error": null}
{"timestamp": "2026-09-08T02:50:42.643915", "log_type": "notification", "event": "complaint_assigned", "recipient_id": "6a9e95e6da6fe23b3257485a", "delivery_status": "delivered", "error": null}
{"timestamp": "2026-09-08T02:50:42.643915", "log_type": "api_request", "method": "POST", "path": "/api/issues/6a9f77eb629fd49a6f88256b/assign", "user_id": "6a9e95e6da6fe23b32574858", "status_code": 200, "duration_ms": 28.3}
{"timestamp": "2026-09-08T02:51:01.889796", "log_type": "ai_call", "task": "image_classification", "provider": "gemini", "success": false, "confidence": 0.0, "duration_ms": 0.0, "error": "[Errno 2] No such file or directory: 'pothole.jpg'"}
{"timestamp": "2026-09-08T02:51:02.359567", "log_type": "ai_call", "task": "classification", "provider": "gemini", "success": false, "confidence": 0.0, "duration_ms": 0.0, "error": "404 models/gemini-1.5-flash is not found for API version v1beta, or is not supported for generateContent. Call ModelService.ListModels to see the list of available models and their supported methods."}
{"timestamp": "2026-09-08T02:51:03.546796", "log_type": "ai_call", "task": "classification", "provider": "gemini", "success": false, "confidence": 0.0, "duration_ms": 0.0, "error": "404 models/gemini-1.5-flash is not found for API version v1beta, or is not supported for generateContent. Call ModelService.ListModels to see the list of available models and their supported methods."}
{"timestamp": "2026-09-08T02:51:05.463520", "log_type": "ai_call", "task": "classification", "provider": "gemini", "success": false, "confidence": 0.0, "duration_ms": 0.0, "error": "404 models/gemini-1.5-flash is not found for API version v1beta, or is not supported for generateContent. Call ModelService.ListModels to see the list of available models and their supported methods."}
{"timestamp": "2026-09-08T02:51:05.465518", "log_type": "ai_call", "task": "image_classification", "provider": "gemini", "success": false, "confidence": 0.0, "duration_ms": 0.0, "error": "[Errno 2] No such file or directory: 'missing.webp'"}
{"timestamp": "2026-09-08T02:51:06.865891", "log_type": "api_request", "method": "GET", "path": "/api/invalid-route-xyz", "user_id": "anonymous", "status_code": 404, "duration_ms": 0.0}
{"timestamp": "2026-09-08T02:51:06.867892", "log_type": "api_request", "method": "GET", "path": "/api/health", "user_id": "anonymous", "status_code": 200, "duration_ms": 1.0}
{"timestamp": "2026-09-08T02:51:06.868893", "log_type": "api_request", "method": "GET", "path": "/api/notifications", "user_id": "anonymous", "status_code": 401, "duration_ms": 0.0}
{"timestamp": "2026-09-08T05:17:39.947744", "log_type": "api_request", "method": "GET", "path": "/", "user_id": "anonymous", "status_code": 302, "duration_ms": 6.1}
{"timestamp": "2026-09-08T05:17:40.033768", "log_type": "api_request", "method": "GET", "path": "/login", "user_id": "anonymous", "status_code": 200, "duration_ms": 18.7}
{"timestamp": "2026-09-08T05:17:40.214361", "log_type": "api_request", "method": "GET", "path": "/static/css/dashboard.css", "user_id": "anonymous", "status_code": 304, "duration_ms": 17.3}
{"timestamp": "2026-09-08T05:17:40.215394", "log_type": "api_request", "method": "GET", "path": "/static/css/main.css", "user_id": "anonymous", "status_code": 304, "duration_ms": 14.3}
{"timestamp": "2026-09-08T05:17:40.218463", "log_type": "api_request", "method": "GET", "path": "/static/js/filters.js", "user_id": "anonymous", "status_code": 304, "duration_ms": 13.7}
{"timestamp": "2026-09-08T05:17:40.222363", "log_type": "api_request", "method": "GET", "path": "/static/js/toast.js", "user_id": "anonymous", "status_code": 304, "duration_ms": 5.0}
{"timestamp": "2026-09-08T05:17:41.824868", "log_type": "api_request", "method": "GET", "path": "/favicon.ico", "user_id": "anonymous", "status_code": 404, "duration_ms": 1.0}
{"timestamp": "2026-09-08T05:17:53.879620", "log_type": "security_event", "event_type": "login", "user_id": "6a9e95e6da6fe23b32574859", "ip": "127.0.0.1", "details": {}}
{"timestamp": "2026-09-08T05:17:53.905914", "log_type": "api_request", "method": "POST", "path": "/auth/login", "user_id": "anonymous", "status_code": 200, "duration_ms": 691.9}
{"timestamp": "2026-09-08T05:17:55.070639", "log_type": "api_request", "method": "GET", "path": "/officer/dashboard", "user_id": "6a9e95e6da6fe23b32574859", "status_code": 200, "duration_ms": 95.9}
{"timestamp": "2026-09-08T05:17:55.146759", "log_type": "api_request", "method": "GET", "path": "/static/css/dashboard.css", "user_id": "6a9e95e6da6fe23b32574859", "status_code": 304, "duration_ms": 10.1}
{"timestamp": "2026-09-08T05:17:55.150756", "log_type": "api_request", "method": "GET", "path": "/static/css/main.css", "user_id": "6a9e95e6da6fe23b32574859", "status_code": 304, "duration_ms": 12.0}
{"timestamp": "2026-09-08T05:17:55.151654", "log_type": "api_request", "method": "GET", "path": "/static/js/toast.js", "user_id": "6a9e95e6da6fe23b32574859", "status_code": 304, "duration_ms": 9.0}
{"timestamp": "2026-09-08T05:17:55.156714", "log_type": "api_request", "method": "GET", "path": "/static/js/filters.js", "user_id": "6a9e95e6da6fe23b32574859", "status_code": 304, "duration_ms": 7.0}
{"timestamp": "2026-09-08T05:17:55.161654", "log_type": "api_request", "method": "GET", "path": "/static/js/dashboard.js", "user_id": "6a9e95e6da6fe23b32574859", "status_code": 200, "duration_ms": 6.9}
{"timestamp": "2026-09-08T05:17:55.289342", "log_type": "api_request", "method": "GET", "path": "/api/issues", "user_id": "6a9e95e6da6fe23b32574859", "status_code": 200, "duration_ms": 29.3}
{"timestamp": "2026-09-08T05:17:55.290357", "log_type": "api_request", "method": "GET", "path": "/api/notifications", "user_id": "6a9e95e6da6fe23b32574859", "status_code": 200, "duration_ms": 50.4}
{"timestamp": "2026-09-08T05:17:55.311524", "log_type": "api_request", "method": "GET", "path": "/api/analytics/overview", "user_id": "6a9e95e6da6fe23b32574859", "status_code": 200, "duration_ms": 62.5}
{"timestamp": "2026-09-08T05:17:55.338526", "log_type": "api_request", "method": "GET", "path": "/api/officer/briefing", "user_id": "6a9e95e6da6fe23b32574859", "status_code": 200, "duration_ms": 84.5}
{"timestamp": "2026-09-08T05:17:55.362524", "log_type": "api_request", "method": "GET", "path": "/api/officer/briefing", "user_id": "6a9e95e6da6fe23b32574859", "status_code": 200, "duration_ms": 11.0}
{"timestamp": "2026-09-08T05:17:55.365526", "log_type": "api_request", "method": "GET", "path": "/api/analytics/overview", "user_id": "6a9e95e6da6fe23b32574859", "status_code": 200, "duration_ms": 34.0}
{"timestamp": "2026-09-08T05:17:59.202546", "log_type": "api_request", "method": "GET", "path": "/api/issues", "user_id": "6a9e95e6da6fe23b32574859", "status_code": 200, "duration_ms": 9.0}
{"timestamp": "2026-09-08T05:17:59.204551", "log_type": "api_request", "method": "GET", "path": "/api/issues", "user_id": "6a9e95e6da6fe23b32574859", "status_code": 200, "duration_ms": 10.0}
{"timestamp": "2026-09-08T05:18:03.968097", "log_type": "api_request", "method": "GET", "path": "/map", "user_id": "6a9e95e6da6fe23b32574859", "status_code": 200, "duration_ms": 3.0}
{"timestamp": "2026-09-08T05:18:04.042190", "log_type": "api_request", "method": "GET", "path": "/static/css/main.css", "user_id": "6a9e95e6da6fe23b32574859", "status_code": 304, "duration_ms": 11.9}
{"timestamp": "2026-09-08T05:18:04.048189", "log_type": "api_request", "method": "GET", "path": "/static/css/map.css", "user_id": "6a9e95e6da6fe23b32574859", "status_code": 200, "duration_ms": 20.0}
{"timestamp": "2026-09-08T05:18:04.049410", "log_type": "api_request", "method": "GET", "path": "/static/css/dashboard.css", "user_id": "6a9e95e6da6fe23b32574859", "status_code": 304, "duration_ms": 17.1}
{"timestamp": "2026-09-08T05:18:04.050431", "log_type": "api_request", "method": "GET", "path": "/static/js/live-map.js", "user_id": "6a9e95e6da6fe23b32574859", "status_code": 200, "duration_ms": 15.1}
{"timestamp": "2026-09-08T05:18:04.051425", "log_type": "api_request", "method": "GET", "path": "/static/js/toast.js", "user_id": "6a9e95e6da6fe23b32574859", "status_code": 304, "duration_ms": 11.1}
{"timestamp": "2026-09-08T05:18:04.054435", "log_type": "api_request", "method": "GET", "path": "/static/js/filters.js", "user_id": "6a9e95e6da6fe23b32574859", "status_code": 304, "duration_ms": 9.2}
{"timestamp": "2026-09-08T05:18:04.130031", "log_type": "api_request", "method": "GET", "path": "/api/notifications", "user_id": "6a9e95e6da6fe23b32574859", "status_code": 200, "duration_ms": 10.0}
{"timestamp": "2026-09-08T05:18:04.163718", "log_type": "api_request", "method": "GET", "path": "/api/public/map", "user_id": "6a9e95e6da6fe23b32574859", "status_code": 200, "duration_ms": 13.5}
{"timestamp": "2026-09-08T05:18:19.164228", "log_type": "api_request", "method": "GET", "path": "/api/public/map", "user_id": "6a9e95e6da6fe23b32574859", "status_code": 200, "duration_ms": 5.0}
{"timestamp": "2026-09-08T05:18:26.367835", "log_type": "api_request", "method": "GET", "path": "/", "user_id": "6a9e95e6da6fe23b32574859", "status_code": 302, "duration_ms": 3.1}
{"timestamp": "2026-09-08T05:18:26.394172", "log_type": "api_request", "method": "GET", "path": "/officer/dashboard", "user_id": "6a9e95e6da6fe23b32574859", "status_code": 200, "duration_ms": 7.3}
{"timestamp": "2026-09-08T05:18:26.463388", "log_type": "api_request", "method": "GET", "path": "/static/js/filters.js", "user_id": "6a9e95e6da6fe23b32574859", "status_code": 304, "duration_ms": 13.9}
{"timestamp": "2026-09-08T05:18:26.465184", "log_type": "api_request", "method": "GET", "path": "/static/js/toast.js", "user_id": "6a9e95e6da6fe23b32574859", "status_code": 304, "duration_ms": 12.8}
{"timestamp": "2026-09-08T05:18:26.466303", "log_type": "api_request", "method": "GET", "path": "/static/css/main.css", "user_id": "6a9e95e6da6fe23b32574859", "status_code": 304, "duration_ms": 18.9}
{"timestamp": "2026-09-08T05:18:26.467331", "log_type": "api_request", "method": "GET", "path": "/static/css/dashboard.css", "user_id": "6a9e95e6da6fe23b32574859", "status_code": 304, "duration_ms": 12.9}
{"timestamp": "2026-09-08T05:18:26.470203", "log_type": "api_request", "method": "GET", "path": "/static/js/dashboard.js", "user_id": "6a9e95e6da6fe23b32574859", "status_code": 304, "duration_ms": 9.7}
{"timestamp": "2026-09-08T05:18:26.554222", "log_type": "api_request", "method": "GET", "path": "/api/notifications", "user_id": "6a9e95e6da6fe23b32574859", "status_code": 200, "duration_ms": 22.0}
{"timestamp": "2026-09-08T05:18:26.556217", "log_type": "api_request", "method": "GET", "path": "/api/officer/briefing", "user_id": "6a9e95e6da6fe23b32574859", "status_code": 200, "duration_ms": 8.0}
{"timestamp": "2026-09-08T05:18:26.565226", "log_type": "api_request", "method": "GET", "path": "/api/issues", "user_id": "6a9e95e6da6fe23b32574859", "status_code": 200, "duration_ms": 7.0}
{"timestamp": "2026-09-08T05:18:26.597222", "log_type": "api_request", "method": "GET", "path": "/api/officer/briefing", "user_id": "6a9e95e6da6fe23b32574859", "status_code": 200, "duration_ms": 11.0}
{"timestamp": "2026-09-08T05:18:26.601216", "log_type": "api_request", "method": "GET", "path": "/api/analytics/overview", "user_id": "6a9e95e6da6fe23b32574859", "status_code": 200, "duration_ms": 57.0}
{"timestamp": "2026-09-08T05:18:26.651693", "log_type": "api_request", "method": "GET", "path": "/api/analytics/overview", "user_id": "6a9e95e6da6fe23b32574859", "status_code": 200, "duration_ms": 39.5}
{"timestamp": "2026-09-08T05:18:30.962111", "log_type": "api_request", "method": "GET", "path": "/api/issues", "user_id": "6a9e95e6da6fe23b32574859", "status_code": 200, "duration_ms": 9.6}
{"timestamp": "2026-09-08T05:18:30.963111", "log_type": "api_request", "method": "GET", "path": "/api/issues", "user_id": "6a9e95e6da6fe23b32574859", "status_code": 200, "duration_ms": 9.0}
{"timestamp": "2026-09-08T05:18:34.773309", "log_type": "api_request", "method": "GET", "path": "/api/issues", "user_id": "6a9e95e6da6fe23b32574859", "status_code": 200, "duration_ms": 35.1}
{"timestamp": "2026-09-08T05:18:34.777384", "log_type": "api_request", "method": "GET", "path": "/api/issues", "user_id": "6a9e95e6da6fe23b32574859", "status_code": 200, "duration_ms": 38.1}
{"timestamp": "2026-09-08T05:18:38.061377", "log_type": "api_request", "method": "GET", "path": "/api/issues", "user_id": "6a9e95e6da6fe23b32574859", "status_code": 200, "duration_ms": 8.0}
{"timestamp": "2026-09-08T05:18:38.063395", "log_type": "api_request", "method": "GET", "path": "/api/issues", "user_id": "6a9e95e6da6fe23b32574859", "status_code": 200, "duration_ms": 8.0}
{"timestamp": "2026-09-08T05:18:40.147385", "log_type": "api_request", "method": "GET", "path": "/api/issues", "user_id": "6a9e95e6da6fe23b32574859", "status_code": 200, "duration_ms": 9.1}
{"timestamp": "2026-09-08T05:18:40.148377", "log_type": "api_request", "method": "GET", "path": "/api/issues", "user_id": "6a9e95e6da6fe23b32574859", "status_code": 200, "duration_ms": 8.0}
{"timestamp": "2026-09-08T05:18:47.902174", "log_type": "api_request", "method": "POST", "path": "/auth/logout", "user_id": "6a9e95e6da6fe23b32574859", "status_code": 200, "duration_ms": 4.0}
{"timestamp": "2026-09-08T05:18:47.952208", "log_type": "api_request", "method": "GET", "path": "/login", "user_id": "anonymous", "status_code": 200, "duration_ms": 1.0}
{"timestamp": "2026-09-08T05:18:48.027018", "log_type": "api_request", "method": "GET", "path": "/static/js/toast.js", "user_id": "anonymous", "status_code": 304, "duration_ms": 3.1}
{"timestamp": "2026-09-08T05:18:48.029276", "log_type": "api_request", "method": "GET", "path": "/static/css/main.css", "user_id": "anonymous", "status_code": 304, "duration_ms": 10.5}
{"timestamp": "2026-09-08T05:18:48.030210", "log_type": "api_request", "method": "GET", "path": "/static/css/dashboard.css", "user_id": "anonymous", "status_code": 304, "duration_ms": 9.3}
{"timestamp": "2026-09-08T05:18:48.031329", "log_type": "api_request", "method": "GET", "path": "/static/js/filters.js", "user_id": "anonymous", "status_code": 304, "duration_ms": 6.4}
{"timestamp": "2026-09-08T05:18:52.137345", "log_type": "security_event", "event_type": "login", "user_id": "6a9e95e6da6fe23b32574857", "ip": "127.0.0.1", "details": {}}
{"timestamp": "2026-09-08T05:18:52.141254", "log_type": "api_request", "method": "POST", "path": "/auth/login", "user_id": "anonymous", "status_code": 200, "duration_ms": 544.9}
{"timestamp": "2026-09-08T05:18:53.205751", "log_type": "api_request", "method": "GET", "path": "/citizen/dashboard", "user_id": "6a9e95e6da6fe23b32574857", "status_code": 200, "duration_ms": 24.1}
{"timestamp": "2026-09-08T05:18:53.276482", "log_type": "api_request", "method": "GET", "path": "/static/css/dashboard.css", "user_id": "6a9e95e6da6fe23b32574857", "status_code": 304, "duration_ms": 12.0}
{"timestamp": "2026-09-08T05:18:53.277476", "log_type": "api_request", "method": "GET", "path": "/static/js/toast.js", "user_id": "6a9e95e6da6fe23b32574857", "status_code": 304, "duration_ms": 9.9}
{"timestamp": "2026-09-08T05:18:53.278474", "log_type": "api_request", "method": "GET", "path": "/static/css/main.css", "user_id": "6a9e95e6da6fe23b32574857", "status_code": 304, "duration_ms": 17.0}
{"timestamp": "2026-09-08T05:18:53.282140", "log_type": "api_request", "method": "GET", "path": "/static/js/filters.js", "user_id": "6a9e95e6da6fe23b32574857", "status_code": 304, "duration_ms": 10.6}
{"timestamp": "2026-09-08T05:18:53.286575", "log_type": "api_request", "method": "GET", "path": "/static/js/citizen.js", "user_id": "6a9e95e6da6fe23b32574857", "status_code": 200, "duration_ms": 6.4}
{"timestamp": "2026-09-08T05:18:53.432805", "log_type": "api_request", "method": "GET", "path": "/api/notifications", "user_id": "6a9e95e6da6fe23b32574857", "status_code": 200, "duration_ms": 13.0}
{"timestamp": "2026-09-08T05:18:53.441918", "log_type": "api_request", "method": "GET", "path": "/api/public/map", "user_id": "6a9e95e6da6fe23b32574857", "status_code": 200, "duration_ms": 7.1}
{"timestamp": "2026-09-08T05:18:53.452924", "log_type": "api_request", "method": "GET", "path": "/api/issues", "user_id": "6a9e95e6da6fe23b32574857", "status_code": 200, "duration_ms": 11.0}
{"timestamp": "2026-09-08T05:19:56.073642", "log_type": "api_request", "method": "POST", "path": "/api/issues", "user_id": "6a9e95e6da6fe23b32574857", "status_code": 422, "duration_ms": 45.0}
{"timestamp": "2026-09-08T05:21:23.212319", "log_type": "api_request", "method": "POST", "path": "/api/issues", "user_id": "6a9e95e6da6fe23b32574857", "status_code": 422, "duration_ms": 9.0}
{"timestamp": "2026-09-08T05:22:16.962749", "log_type": "api_request", "method": "POST", "path": "/auth/logout", "user_id": "6a9e95e6da6fe23b32574857", "status_code": 200, "duration_ms": 2.9}
{"timestamp": "2026-09-08T05:22:17.014548", "log_type": "api_request", "method": "GET", "path": "/login", "user_id": "anonymous", "status_code": 200, "duration_ms": 0.9}
{"timestamp": "2026-09-08T05:22:17.100062", "log_type": "api_request", "method": "GET", "path": "/static/css/main.css", "user_id": "anonymous", "status_code": 304, "duration_ms": 6.0}
{"timestamp": "2026-09-08T05:22:17.103061", "log_type": "api_request", "method": "GET", "path": "/static/css/dashboard.css", "user_id": "anonymous", "status_code": 304, "duration_ms": 9.0}
{"timestamp": "2026-09-08T05:22:17.105067", "log_type": "api_request", "method": "GET", "path": "/static/js/toast.js", "user_id": "anonymous", "status_code": 304, "duration_ms": 8.0}
{"timestamp": "2026-09-08T05:22:17.107061", "log_type": "api_request", "method": "GET", "path": "/static/js/filters.js", "user_id": "anonymous", "status_code": 304, "duration_ms": 5.0}
{"timestamp": "2026-09-08T05:22:23.249323", "log_type": "security_event", "event_type": "login", "user_id": "6a9e95e6da6fe23b32574859", "ip": "127.0.0.1", "details": {}}
{"timestamp": "2026-09-08T05:22:23.253403", "log_type": "api_request", "method": "POST", "path": "/auth/login", "user_id": "anonymous", "status_code": 200, "duration_ms": 481.3}
{"timestamp": "2026-09-08T05:22:24.303188", "log_type": "api_request", "method": "GET", "path": "/officer/dashboard", "user_id": "6a9e95e6da6fe23b32574859", "status_code": 200, "duration_ms": 6.0}
{"timestamp": "2026-09-08T05:22:24.362423", "log_type": "api_request", "method": "GET", "path": "/static/css/main.css", "user_id": "6a9e95e6da6fe23b32574859", "status_code": 304, "duration_ms": 14.0}
{"timestamp": "2026-09-08T05:22:24.366325", "log_type": "api_request", "method": "GET", "path": "/static/css/dashboard.css", "user_id": "6a9e95e6da6fe23b32574859", "status_code": 304, "duration_ms": 14.0}
{"timestamp": "2026-09-08T05:22:24.368321", "log_type": "api_request", "method": "GET", "path": "/static/js/toast.js", "user_id": "6a9e95e6da6fe23b32574859", "status_code": 304, "duration_ms": 12.9}
{"timestamp": "2026-09-08T05:22:24.369421", "log_type": "api_request", "method": "GET", "path": "/static/js/filters.js", "user_id": "6a9e95e6da6fe23b32574859", "status_code": 304, "duration_ms": 10.0}
{"timestamp": "2026-09-08T05:22:24.372327", "log_type": "api_request", "method": "GET", "path": "/static/js/dashboard.js", "user_id": "6a9e95e6da6fe23b32574859", "status_code": 304, "duration_ms": 8.0}
{"timestamp": "2026-09-08T05:22:24.459884", "log_type": "api_request", "method": "GET", "path": "/api/notifications", "user_id": "6a9e95e6da6fe23b32574859", "status_code": 200, "duration_ms": 23.0}
{"timestamp": "2026-09-08T05:22:24.469255", "log_type": "api_request", "method": "GET", "path": "/api/officer/briefing", "user_id": "6a9e95e6da6fe23b32574859", "status_code": 200, "duration_ms": 11.4}
{"timestamp": "2026-09-08T05:22:24.482626", "log_type": "api_request", "method": "GET", "path": "/api/issues", "user_id": "6a9e95e6da6fe23b32574859", "status_code": 200, "duration_ms": 10.4}
{"timestamp": "2026-09-08T05:22:24.507621", "log_type": "api_request", "method": "GET", "path": "/api/officer/briefing", "user_id": "6a9e95e6da6fe23b32574859", "status_code": 200, "duration_ms": 17.0}
{"timestamp": "2026-09-08T05:22:24.507621", "log_type": "api_request", "method": "GET", "path": "/api/analytics/overview", "user_id": "6a9e95e6da6fe23b32574859", "status_code": 200, "duration_ms": 56.7}
{"timestamp": "2026-09-08T05:22:24.558089", "log_type": "api_request", "method": "GET", "path": "/api/analytics/overview", "user_id": "6a9e95e6da6fe23b32574859", "status_code": 200, "duration_ms": 38.5}
{"timestamp": "2026-09-08T05:22:26.180797", "log_type": "api_request", "method": "GET", "path": "/api/issues", "user_id": "6a9e95e6da6fe23b32574859", "status_code": 200, "duration_ms": 8.5}
{"timestamp": "2026-09-08T05:22:26.181797", "log_type": "api_request", "method": "GET", "path": "/api/issues", "user_id": "6a9e95e6da6fe23b32574859", "status_code": 200, "duration_ms": 6.0}
{"timestamp": "2026-09-08T05:22:38.931822", "log_type": "api_request", "method": "GET", "path": "/api/issues", "user_id": "6a9e95e6da6fe23b32574859", "status_code": 200, "duration_ms": 8.8}
{"timestamp": "2026-09-08T05:22:38.935451", "log_type": "api_request", "method": "GET", "path": "/api/issues", "user_id": "6a9e95e6da6fe23b32574859", "status_code": 200, "duration_ms": 11.4}
{"timestamp": "2026-09-08T05:22:40.674883", "log_type": "api_request", "method": "GET", "path": "/api/issues", "user_id": "6a9e95e6da6fe23b32574859", "status_code": 200, "duration_ms": 11.0}
{"timestamp": "2026-09-08T05:22:40.680926", "log_type": "api_request", "method": "GET", "path": "/api/issues", "user_id": "6a9e95e6da6fe23b32574859", "status_code": 200, "duration_ms": 14.1}
{"timestamp": "2026-09-08T05:22:41.739896", "log_type": "api_request", "method": "GET", "path": "/api/issues", "user_id": "6a9e95e6da6fe23b32574859", "status_code": 200, "duration_ms": 8.0}
{"timestamp": "2026-09-08T05:22:41.763239", "log_type": "api_request", "method": "GET", "path": "/api/issues", "user_id": "6a9e95e6da6fe23b32574859", "status_code": 200, "duration_ms": 15.0}
{"timestamp": "2026-09-08T05:22:43.055876", "log_type": "api_request", "method": "GET", "path": "/api/issues", "user_id": "6a9e95e6da6fe23b32574859", "status_code": 200, "duration_ms": 10.1}
{"timestamp": "2026-09-08T05:22:43.056868", "log_type": "api_request", "method": "GET", "path": "/api/issues", "user_id": "6a9e95e6da6fe23b32574859", "status_code": 200, "duration_ms": 9.1}
{"timestamp": "2026-09-08T05:22:50.193610", "log_type": "api_request", "method": "GET", "path": "/api/map/issues", "user_id": "6a9e95e6da6fe23b32574859", "status_code": 200, "duration_ms": 19.0}
{"timestamp": "2026-09-08T05:22:50.231640", "log_type": "api_request", "method": "GET", "path": "/api/map/hotspots", "user_id": "6a9e95e6da6fe23b32574859", "status_code": 200, "duration_ms": 55.0}
{"timestamp": "2026-09-08T05:22:50.232597", "log_type": "api_request", "method": "GET", "path": "/api/map/clusters", "user_id": "6a9e95e6da6fe23b32574859", "status_code": 200, "duration_ms": 7.0}
{"timestamp": "2026-09-08T05:22:53.463285", "log_type": "api_request", "method": "GET", "path": "/api/workers", "user_id": "6a9e95e6da6fe23b32574859", "status_code": 200, "duration_ms": 7.0}
{"timestamp": "2026-09-08T05:22:59.252775", "log_type": "api_request", "method": "GET", "path": "/api/analytics/by-ward", "user_id": "6a9e95e6da6fe23b32574859", "status_code": 200, "duration_ms": 25.6}
{"timestamp": "2026-09-08T05:23:00.046910", "log_type": "api_request", "method": "GET", "path": "/api/map/route", "user_id": "6a9e95e6da6fe23b32574859", "status_code": 200, "duration_ms": 3955.2}
{"timestamp": "2026-09-08T05:23:04.485126", "log_type": "api_request", "method": "GET", "path": "/api/analytics/recurring", "user_id": "6a9e95e6da6fe23b32574859", "status_code": 200, "duration_ms": 8.0}
{"timestamp": "2026-09-08T05:23:10.038711", "log_type": "api_request", "method": "GET", "path": "/api/analytics/recurring", "user_id": "6a9e95e6da6fe23b32574859", "status_code": 200, "duration_ms": 8.0}
{"timestamp": "2026-09-08T05:24:23.553249", "log_type": "api_request", "method": "GET", "path": "/api/officer/briefing", "user_id": "6a9e95e6da6fe23b32574859", "status_code": 200, "duration_ms": 8.0}
{"timestamp": "2026-09-08T05:24:23.596150", "log_type": "api_request", "method": "GET", "path": "/api/analytics/overview", "user_id": "6a9e95e6da6fe23b32574859", "status_code": 200, "duration_ms": 48.9}
{"timestamp": "2026-09-08T05:25:04.724349", "log_type": "api_request", "method": "GET", "path": "/", "user_id": "6a9e95e6da6fe23b32574859", "status_code": 302, "duration_ms": 3.0}
{"timestamp": "2026-09-08T05:25:04.757542", "log_type": "api_request", "method": "GET", "path": "/officer/dashboard", "user_id": "6a9e95e6da6fe23b32574859", "status_code": 200, "duration_ms": 9.0}
{"timestamp": "2026-09-08T05:25:04.869400", "log_type": "api_request", "method": "GET", "path": "/static/css/main.css", "user_id": "6a9e95e6da6fe23b32574859", "status_code": 304, "duration_ms": 5.0}
{"timestamp": "2026-09-08T05:25:04.891004", "log_type": "api_request", "method": "GET", "path": "/static/css/dashboard.css", "user_id": "6a9e95e6da6fe23b32574859", "status_code": 304, "duration_ms": 14.1}
{"timestamp": "2026-09-08T05:25:04.892460", "log_type": "api_request", "method": "GET", "path": "/static/js/dashboard.js", "user_id": "6a9e95e6da6fe23b32574859", "status_code": 304, "duration_ms": 9.5}
{"timestamp": "2026-09-08T05:25:04.892969", "log_type": "api_request", "method": "GET", "path": "/static/js/filters.js", "user_id": "6a9e95e6da6fe23b32574859", "status_code": 304, "duration_ms": 12.0}
{"timestamp": "2026-09-08T05:25:04.892969", "log_type": "api_request", "method": "GET", "path": "/static/js/toast.js", "user_id": "6a9e95e6da6fe23b32574859", "status_code": 304, "duration_ms": 14.0}
{"timestamp": "2026-09-08T05:25:05.060728", "log_type": "api_request", "method": "GET", "path": "/api/notifications", "user_id": "6a9e95e6da6fe23b32574859", "status_code": 200, "duration_ms": 24.0}
{"timestamp": "2026-09-08T05:25:05.067719", "log_type": "api_request", "method": "GET", "path": "/api/officer/briefing", "user_id": "6a9e95e6da6fe23b32574859", "status_code": 200, "duration_ms": 19.7}
{"timestamp": "2026-09-08T05:25:05.080714", "log_type": "api_request", "method": "GET", "path": "/api/issues", "user_id": "6a9e95e6da6fe23b32574859", "status_code": 200, "duration_ms": 12.0}
{"timestamp": "2026-09-08T05:25:05.093714", "log_type": "api_request", "method": "GET", "path": "/api/officer/briefing", "user_id": "6a9e95e6da6fe23b32574859", "status_code": 200, "duration_ms": 9.0}
{"timestamp": "2026-09-08T05:25:05.096713", "log_type": "api_request", "method": "GET", "path": "/api/analytics/overview", "user_id": "6a9e95e6da6fe23b32574859", "status_code": 200, "duration_ms": 52.0}
{"timestamp": "2026-09-08T05:25:05.129712", "log_type": "api_request", "method": "GET", "path": "/api/analytics/overview", "user_id": "6a9e95e6da6fe23b32574859", "status_code": 200, "duration_ms": 21.0}
{"timestamp": "2026-09-08T05:25:07.532379", "log_type": "api_request", "method": "GET", "path": "/api/issues", "user_id": "6a9e95e6da6fe23b32574859", "status_code": 200, "duration_ms": 8.7}
{"timestamp": "2026-09-08T05:25:07.534380", "log_type": "api_request", "method": "GET", "path": "/api/issues", "user_id": "6a9e95e6da6fe23b32574859", "status_code": 200, "duration_ms": 8.7}
{"timestamp": "2026-09-08T05:31:32.339405", "log_type": "ai_call", "task": "image_classification", "provider": "gemini", "success": false, "confidence": 0.0, "duration_ms": 0.0, "error": "404 models/gemini-1.5-flash is not found for API version v1beta, or is not supported for generateContent. Call ModelService.ListModels to see the list of available models and their supported methods."}
{"timestamp": "2026-09-08T05:31:32.733434", "log_type": "ai_call", "task": "classification", "provider": "gemini", "success": false, "confidence": 0.0, "duration_ms": 0.0, "error": "404 models/gemini-1.5-flash is not found for API version v1beta, or is not supported for generateContent. Call ModelService.ListModels to see the list of available models and their supported methods."}
{"timestamp": "2026-09-08T05:31:32.979488", "log_type": "ai_call", "task": "classification", "provider": "gemini", "success": false, "confidence": 0.0, "duration_ms": 0.0, "error": "404 models/gemini-1.5-flash is not found for API version v1beta, or is not supported for generateContent. Call ModelService.ListModels to see the list of available models and their supported methods."}
{"timestamp": "2026-09-08T05:31:33.220781", "log_type": "ai_call", "task": "classification", "provider": "gemini", "success": false, "confidence": 0.0, "duration_ms": 0.0, "error": "404 models/gemini-1.5-flash is not found for API version v1beta, or is not supported for generateContent. Call ModelService.ListModels to see the list of available models and their supported methods."}
{"timestamp": "2026-09-08T05:31:34.660212", "log_type": "ai_call", "task": "classification", "provider": "gemini", "success": false, "confidence": 0.0, "duration_ms": 0.0, "error": "404 models/gemini-1.5-flash is not found for API version v1beta, or is not supported for generateContent. Call ModelService.ListModels to see the list of available models and their supported methods."}
{"timestamp": "2026-09-08T05:31:34.956698", "log_type": "ai_call", "task": "image_classification", "provider": "gemini", "success": false, "confidence": 0.0, "duration_ms": 0.0, "error": "404 models/gemini-1.5-flash is not found for API version v1beta, or is not supported for generateContent. Call ModelService.ListModels to see the list of available models and their supported methods."}
{"timestamp": "2026-09-08T05:31:35.011237", "log_type": "notification", "event": "complaint_created", "recipient_id": "6a9f9db5f37ab767d3effedd", "delivery_status": "delivered", "error": null}
{"timestamp": "2026-09-08T05:31:35.015773", "log_type": "notification", "event": "ai_analysis_completed", "recipient_id": "6a9f9db5f37ab767d3effedd", "delivery_status": "delivered", "error": null}
{"timestamp": "2026-09-08T05:31:35.039564", "log_type": "api_request", "method": "POST", "path": "/api/issues", "user_id": "6a9f9db5f37ab767d3effedd", "status_code": 201, "duration_ms": 1013.3}
{"timestamp": "2026-09-08T05:31:35.054289", "log_type": "api_request", "method": "GET", "path": "/api/issues", "user_id": "6a9f9db5f37ab767d3effedd", "status_code": 200, "duration_ms": 8.2}
{"timestamp": "2026-09-08T05:31:35.119076", "log_type": "api_request", "method": "GET", "path": "/api/analytics/overview", "user_id": "6a9f9db5f37ab767d3effedf", "status_code": 200, "duration_ms": 61.3}
{"timestamp": "2026-09-08T05:31:35.142150", "log_type": "api_request", "method": "POST", "path": "/api/issues/6a9f9db6f37ab767d3effee0/assign", "user_id": "6a9f9db5f37ab767d3effedf", "status_code": 500, "duration_ms": 18.0}
{"timestamp": "2026-09-08T05:31:35.188538", "log_type": "api_request", "method": "POST", "path": "/api/issues/6a9f9db6f37ab767d3effee0/review", "user_id": "6a9f9db5f37ab767d3effedf", "status_code": 200, "duration_ms": 40.3}
{"timestamp": "2026-09-08T05:33:56.815419", "log_type": "ai_call", "task": "image_classification", "provider": "gemini", "success": true, "confidence": 0.96, "duration_ms": 7254.7, "error": null}
{"timestamp": "2026-09-08T05:34:02.147710", "log_type": "ai_call", "task": "classification", "provider": "gemini", "success": true, "confidence": 0.95, "duration_ms": 5328.8, "error": null}
{"timestamp": "2026-09-08T05:34:09.921493", "log_type": "ai_call", "task": "classification", "provider": "gemini", "success": false, "confidence": 0.0, "duration_ms": 0.0, "error": "429 You exceeded your current quota, please check your plan and billing details. For more information on this error, head to: https://ai.google.dev/gemini-api/docs/rate-limits. To monitor your current usage, head to: https://ai.dev/rate-limit. \n* Quota exceeded for metric: generativelanguage.googleapis.com/generate_content_free_tier_requests, limit: 5, model: gemini-3.8-flash\nPlease retry in 49.835733043s. [links {\n  description: \"Learn more about Gemini API quotas\"\n  url: \"https://ai.google.dev/gemini-api/docs/rate-limits\"\n}\n, violations {\n  quota_metric: \"generativelanguage.googleapis.com/generate_content_free_tier_requests\"\n  quota_id: \"GenerateRequestsPerMinutePerProjectPerModel-FreeTier\"\n  quota_dimensions {\n    key: \"model\"\n    value: \"gemini-3.8-flash\"\n  }\n  quota_dimensions {\n    key: \"location\"\n    value: \"global\"\n  }\n  quota_value: 5\n}\n, retry_delay {\n  seconds: 49\n}\n]"}
{"timestamp": "2026-09-08T05:34:10.739193", "log_type": "ai_call", "task": "classification", "provider": "gemini", "success": false, "confidence": 0.0, "duration_ms": 0.0, "error": "429 You exceeded your current quota, please check your plan and billing details. For more information on this error, head to: https://ai.google.dev/gemini-api/docs/rate-limits. To monitor your current usage, head to: https://ai.dev/rate-limit. \n* Quota exceeded for metric: generativelanguage.googleapis.com/generate_content_free_tier_requests, limit: 5, model: gemini-3.8-flash\nPlease retry in 49.077566657s. [links {\n  description: \"Learn more about Gemini API quotas\"\n  url: \"https://ai.google.dev/gemini-api/docs/rate-limits\"\n}\n, violations {\n  quota_metric: \"generativelanguage.googleapis.com/generate_content_free_tier_requests\"\n  quota_id: \"GenerateRequestsPerMinutePerProjectPerModel-FreeTier\"\n  quota_dimensions {\n    key: \"model\"\n    value: \"gemini-3.8-flash\"\n  }\n  quota_dimensions {\n    key: \"location\"\n    value: \"global\"\n  }\n  quota_value: 5\n}\n, retry_delay {\n  seconds: 49\n}\n]"}
{"timestamp": "2026-09-08T05:34:12.915774", "log_type": "ai_call", "task": "classification", "provider": "gemini", "success": false, "confidence": 0.0, "duration_ms": 0.0, "error": "429 You exceeded your current quota, please check your plan and billing details. For more information on this error, head to: https://ai.google.dev/gemini-api/docs/rate-limits. To monitor your current usage, head to: https://ai.dev/rate-limit. \n* Quota exceeded for metric: generativelanguage.googleapis.com/generate_content_free_tier_requests, limit: 5, model: gemini-3.8-flash\nPlease retry in 46.737948101s. [links {\n  description: \"Learn more about Gemini API quotas\"\n  url: \"https://ai.google.dev/gemini-api/docs/rate-limits\"\n}\n, violations {\n  quota_metric: \"generativelanguage.googleapis.com/generate_content_free_tier_requests\"\n  quota_id: \"GenerateRequestsPerMinutePerProjectPerModel-FreeTier\"\n  quota_dimensions {\n    key: \"model\"\n    value: \"gemini-3.8-flash\"\n  }\n  quota_dimensions {\n    key: \"location\"\n    value: \"global\"\n  }\n  quota_value: 5\n}\n, retry_delay {\n  seconds: 46\n}\n]"}
{"timestamp": "2026-09-08T05:34:13.440476", "log_type": "ai_call", "task": "image_classification", "provider": "gemini", "success": false, "confidence": 0.0, "duration_ms": 0.0, "error": "429 You exceeded your current quota, please check your plan and billing details. For more information on this error, head to: https://ai.google.dev/gemini-api/docs/rate-limits. To monitor your current usage, head to: https://ai.dev/rate-limit. \n* Quota exceeded for metric: generativelanguage.googleapis.com/generate_content_free_tier_requests, limit: 5, model: gemini-3.8-flash\nPlease retry in 46.265213004s. [links {\n  description: \"Learn more about Gemini API quotas\"\n  url: \"https://ai.google.dev/gemini-api/docs/rate-limits\"\n}\n, violations {\n  quota_metric: \"generativelanguage.googleapis.com/generate_content_free_tier_requests\"\n  quota_id: \"GenerateRequestsPerMinutePerProjectPerModel-FreeTier\"\n  quota_dimensions {\n    key: \"model\"\n    value: \"gemini-3.8-flash\"\n  }\n  quota_dimensions {\n    key: \"location\"\n    value: \"global\"\n  }\n  quota_value: 5\n}\n, retry_delay {\n  seconds: 46\n}\n]"}
{"timestamp": "2026-09-08T05:34:13.466471", "log_type": "notification", "event": "complaint_created", "recipient_id": "6a9f9e532770c288eb624afe", "delivery_status": "delivered", "error": null}
{"timestamp": "2026-09-08T05:34:13.469900", "log_type": "notification", "event": "ai_analysis_completed", "recipient_id": "6a9f9e532770c288eb624afe", "delivery_status": "delivered", "error": null}
{"timestamp": "2026-09-08T05:34:13.492137", "log_type": "api_request", "method": "POST", "path": "/api/issues", "user_id": "6a9f9e532770c288eb624afe", "status_code": 500, "duration_ms": 1685.2}
{"timestamp": "2026-09-08T05:34:17.226322", "log_type": "ai_call", "task": "image_classification", "provider": "gemini", "success": false, "confidence": 0.0, "duration_ms": 0.0, "error": "429 You exceeded your current quota, please check your plan and billing details. For more information on this error, head to: https://ai.google.dev/gemini-api/docs/rate-limits. To monitor your current usage, head to: https://ai.dev/rate-limit. \n* Quota exceeded for metric: generativelanguage.googleapis.com/generate_content_free_tier_requests, limit: 5, model: gemini-3.8-flash\nPlease retry in 42.402763645s. [links {\n  description: \"Learn more about Gemini API quotas\"\n  url: \"https://ai.google.dev/gemini-api/docs/rate-limits\"\n}\n, violations {\n  quota_metric: \"generativelanguage.googleapis.com/generate_content_free_tier_requests\"\n  quota_id: \"GenerateRequestsPerMinutePerProjectPerModel-FreeTier\"\n  quota_dimensions {\n    key: \"model\"\n    value: \"gemini-3.8-flash\"\n  }\n  quota_dimensions {\n    key: \"location\"\n    value: \"global\"\n  }\n  quota_value: 5\n}\n, retry_delay {\n  seconds: 42\n}\n]"}
{"timestamp": "2026-09-08T05:34:17.660681", "log_type": "ai_call", "task": "classification", "provider": "gemini", "success": false, "confidence": 0.0, "duration_ms": 0.0, "error": "429 You exceeded your current quota, please check your plan and billing details. For more information on this error, head to: https://ai.google.dev/gemini-api/docs/rate-limits. To monitor your current usage, head to: https://ai.dev/rate-limit. \n* Quota exceeded for metric: generativelanguage.googleapis.com/generate_content_free_tier_requests, limit: 5, model: gemini-3.8-flash\nPlease retry in 41.994905894s. [links {\n  description: \"Learn more about Gemini API quotas\"\n  url: \"https://ai.google.dev/gemini-api/docs/rate-limits\"\n}\n, violations {\n  quota_metric: \"generativelanguage.googleapis.com/generate_content_free_tier_requests\"\n  quota_id: \"GenerateRequestsPerMinutePerProjectPerModel-FreeTier\"\n  quota_dimensions {\n    key: \"model\"\n    value: \"gemini-3.8-flash\"\n  }\n  quota_dimensions {\n    key: \"location\"\n    value: \"global\"\n  }\n  quota_value: 5\n}\n, retry_delay {\n  seconds: 41\n}\n]"}
{"timestamp": "2026-09-08T05:34:18.176016", "log_type": "ai_call", "task": "classification", "provider": "gemini", "success": false, "confidence": 0.0, "duration_ms": 0.0, "error": "429 You exceeded your current quota, please check your plan and billing details. For more information on this error, head to: https://ai.google.dev/gemini-api/docs/rate-limits. To monitor your current usage, head to: https://ai.dev/rate-limit. \n* Quota exceeded for metric: generativelanguage.googleapis.com/generate_content_free_tier_requests, limit: 5, model: gemini-3.8-flash\nPlease retry in 41.445955441s. [links {\n  description: \"Learn more about Gemini API quotas\"\n  url: \"https://ai.google.dev/gemini-api/docs/rate-limits\"\n}\n, violations {\n  quota_metric: \"generativelanguage.googleapis.com/generate_content_free_tier_requests\"\n  quota_id: \"GenerateRequestsPerMinutePerProjectPerModel-FreeTier\"\n  quota_dimensions {\n    key: \"model\"\n    value: \"gemini-3.8-flash\"\n  }\n  quota_dimensions {\n    key: \"location\"\n    value: \"global\"\n  }\n  quota_value: 5\n}\n, retry_delay {\n  seconds: 41\n}\n]"}
{"timestamp": "2026-09-08T05:34:18.634120", "log_type": "ai_call", "task": "classification", "provider": "gemini", "success": false, "confidence": 0.0, "duration_ms": 0.0, "error": "429 You exceeded your current quota, please check your plan and billing details. For more information on this error, head to: https://ai.google.dev/gemini-api/docs/rate-limits. To monitor your current usage, head to: https://ai.dev/rate-limit. \n* Quota exceeded for metric: generativelanguage.googleapis.com/generate_content_free_tier_requests, limit: 5, model: gemini-3.8-flash\nPlease retry in 41.054379306s. [links {\n  description: \"Learn more about Gemini API quotas\"\n  url: \"https://ai.google.dev/gemini-api/docs/rate-limits\"\n}\n, violations {\n  quota_metric: \"generativelanguage.googleapis.com/generate_content_free_tier_requests\"\n  quota_id: \"GenerateRequestsPerMinutePerProjectPerModel-FreeTier\"\n  quota_dimensions {\n    key: \"model\"\n    value: \"gemini-3.8-flash\"\n  }\n  quota_dimensions {\n    key: \"location\"\n    value: \"global\"\n  }\n  quota_value: 5\n}\n, retry_delay {\n  seconds: 41\n}\n]"}
{"timestamp": "2026-09-08T05:34:20.152513", "log_type": "ai_call", "task": "classification", "provider": "gemini", "success": false, "confidence": 0.0, "duration_ms": 0.0, "error": "429 You exceeded your current quota, please check your plan and billing details. For more information on this error, head to: https://ai.google.dev/gemini-api/docs/rate-limits. To monitor your current usage, head to: https://ai.dev/rate-limit. \n* Quota exceeded for metric: generativelanguage.googleapis.com/generate_content_free_tier_requests, limit: 5, model: gemini-3.8-flash\nPlease retry in 39.474020806s. [links {\n  description: \"Learn more about Gemini API quotas\"\n  url: \"https://ai.google.dev/gemini-api/docs/rate-limits\"\n}\n, violations {\n  quota_metric: \"generativelanguage.googleapis.com/generate_content_free_tier_requests\"\n  quota_id: \"GenerateRequestsPerMinutePerProjectPerModel-FreeTier\"\n  quota_dimensions {\n    key: \"model\"\n    value: \"gemini-3.8-flash\"\n  }\n  quota_dimensions {\n    key: \"location\"\n    value: \"global\"\n  }\n  quota_value: 5\n}\n, retry_delay {\n  seconds: 39\n}\n]"}
{"timestamp": "2026-09-08T05:34:20.588194", "log_type": "ai_call", "task": "image_classification", "provider": "gemini", "success": false, "confidence": 0.0, "duration_ms": 0.0, "error": "429 You exceeded your current quota, please check your plan and billing details. For more information on this error, head to: https://ai.google.dev/gemini-api/docs/rate-limits. To monitor your current usage, head to: https://ai.dev/rate-limit. \n* Quota exceeded for metric: generativelanguage.googleapis.com/generate_content_free_tier_requests, limit: 5, model: gemini-3.8-flash\nPlease retry in 39.058799193s. [links {\n  description: \"Learn more about Gemini API quotas\"\n  url: \"https://ai.google.dev/gemini-api/docs/rate-limits\"\n}\n, violations {\n  quota_metric: \"generativelanguage.googleapis.com/generate_content_free_tier_requests\"\n  quota_id: \"GenerateRequestsPerMinutePerProjectPerModel-FreeTier\"\n  quota_dimensions {\n    key: \"model\"\n    value: \"gemini-3.8-flash\"\n  }\n  quota_dimensions {\n    key: \"location\"\n    value: \"global\"\n  }\n  quota_value: 5\n}\n, retry_delay {\n  seconds: 39\n}\n]"}
{"timestamp": "2026-09-08T05:34:20.613259", "log_type": "notification", "event": "complaint_created", "recipient_id": "6a9f9e5bb44c38b3d0301de2", "delivery_status": "delivered", "error": null}
{"timestamp": "2026-09-08T05:34:20.616338", "log_type": "notification", "event": "ai_analysis_completed", "recipient_id": "6a9f9e5bb44c38b3d0301de2", "delivery_status": "delivered", "error": null}
{"timestamp": "2026-09-08T05:34:20.626371", "log_type": "api_request", "method": "POST", "path": "/api/issues", "user_id": "6a9f9e5bb44c38b3d0301de2", "status_code": 500, "duration_ms": 1135.9}
{"timestamp": "2026-09-08T05:34:40.521683", "log_type": "ai_call", "task": "image_classification", "provider": "gemini", "success": false, "confidence": 0.0, "duration_ms": 0.0, "error": "429 You exceeded your current quota, please check your plan and billing details. For more information on this error, head to: https://ai.google.dev/gemini-api/docs/rate-limits. To monitor your current usage, head to: https://ai.dev/rate-limit. \n* Quota exceeded for metric: generativelanguage.googleapis.com/generate_content_free_tier_requests, limit: 5, model: gemini-3.8-flash\nPlease retry in 19.250181377s. [links {\n  description: \"Learn more about Gemini API quotas\"\n  url: \"https://ai.google.dev/gemini-api/docs/rate-limits\"\n}\n, violations {\n  quota_metric: \"generativelanguage.googleapis.com/generate_content_free_tier_requests\"\n  quota_id: \"GenerateRequestsPerMinutePerProjectPerModel-FreeTier\"\n  quota_dimensions {\n    key: \"model\"\n    value: \"gemini-3.8-flash\"\n  }\n  quota_dimensions {\n    key: \"location\"\n    value: \"global\"\n  }\n  quota_value: 5\n}\n, retry_delay {\n  seconds: 19\n}\n]"}
{"timestamp": "2026-09-08T05:34:40.920833", "log_type": "ai_call", "task": "classification", "provider": "gemini", "success": false, "confidence": 0.0, "duration_ms": 0.0, "error": "429 You exceeded your current quota, please check your plan and billing details. For more information on this error, head to: https://ai.google.dev/gemini-api/docs/rate-limits. To monitor your current usage, head to: https://ai.dev/rate-limit. \n* Quota exceeded for metric: generativelanguage.googleapis.com/generate_content_free_tier_requests, limit: 5, model: gemini-3.8-flash\nPlease retry in 18.705567212s. [links {\n  description: \"Learn more about Gemini API quotas\"\n  url: \"https://ai.google.dev/gemini-api/docs/rate-limits\"\n}\n, violations {\n  quota_metric: \"generativelanguage.googleapis.com/generate_content_free_tier_requests\"\n  quota_id: \"GenerateRequestsPerMinutePerProjectPerModel-FreeTier\"\n  quota_dimensions {\n    key: \"model\"\n    value: \"gemini-3.8-flash\"\n  }\n  quota_dimensions {\n    key: \"location\"\n    value: \"global\"\n  }\n  quota_value: 5\n}\n, retry_delay {\n  seconds: 18\n}\n]"}
{"timestamp": "2026-09-08T05:34:41.352330", "log_type": "ai_call", "task": "classification", "provider": "gemini", "success": false, "confidence": 0.0, "duration_ms": 0.0, "error": "429 You exceeded your current quota, please check your plan and billing details. For more information on this error, head to: https://ai.google.dev/gemini-api/docs/rate-limits. To monitor your current usage, head to: https://ai.dev/rate-limit. \n* Quota exceeded for metric: generativelanguage.googleapis.com/generate_content_free_tier_requests, limit: 5, model: gemini-3.8-flash\nPlease retry in 18.329506291s. [links {\n  description: \"Learn more about Gemini API quotas\"\n  url: \"https://ai.google.dev/gemini-api/docs/rate-limits\"\n}\n, violations {\n  quota_metric: \"generativelanguage.googleapis.com/generate_content_free_tier_requests\"\n  quota_id: \"GenerateRequestsPerMinutePerProjectPerModel-FreeTier\"\n  quota_dimensions {\n    key: \"model\"\n    value: \"gemini-3.8-flash\"\n  }\n  quota_dimensions {\n    key: \"location\"\n    value: \"global\"\n  }\n  quota_value: 5\n}\n, retry_delay {\n  seconds: 18\n}\n]"}
{"timestamp": "2026-09-08T05:34:41.792970", "log_type": "ai_call", "task": "classification", "provider": "gemini", "success": false, "confidence": 0.0, "duration_ms": 0.0, "error": "429 You exceeded your current quota, please check your plan and billing details. For more information on this error, head to: https://ai.google.dev/gemini-api/docs/rate-limits. To monitor your current usage, head to: https://ai.dev/rate-limit. \n* Quota exceeded for metric: generativelanguage.googleapis.com/generate_content_free_tier_requests, limit: 5, model: gemini-3.8-flash\nPlease retry in 17.884159231s. [links {\n  description: \"Learn more about Gemini API quotas\"\n  url: \"https://ai.google.dev/gemini-api/docs/rate-limits\"\n}\n, violations {\n  quota_metric: \"generativelanguage.googleapis.com/generate_content_free_tier_requests\"\n  quota_id: \"GenerateRequestsPerMinutePerProjectPerModel-FreeTier\"\n  quota_dimensions {\n    key: \"model\"\n    value: \"gemini-3.8-flash\"\n  }\n  quota_dimensions {\n    key: \"location\"\n    value: \"global\"\n  }\n  quota_value: 5\n}\n, retry_delay {\n  seconds: 17\n}\n]"}
{"timestamp": "2026-09-08T05:34:43.603022", "log_type": "ai_call", "task": "classification", "provider": "gemini", "success": false, "confidence": 0.0, "duration_ms": 0.0, "error": "429 You exceeded your current quota, please check your plan and billing details. For more information on this error, head to: https://ai.google.dev/gemini-api/docs/rate-limits. To monitor your current usage, head to: https://ai.dev/rate-limit. \n* Quota exceeded for metric: generativelanguage.googleapis.com/generate_content_free_tier_requests, limit: 5, model: gemini-3.8-flash\nPlease retry in 16.030733823s. [links {\n  description: \"Learn more about Gemini API quotas\"\n  url: \"https://ai.google.dev/gemini-api/docs/rate-limits\"\n}\n, violations {\n  quota_metric: \"generativelanguage.googleapis.com/generate_content_free_tier_requests\"\n  quota_id: \"GenerateRequestsPerMinutePerProjectPerModel-FreeTier\"\n  quota_dimensions {\n    key: \"model\"\n    value: \"gemini-3.8-flash\"\n  }\n  quota_dimensions {\n    key: \"location\"\n    value: \"global\"\n  }\n  quota_value: 5\n}\n, retry_delay {\n  seconds: 16\n}\n]"}
{"timestamp": "2026-09-08T05:34:44.118560", "log_type": "ai_call", "task": "image_classification", "provider": "gemini", "success": false, "confidence": 0.0, "duration_ms": 0.0, "error": "429 You exceeded your current quota, please check your plan and billing details. For more information on this error, head to: https://ai.google.dev/gemini-api/docs/rate-limits. To monitor your current usage, head to: https://ai.dev/rate-limit. \n* Quota exceeded for metric: generativelanguage.googleapis.com/generate_content_free_tier_requests, limit: 5, model: gemini-3.8-flash\nPlease retry in 15.515183862s. [links {\n  description: \"Learn more about Gemini API quotas\"\n  url: \"https://ai.google.dev/gemini-api/docs/rate-limits\"\n}\n, violations {\n  quota_metric: \"generativelanguage.googleapis.com/generate_content_free_tier_requests\"\n  quota_id: \"GenerateRequestsPerMinutePerProjectPerModel-FreeTier\"\n  quota_dimensions {\n    key: \"model\"\n    value: \"gemini-3.8-flash\"\n  }\n  quota_dimensions {\n    key: \"location\"\n    value: \"global\"\n  }\n  quota_value: 5\n}\n, retry_delay {\n  seconds: 15\n}\n]"}
{"timestamp": "2026-09-08T05:34:44.138135", "log_type": "notification", "event": "complaint_created", "recipient_id": "6a9f9e7218b0272fc8a61e08", "delivery_status": "delivered", "error": null}
{"timestamp": "2026-09-08T05:34:44.140657", "log_type": "notification", "event": "ai_analysis_completed", "recipient_id": "6a9f9e7218b0272fc8a61e08", "delivery_status": "delivered", "error": null}
{"timestamp": "2026-09-08T05:34:44.156436", "log_type": "api_request", "method": "POST", "path": "/api/issues", "user_id": "6a9f9e7218b0272fc8a61e08", "status_code": 201, "duration_ms": 1420.3}
{"timestamp": "2026-09-08T05:34:44.170485", "log_type": "api_request", "method": "GET", "path": "/api/issues", "user_id": "6a9f9e7218b0272fc8a61e08", "status_code": 200, "duration_ms": 4.6}
{"timestamp": "2026-09-08T05:34:44.198433", "log_type": "api_request", "method": "GET", "path": "/api/analytics/overview", "user_id": "6a9f9e7218b0272fc8a61e0a", "status_code": 200, "duration_ms": 24.5}
{"timestamp": "2026-09-08T05:34:44.223685", "log_type": "notification", "event": "complaint_assigned", "recipient_id": "6a9f9e7218b0272fc8a61e08", "delivery_status": "delivered", "error": null}
{"timestamp": "2026-09-08T05:34:44.226699", "log_type": "notification", "event": "complaint_assigned", "recipient_id": "6a9f9e7218b0272fc8a61e09", "delivery_status": "delivered", "error": null}
{"timestamp": "2026-09-08T05:34:44.235464", "log_type": "notification", "event": "complaint_assigned", "recipient_id": "6a9f9e7218b0272fc8a61e09", "delivery_status": "delivered", "error": null}
{"timestamp": "2026-09-08T05:34:44.237351", "log_type": "api_request", "method": "POST", "path": "/api/issues/6a9f9e7318b0272fc8a61e0b/assign", "user_id": "6a9f9e7218b0272fc8a61e0a", "status_code": 200, "duration_ms": 33.4}
{"timestamp": "2026-09-08T05:34:44.288791", "log_type": "api_request", "method": "POST", "path": "/api/issues/6a9f9e7318b0272fc8a61e0b/review", "user_id": "6a9f9e7218b0272fc8a61e0a", "status_code": 200, "duration_ms": 42.6}
{"timestamp": "2026-09-08T05:35:48.601033", "log_type": "ai_call", "task": "image_classification", "provider": "gemini", "success": true, "confidence": 0.95, "duration_ms": 23929.2, "error": null}
{"timestamp": "2026-09-08T05:35:53.826624", "log_type": "ai_call", "task": "image_classification", "provider": "gemini", "success": false, "confidence": 0.0, "duration_ms": 0.0, "error": "[Errno 2] No such file or directory: 'pothole.jpg'"}
{"timestamp": "2026-09-08T05:35:56.409910", "log_type": "ai_call", "task": "classification", "provider": "gemini", "success": true, "confidence": 0.98, "duration_ms": 2581.3, "error": null}
{"timestamp": "2026-09-08T05:36:03.418148", "log_type": "ai_call", "task": "classification", "provider": "gemini", "success": true, "confidence": 0.95, "duration_ms": 2804.4, "error": null}
{"timestamp": "2026-09-08T05:36:06.087224", "log_type": "ai_call", "task": "classification", "provider": "gemini", "success": true, "confidence": 0.0, "duration_ms": 8071.6, "error": null}
{"timestamp": "2026-09-08T05:36:09.119988", "log_type": "api_request", "method": "GET", "path": "/api/invalid-route-xyz", "user_id": "anonymous", "status_code": 404, "duration_ms": 0.6}
{"timestamp": "2026-09-08T05:36:09.122484", "log_type": "api_request", "method": "GET", "path": "/api/health", "user_id": "anonymous", "status_code": 200, "duration_ms": 0.0}
{"timestamp": "2026-09-08T05:36:09.124251", "log_type": "api_request", "method": "GET", "path": "/api/notifications", "user_id": "anonymous", "status_code": 401, "duration_ms": 0.5}
{"timestamp": "2026-09-08T05:36:10.724574", "log_type": "ai_call", "task": "classification", "provider": "gemini", "success": false, "confidence": 0.0, "duration_ms": 0.0, "error": "Invalid control character at: line 3 column 8 (char 31)"}
{"timestamp": "2026-09-08T05:36:10.729919", "log_type": "ai_call", "task": "image_classification", "provider": "gemini", "success": false, "confidence": 0.0, "duration_ms": 0.0, "error": "[Errno 2] No such file or directory: 'missing.webp'"}
{"timestamp": "2026-09-08T05:36:31.633265", "log_type": "ai_call", "task": "classification", "provider": "gemini", "success": false, "confidence": 0.0, "duration_ms": 0.0, "error": "429 You exceeded your current quota, please check your plan and billing details. For more information on this error, head to: https://ai.google.dev/gemini-api/docs/rate-limits. To monitor your current usage, head to: https://ai.dev/rate-limit. \n* Quota exceeded for metric: generativelanguage.googleapis.com/generate_content_free_tier_requests, limit: 5, model: gemini-3.8-flash\nPlease retry in 28.109911887s. [links {\n  description: \"Learn more about Gemini API quotas\"\n  url: \"https://ai.google.dev/gemini-api/docs/rate-limits\"\n}\n, violations {\n  quota_metric: \"generativelanguage.googleapis.com/generate_content_free_tier_requests\"\n  quota_id: \"GenerateRequestsPerMinutePerProjectPerModel-FreeTier\"\n  quota_dimensions {\n    key: \"model\"\n    value: \"gemini-3.8-flash\"\n  }\n  quota_dimensions {\n    key: \"location\"\n    value: \"global\"\n  }\n  quota_value: 5\n}\n, retry_delay {\n  seconds: 28\n}\n]"}
{"timestamp": "2026-09-08T05:36:44.277338", "log_type": "ai_call", "task": "classification", "provider": "gemini", "success": false, "confidence": 0.0, "duration_ms": 0.0, "error": "429 You exceeded your current quota, please check your plan and billing details. For more information on this error, head to: https://ai.google.dev/gemini-api/docs/rate-limits. To monitor your current usage, head to: https://ai.dev/rate-limit. \n* Quota exceeded for metric: generativelanguage.googleapis.com/generate_content_free_tier_requests, limit: 5, model: gemini-3.8-flash\nPlease retry in 15.447734653s. [links {\n  description: \"Learn more about Gemini API quotas\"\n  url: \"https://ai.google.dev/gemini-api/docs/rate-limits\"\n}\n, violations {\n  quota_metric: \"generativelanguage.googleapis.com/generate_content_free_tier_requests\"\n  quota_id: \"GenerateRequestsPerMinutePerProjectPerModel-FreeTier\"\n  quota_dimensions {\n    key: \"model\"\n    value: \"gemini-3.8-flash\"\n  }\n  quota_dimensions {\n    key: \"location\"\n    value: \"global\"\n  }\n  quota_value: 5\n}\n, retry_delay {\n  seconds: 15\n}\n]"}
{"timestamp": "2026-09-08T05:37:02.888719", "log_type": "ai_call", "task": "image_classification", "provider": "gemini", "success": false, "confidence": 0.0, "duration_ms": 0.0, "error": "[Errno 2] No such file or directory: 'pothole.jpg'"}
{"timestamp": "2026-09-08T05:37:04.537519", "log_type": "ai_call", "task": "classification", "provider": "gemini", "success": true, "confidence": 0.98, "duration_ms": 6699.4, "error": null}
{"timestamp": "2026-09-08T05:37:08.543168", "log_type": "ai_call", "task": "classification", "provider": "gemini", "success": true, "confidence": 0.1, "duration_ms": 4113.9, "error": null}
{"timestamp": "2026-09-08T05:37:10.910221", "log_type": "ai_call", "task": "classification", "provider": "gemini", "success": false, "confidence": 0.0, "duration_ms": 0.0, "error": "429 You exceeded your current quota, please check your plan and billing details. For more information on this error, head to: https://ai.google.dev/gemini-api/docs/rate-limits. To monitor your current usage, head to: https://ai.dev/rate-limit. \n* Quota exceeded for metric: generativelanguage.googleapis.com/generate_content_free_tier_requests, limit: 20, model: gemini-3.8-flash\nPlease retry in 48.707506429s. [links {\n  description: \"Learn more about Gemini API quotas\"\n  url: \"https://ai.google.dev/gemini-api/docs/rate-limits\"\n}\n, violations {\n  quota_metric: \"generativelanguage.googleapis.com/generate_content_free_tier_requests\"\n  quota_id: \"GenerateRequestsPerDayPerProjectPerModel-FreeTier\"\n  quota_dimensions {\n    key: \"model\"\n    value: \"gemini-3.8-flash\"\n  }\n  quota_dimensions {\n    key: \"location\"\n    value: \"global\"\n  }\n  quota_value: 20\n}\n, retry_delay {\n  seconds: 48\n}\n]"}
{"timestamp": "2026-09-08T05:37:10.912230", "log_type": "ai_call", "task": "image_classification", "provider": "gemini", "success": false, "confidence": 0.0, "duration_ms": 0.0, "error": "[Errno 2] No such file or directory: 'missing.webp'"}
{"timestamp": "2026-09-08T05:37:13.000362", "log_type": "ai_call", "task": "image_classification", "provider": "gemini", "success": true, "confidence": 0.95, "duration_ms": 8450.1, "error": null}
{"timestamp": "2026-09-08T05:37:13.081832", "log_type": "notification", "event": "complaint_created", "recipient_id": "6a9f9ef92504e9cd3064d206", "delivery_status": "delivered", "error": null}
{"timestamp": "2026-09-08T05:37:13.084847", "log_type": "notification", "event": "ai_analysis_completed", "recipient_id": "6a9f9ef92504e9cd3064d206", "delivery_status": "delivered", "error": null}
{"timestamp": "2026-09-08T05:37:13.108116", "log_type": "api_request", "method": "POST", "path": "/api/issues", "user_id": "6a9f9ef92504e9cd3064d206", "status_code": 201, "duration_ms": 15709.9}
{"timestamp": "2026-09-08T05:37:13.129210", "log_type": "api_request", "method": "GET", "path": "/api/issues", "user_id": "6a9f9ef92504e9cd3064d206", "status_code": 200, "duration_ms": 10.3}
{"timestamp": "2026-09-08T05:37:13.221463", "log_type": "api_request", "method": "GET", "path": "/api/analytics/overview", "user_id": "6a9f9ef92504e9cd3064d208", "status_code": 200, "duration_ms": 87.4}
{"timestamp": "2026-09-08T05:37:13.249471", "log_type": "notification", "event": "complaint_assigned", "recipient_id": "6a9f9ef92504e9cd3064d206", "delivery_status": "delivered", "error": null}
{"timestamp": "2026-09-08T05:37:13.252466", "log_type": "notification", "event": "complaint_assigned", "recipient_id": "6a9f9ef92504e9cd3064d207", "delivery_status": "delivered", "error": null}
{"timestamp": "2026-09-08T05:37:13.259983", "log_type": "notification", "event": "complaint_assigned", "recipient_id": "6a9f9ef92504e9cd3064d207", "delivery_status": "delivered", "error": null}
{"timestamp": "2026-09-08T05:37:13.260985", "log_type": "api_request", "method": "POST", "path": "/api/issues/6a9f9ef92504e9cd3064d209/assign", "user_id": "6a9f9ef92504e9cd3064d208", "status_code": 200, "duration_ms": 34.8}
{"timestamp": "2026-09-08T05:37:13.306243", "log_type": "api_request", "method": "POST", "path": "/api/issues/6a9f9ef92504e9cd3064d209/review", "user_id": "6a9f9ef92504e9cd3064d208", "status_code": 200, "duration_ms": 36.5}
{"timestamp": "2026-09-08T05:37:15.472553", "log_type": "api_request", "method": "GET", "path": "/api/invalid-route-xyz", "user_id": "anonymous", "status_code": 404, "duration_ms": 0.0}
{"timestamp": "2026-09-08T05:37:15.476296", "log_type": "api_request", "method": "GET", "path": "/api/health", "user_id": "anonymous", "status_code": 200, "duration_ms": 0.6}
{"timestamp": "2026-09-08T05:37:15.479347", "log_type": "api_request", "method": "GET", "path": "/api/notifications", "user_id": "anonymous", "status_code": 401, "duration_ms": 0.0}
{"timestamp": "2026-09-08T05:38:02.177642", "log_type": "ai_call", "task": "image_classification", "provider": "gemini", "success": false, "confidence": 0.0, "duration_ms": 0.0, "error": "429 You exceeded your current quota, please check your plan and billing details. For more information on this error, head to: https://ai.google.dev/gemini-api/docs/rate-limits. To monitor your current usage, head to: https://ai.dev/rate-limit. \n* Quota exceeded for metric: generativelanguage.googleapis.com/generate_content_free_tier_requests, limit: 20, model: gemini-3.8-flash\nPlease retry in 57.480650517s. [links {\n  description: \"Learn more about Gemini API quotas\"\n  url: \"https://ai.google.dev/gemini-api/docs/rate-limits\"\n}\n, violations {\n  quota_metric: \"generativelanguage.googleapis.com/generate_content_free_tier_requests\"\n  quota_id: \"GenerateRequestsPerDayPerProjectPerModel-FreeTier\"\n  quota_dimensions {\n    key: \"model\"\n    value: \"gemini-3.8-flash\"\n  }\n  quota_dimensions {\n    key: \"location\"\n    value: \"global\"\n  }\n  quota_value: 20\n}\n, retry_delay {\n  seconds: 57\n}\n]"}
{"timestamp": "2026-09-08T05:38:21.575543", "log_type": "ai_call", "task": "image_classification", "provider": "gemini", "success": false, "confidence": 0.0, "duration_ms": 0.0, "error": "[Errno 2] No such file or directory: 'pothole.jpg'"}
{"timestamp": "2026-09-08T05:38:23.150044", "log_type": "ai_call", "task": "classification", "provider": "gemini", "success": false, "confidence": 0.0, "duration_ms": 0.0, "error": "429 You exceeded your current quota, please check your plan and billing details. For more information on this error, head to: https://ai.google.dev/gemini-api/docs/rate-limits. To monitor your current usage, head to: https://ai.dev/rate-limit. \n* Quota exceeded for metric: generativelanguage.googleapis.com/generate_content_free_tier_requests, limit: 20, model: gemini-3.8-flash\nPlease retry in 36.691205839s. [links {\n  description: \"Learn more about Gemini API quotas\"\n  url: \"https://ai.google.dev/gemini-api/docs/rate-limits\"\n}\n, violations {\n  quota_metric: \"generativelanguage.googleapis.com/generate_content_free_tier_requests\"\n  quota_id: \"GenerateRequestsPerDayPerProjectPerModel-FreeTier\"\n  quota_dimensions {\n    key: \"model\"\n    value: \"gemini-3.8-flash\"\n  }\n  quota_dimensions {\n    key: \"location\"\n    value: \"global\"\n  }\n  quota_value: 20\n}\n, retry_delay {\n  seconds: 36\n}\n]"}
{"timestamp": "2026-09-08T05:38:24.011230", "log_type": "ai_call", "task": "classification", "provider": "gemini", "success": false, "confidence": 0.0, "duration_ms": 0.0, "error": "429 You exceeded your current quota, please check your plan and billing details. For more information on this error, head to: https://ai.google.dev/gemini-api/docs/rate-limits. To monitor your current usage, head to: https://ai.dev/rate-limit. \n* Quota exceeded for metric: generativelanguage.googleapis.com/generate_content_free_tier_requests, limit: 20, model: gemini-3.8-flash\nPlease retry in 35.62691654s. [links {\n  description: \"Learn more about Gemini API quotas\"\n  url: \"https://ai.google.dev/gemini-api/docs/rate-limits\"\n}\n, violations {\n  quota_metric: \"generativelanguage.googleapis.com/generate_content_free_tier_requests\"\n  quota_id: \"GenerateRequestsPerDayPerProjectPerModel-FreeTier\"\n  quota_dimensions {\n    key: \"model\"\n    value: \"gemini-3.8-flash\"\n  }\n  quota_dimensions {\n    key: \"location\"\n    value: \"global\"\n  }\n  quota_value: 20\n}\n, retry_delay {\n  seconds: 35\n}\n]"}
{"timestamp": "2026-09-08T05:38:27.820250", "log_type": "ai_call", "task": "classification", "provider": "gemini", "success": false, "confidence": 0.0, "duration_ms": 0.0, "error": "429 You exceeded your current quota, please check your plan and billing details. For more information on this error, head to: https://ai.google.dev/gemini-api/docs/rate-limits. To monitor your current usage, head to: https://ai.dev/rate-limit. \n* Quota exceeded for metric: generativelanguage.googleapis.com/generate_content_free_tier_requests, limit: 20, model: gemini-3.8-flash\nPlease retry in 31.811342335s. [links {\n  description: \"Learn more about Gemini API quotas\"\n  url: \"https://ai.google.dev/gemini-api/docs/rate-limits\"\n}\n, violations {\n  quota_metric: \"generativelanguage.googleapis.com/generate_content_free_tier_requests\"\n  quota_id: \"GenerateRequestsPerDayPerProjectPerModel-FreeTier\"\n  quota_dimensions {\n    key: \"model\"\n    value: \"gemini-3.8-flash\"\n  }\n  quota_dimensions {\n    key: \"location\"\n    value: \"global\"\n  }\n  quota_value: 20\n}\n, retry_delay {\n  seconds: 31\n}\n]"}
{"timestamp": "2026-09-08T05:38:27.822862", "log_type": "ai_call", "task": "image_classification", "provider": "gemini", "success": false, "confidence": 0.0, "duration_ms": 0.0, "error": "[Errno 2] No such file or directory: 'missing.webp'"}
{"timestamp": "2026-09-08T05:38:31.642436", "log_type": "api_request", "method": "GET", "path": "/api/invalid-route-xyz", "user_id": "anonymous", "status_code": 404, "duration_ms": 0.0}
{"timestamp": "2026-09-08T05:38:31.644484", "log_type": "api_request", "method": "GET", "path": "/api/health", "user_id": "anonymous", "status_code": 200, "duration_ms": 0.0}
{"timestamp": "2026-09-08T05:38:31.646670", "log_type": "api_request", "method": "GET", "path": "/api/notifications", "user_id": "anonymous", "status_code": 401, "duration_ms": 0.0}
{"timestamp": "2026-09-08T05:38:43.790414", "log_type": "ai_call", "task": "classification", "provider": "gemini", "success": false, "confidence": 0.0, "duration_ms": 0.0, "error": "429 You exceeded your current quota, please check your plan and billing details. For more information on this error, head to: https://ai.google.dev/gemini-api/docs/rate-limits. To monitor your current usage, head to: https://ai.dev/rate-limit. \n* Quota exceeded for metric: generativelanguage.googleapis.com/generate_content_free_tier_requests, limit: 20, model: gemini-3.8-flash\nPlease retry in 15.874294658s. [links {\n  description: \"Learn more about Gemini API quotas\"\n  url: \"https://ai.google.dev/gemini-api/docs/rate-limits\"\n}\n, violations {\n  quota_metric: \"generativelanguage.googleapis.com/generate_content_free_tier_requests\"\n  quota_id: \"GenerateRequestsPerDayPerProjectPerModel-FreeTier\"\n  quota_dimensions {\n    key: \"model\"\n    value: \"gemini-3.8-flash\"\n  }\n  quota_dimensions {\n    key: \"location\"\n    value: \"global\"\n  }\n  quota_value: 20\n}\n, retry_delay {\n  seconds: 15\n}\n]"}
{"timestamp": "2026-09-08T05:39:04.601584", "log_type": "ai_call", "task": "classification", "provider": "gemini", "success": false, "confidence": 0.0, "duration_ms": 0.0, "error": "429 You exceeded your current quota, please check your plan and billing details. For more information on this error, head to: https://ai.google.dev/gemini-api/docs/rate-limits. To monitor your current usage, head to: https://ai.dev/rate-limit. \n* Quota exceeded for metric: generativelanguage.googleapis.com/generate_content_free_tier_requests, limit: 20, model: gemini-3.8-flash\nPlease retry in 55.04877001s. [links {\n  description: \"Learn more about Gemini API quotas\"\n  url: \"https://ai.google.dev/gemini-api/docs/rate-limits\"\n}\n, violations {\n  quota_metric: \"generativelanguage.googleapis.com/generate_content_free_tier_requests\"\n  quota_id: \"GenerateRequestsPerDayPerProjectPerModel-FreeTier\"\n  quota_dimensions {\n    key: \"model\"\n    value: \"gemini-3.8-flash\"\n  }\n  quota_dimensions {\n    key: \"location\"\n    value: \"global\"\n  }\n  quota_value: 20\n}\n, retry_delay {\n  seconds: 55\n}\n]"}
{"timestamp": "2026-09-08T05:39:26.592805", "log_type": "ai_call", "task": "classification", "provider": "gemini", "success": false, "confidence": 0.0, "duration_ms": 0.0, "error": "429 You exceeded your current quota, please check your plan and billing details. For more information on this error, head to: https://ai.google.dev/gemini-api/docs/rate-limits. To monitor your current usage, head to: https://ai.dev/rate-limit. \n* Quota exceeded for metric: generativelanguage.googleapis.com/generate_content_free_tier_requests, limit: 20, model: gemini-3.8-flash\nPlease retry in 33.01536676s. [links {\n  description: \"Learn more about Gemini API quotas\"\n  url: \"https://ai.google.dev/gemini-api/docs/rate-limits\"\n}\n, violations {\n  quota_metric: \"generativelanguage.googleapis.com/generate_content_free_tier_requests\"\n  quota_id: \"GenerateRequestsPerDayPerProjectPerModel-FreeTier\"\n  quota_dimensions {\n    key: \"model\"\n    value: \"gemini-3.8-flash\"\n  }\n  quota_dimensions {\n    key: \"location\"\n    value: \"global\"\n  }\n  quota_value: 20\n}\n, retry_delay {\n  seconds: 33\n}\n]"}
{"timestamp": "2026-09-08T05:39:27.114215", "log_type": "ai_call", "task": "image_classification", "provider": "gemini", "success": false, "confidence": 0.0, "duration_ms": 0.0, "error": "429 You exceeded your current quota, please check your plan and billing details. For more information on this error, head to: https://ai.google.dev/gemini-api/docs/rate-limits. To monitor your current usage, head to: https://ai.dev/rate-limit. \n* Quota exceeded for metric: generativelanguage.googleapis.com/generate_content_free_tier_requests, limit: 20, model: gemini-3.8-flash\nPlease retry in 32.569929062s. [links {\n  description: \"Learn more about Gemini API quotas\"\n  url: \"https://ai.google.dev/gemini-api/docs/rate-limits\"\n}\n, violations {\n  quota_metric: \"generativelanguage.googleapis.com/generate_content_free_tier_requests\"\n  quota_id: \"GenerateRequestsPerDayPerProjectPerModel-FreeTier\"\n  quota_dimensions {\n    key: \"model\"\n    value: \"gemini-3.8-flash\"\n  }\n  quota_dimensions {\n    key: \"location\"\n    value: \"global\"\n  }\n  quota_value: 20\n}\n, retry_delay {\n  seconds: 32\n}\n]"}
{"timestamp": "2026-09-08T05:39:27.145388", "log_type": "notification", "event": "complaint_created", "recipient_id": "6a9f9f8d41cdee1b9c348016", "delivery_status": "delivered", "error": null}
{"timestamp": "2026-09-08T05:39:27.148636", "log_type": "notification", "event": "ai_analysis_completed", "recipient_id": "6a9f9f8d41cdee1b9c348016", "delivery_status": "delivered", "error": null}
{"timestamp": "2026-09-08T05:39:27.167342", "log_type": "api_request", "method": "POST", "path": "/api/issues", "user_id": "6a9f9f8d41cdee1b9c348016", "status_code": 201, "duration_ms": 1555.2}
{"timestamp": "2026-09-08T05:39:27.183014", "log_type": "api_request", "method": "GET", "path": "/api/issues", "user_id": "6a9f9f8d41cdee1b9c348016", "status_code": 200, "duration_ms": 6.5}
{"timestamp": "2026-09-08T05:39:27.223640", "log_type": "api_request", "method": "GET", "path": "/api/analytics/overview", "user_id": "6a9f9f8d41cdee1b9c348018", "status_code": 200, "duration_ms": 35.6}
{"timestamp": "2026-09-08T05:39:27.252402", "log_type": "notification", "event": "complaint_assigned", "recipient_id": "6a9f9f8d41cdee1b9c348016", "delivery_status": "delivered", "error": null}
{"timestamp": "2026-09-08T05:39:27.256571", "log_type": "notification", "event": "complaint_assigned", "recipient_id": "6a9f9f8d41cdee1b9c348017", "delivery_status": "delivered", "error": null}
{"timestamp": "2026-09-08T05:39:27.265154", "log_type": "notification", "event": "complaint_assigned", "recipient_id": "6a9f9f8d41cdee1b9c348017", "delivery_status": "delivered", "error": null}
{"timestamp": "2026-09-08T05:39:27.267175", "log_type": "api_request", "method": "POST", "path": "/api/issues/6a9f9f8e41cdee1b9c348019/assign", "user_id": "6a9f9f8d41cdee1b9c348018", "status_code": 200, "duration_ms": 38.3}
{"timestamp": "2026-09-08T05:39:27.335247", "log_type": "api_request", "method": "POST", "path": "/api/issues/6a9f9f8e41cdee1b9c348019/review", "user_id": "6a9f9f8d41cdee1b9c348018", "status_code": 200, "duration_ms": 59.2}
{"timestamp": "2026-09-08T05:40:48.352399", "log_type": "ai_call", "task": "image_classification", "provider": "gemini", "success": false, "confidence": 0.0, "duration_ms": 0.0, "error": "[Errno 2] No such file or directory: 'pothole.jpg'"}
{"timestamp": "2026-09-08T05:40:55.798909", "log_type": "ai_call", "task": "classification", "provider": "gemini", "success": true, "confidence": 0.1, "duration_ms": 5914.2, "error": null}
{"timestamp": "2026-09-08T05:40:58.785204", "log_type": "api_request", "method": "GET", "path": "/api/invalid-route-xyz", "user_id": "anonymous", "status_code": 404, "duration_ms": 0.5}
{"timestamp": "2026-09-08T05:40:58.789707", "log_type": "api_request", "method": "GET", "path": "/api/health", "user_id": "anonymous", "status_code": 200, "duration_ms": 0.0}
{"timestamp": "2026-09-08T05:40:58.792815", "log_type": "api_request", "method": "GET", "path": "/api/notifications", "user_id": "anonymous", "status_code": 401, "duration_ms": 0.7}
{"timestamp": "2026-09-08T05:45:15.370102", "log_type": "ai_call", "task": "image_classification", "provider": "gemini", "success": false, "confidence": 0.0, "duration_ms": 0.0, "error": "[Errno 2] No such file or directory: 'non_existent_image.jpg'"}
{"timestamp": "2026-09-08T05:45:24.772485", "log_type": "ai_call", "task": "classification", "provider": "gemini", "success": true, "confidence": 0.95, "duration_ms": 9399.7, "error": null}
{"timestamp": "2026-09-08T05:45:42.581683", "log_type": "ai_call", "task": "classification", "provider": "gemini", "success": true, "confidence": 0.95, "duration_ms": 17807.2, "error": null}
{"timestamp": "2026-09-08T05:45:46.307473", "log_type": "ai_call", "task": "image_classification", "provider": "gemini", "success": false, "confidence": 0.0, "duration_ms": 0.0, "error": "[Errno 2] No such file or directory: 'pothole.jpg'"}
{"timestamp": "2026-09-08T05:46:10.658050", "log_type": "ai_call", "task": "image_classification", "provider": "gemini", "success": false, "confidence": 0.0, "duration_ms": 0.0, "error": "[Errno 2] No such file or directory: 'non_existent_image.jpg'"}
{"timestamp": "2026-09-08T05:46:13.438852", "log_type": "ai_call", "task": "classification", "provider": "gemini", "success": true, "confidence": 0.1, "duration_ms": 25381.2, "error": null}
{"timestamp": "2026-09-08T05:46:22.567929", "log_type": "ai_call", "task": "image_classification", "provider": "gemini", "success": false, "confidence": 0.0, "duration_ms": 0.0, "error": "[Errno 2] No such file or directory: 'pothole.jpg'"}
{"timestamp": "2026-09-08T05:46:29.805817", "log_type": "ai_call", "task": "classification", "provider": "gemini", "success": true, "confidence": 0.1, "duration_ms": 5526.9, "error": null}
{"timestamp": "2026-09-08T05:46:34.019926", "log_type": "ai_call", "task": "classification", "provider": "gemini", "success": true, "confidence": 0.95, "duration_ms": 23359.6, "error": null}
{"timestamp": "2026-09-08T05:46:42.071039", "log_type": "ai_call", "task": "classification", "provider": "gemini", "success": true, "confidence": 1.0, "duration_ms": 8049.4, "error": null}
{"timestamp": "2026-09-08T05:46:42.835272", "log_type": "api_request", "method": "GET", "path": "/api/auth/me", "user_id": "anonymous", "status_code": 404, "duration_ms": 0.0}
{"timestamp": "2026-09-08T05:46:47.990261", "log_type": "api_request", "method": "GET", "path": "/api/invalid-route-xyz", "user_id": "anonymous", "status_code": 404, "duration_ms": 0.0}
{"timestamp": "2026-09-08T05:46:47.995287", "log_type": "api_request", "method": "GET", "path": "/api/health", "user_id": "anonymous", "status_code": 200, "duration_ms": 0.6}
{"timestamp": "2026-09-08T05:46:47.999195", "log_type": "api_request", "method": "GET", "path": "/api/notifications", "user_id": "anonymous", "status_code": 401, "duration_ms": 0.6}
{"timestamp": "2026-09-08T05:47:04.483684", "log_type": "ai_call", "task": "classification", "provider": "gemini", "success": true, "confidence": 1.0, "duration_ms": 4020.0, "error": null}
{"timestamp": "2026-09-08T05:47:04.489230", "log_type": "ai_call", "task": "image_classification", "provider": "gemini", "success": false, "confidence": 0.0, "duration_ms": 0.0, "error": "[Errno 2] No such file or directory: 'missing.webp'"}
{"timestamp": "2026-09-08T05:47:44.832514", "log_type": "ai_call", "task": "classification", "provider": "gemini", "success": true, "confidence": 1.0, "duration_ms": 8509.6, "error": null}
{"timestamp": "2026-09-08T05:47:44.834618", "log_type": "ai_call", "task": "image_classification", "provider": "gemini", "success": false, "confidence": 0.0, "duration_ms": 0.0, "error": "[Errno 2] No such file or directory: 'missing.webp'"}
{"timestamp": "2026-09-08T05:47:47.233130", "log_type": "ai_call", "task": "image_classification", "provider": "gemini", "success": false, "confidence": 0.0, "duration_ms": 0.0, "error": "[Errno 2] No such file or directory: 'non_existent_image.jpg'"}
{"timestamp": "2026-09-08T05:47:55.868835", "log_type": "ai_call", "task": "classification", "provider": "gemini", "success": true, "confidence": 0.95, "duration_ms": 8633.8, "error": null}
{"timestamp": "2026-09-08T05:48:11.562932", "log_type": "ai_call", "task": "classification", "provider": "gemini", "success": true, "confidence": 0.95, "duration_ms": 15691.1, "error": null}
{"timestamp": "2026-09-08T05:48:12.193498", "log_type": "api_request", "method": "GET", "path": "/auth/me", "user_id": "anonymous", "status_code": 404, "duration_ms": 20.6}
{"timestamp": "2026-09-08T05:48:14.497976", "log_type": "api_request", "method": "GET", "path": "/api/workers", "user_id": "6a9fa19d165154ae8c521ae8", "status_code": 403, "duration_ms": 9.0}
{"timestamp": "2026-09-08T05:48:15.199016", "log_type": "ai_call", "task": "image_classification", "provider": "gemini", "success": false, "confidence": 0.0, "duration_ms": 0.0, "error": "[Errno 2] No such file or directory: 'pothole.jpg'"}
{"timestamp": "2026-09-08T05:48:17.779581", "log_type": "api_request", "method": "GET", "path": "/api/invalid-route-xyz", "user_id": "anonymous", "status_code": 404, "duration_ms": 0.0}
{"timestamp": "2026-09-08T05:48:17.783651", "log_type": "api_request", "method": "GET", "path": "/api/health", "user_id": "anonymous", "status_code": 200, "duration_ms": 0.0}
{"timestamp": "2026-09-08T05:48:17.787385", "log_type": "api_request", "method": "GET", "path": "/api/notifications", "user_id": "anonymous", "status_code": 401, "duration_ms": 0.0}
{"timestamp": "2026-09-08T05:48:31.083635", "log_type": "ai_call", "task": "image_classification", "provider": "gemini", "success": false, "confidence": 0.0, "duration_ms": 0.0, "error": "[Errno 2] No such file or directory: 'non_existent_image.jpg'"}
{"timestamp": "2026-09-08T05:48:38.080505", "log_type": "ai_call", "task": "classification", "provider": "gemini", "success": true, "confidence": 0.95, "duration_ms": 6995.2, "error": null}
{"timestamp": "2026-09-08T05:48:38.080505", "log_type": "ai_call", "task": "classification", "provider": "gemini", "success": true, "confidence": 0.0, "duration_ms": 21302.5, "error": null}
{"timestamp": "2026-09-08T05:48:47.151472", "log_type": "ai_call", "task": "classification", "provider": "gemini", "success": true, "confidence": 1.0, "duration_ms": 9068.5, "error": null}
{"timestamp": "2026-09-08T05:48:47.886601", "log_type": "api_request", "method": "GET", "path": "/auth/me", "user_id": "anonymous", "status_code": 404, "duration_ms": 22.6}
{"timestamp": "2026-09-08T05:48:50.203735", "log_type": "api_request", "method": "GET", "path": "/api/workers", "user_id": "6a9fa1c1a2039aa7782d07fe", "status_code": 403, "duration_ms": 6.4}
{"timestamp": "2026-09-08T05:48:53.812996", "log_type": "api_request", "method": "GET", "path": "/api/invalid-route-xyz", "user_id": "anonymous", "status_code": 404, "duration_ms": 0.7}
{"timestamp": "2026-09-08T05:48:53.820055", "log_type": "api_request", "method": "GET", "path": "/api/health", "user_id": "anonymous", "status_code": 200, "duration_ms": 0.7}
{"timestamp": "2026-09-08T05:48:53.826209", "log_type": "api_request", "method": "GET", "path": "/api/notifications", "user_id": "anonymous", "status_code": 401, "duration_ms": 0.0}
{"timestamp": "2026-09-08T05:49:07.472111", "log_type": "ai_call", "task": "image_classification", "provider": "gemini", "success": false, "confidence": 0.0, "duration_ms": 0.0, "error": "[Errno 2] No such file or directory: 'missing.webp'"}
{"timestamp": "2026-09-08T05:49:10.465194", "log_type": "ai_call", "task": "image_classification", "provider": "gemini", "success": false, "confidence": 0.0, "duration_ms": 0.0, "error": "[Errno 2] No such file or directory: 'non_existent_image.jpg'"}
{"timestamp": "2026-09-08T05:49:15.129070", "log_type": "ai_call", "task": "classification", "provider": "gemini", "success": true, "confidence": 0.98, "duration_ms": 4662.8, "error": null}
{"timestamp": "2026-09-08T05:49:22.132670", "log_type": "ai_call", "task": "classification", "provider": "gemini", "success": true, "confidence": 0.98, "duration_ms": 7001.5, "error": null}
{"timestamp": "2026-09-08T05:49:22.524326", "log_type": "notification", "event": "complaint_assigned", "recipient_id": "6a9fa1e2401b1817c61975d5", "delivery_status": "delivered", "error": null}
{"timestamp": "2026-09-08T05:49:22.529374", "log_type": "notification", "event": "complaint_assigned", "recipient_id": "6a9fa1e2401b1817c61975d5", "delivery_status": "delivered", "error": null}
{"timestamp": "2026-09-08T05:49:22.777608", "log_type": "api_request", "method": "GET", "path": "/auth/me", "user_id": "anonymous", "status_code": 401, "duration_ms": 0.0}
{"timestamp": "2026-09-08T05:49:25.192026", "log_type": "api_request", "method": "GET", "path": "/api/workers", "user_id": "6a9fa1e4401b1817c61975e6", "status_code": 403, "duration_ms": 4.0}
{"timestamp": "2026-09-08T05:49:28.228284", "log_type": "api_request", "method": "GET", "path": "/api/invalid-route-xyz", "user_id": "anonymous", "status_code": 404, "duration_ms": 0.0}
{"timestamp": "2026-09-08T05:49:28.233987", "log_type": "api_request", "method": "GET", "path": "/api/health", "user_id": "anonymous", "status_code": 200, "duration_ms": 0.6}
{"timestamp": "2026-09-08T05:49:28.238364", "log_type": "api_request", "method": "GET", "path": "/api/notifications", "user_id": "anonymous", "status_code": 401, "duration_ms": 0.0}
{"timestamp": "2026-09-08T05:50:33.312174", "log_type": "ai_call", "task": "image_classification", "provider": "gemini", "success": false, "confidence": 0.0, "duration_ms": 0.0, "error": "[Errno 2] No such file or directory: 'non_existent_image.jpg'"}
{"timestamp": "2026-09-08T05:50:42.818650", "log_type": "ai_call", "task": "classification", "provider": "gemini", "success": true, "confidence": 1.0, "duration_ms": 9505.0, "error": null}
{"timestamp": "2026-09-08T05:50:50.075903", "log_type": "ai_call", "task": "classification", "provider": "gemini", "success": true, "confidence": 0.98, "duration_ms": 7254.7, "error": null}
{"timestamp": "2026-09-08T05:50:50.300837", "log_type": "notification", "event": "complaint_assigned", "recipient_id": "6a9fa23a5b929788afc06db7", "delivery_status": "delivered", "error": null}
{"timestamp": "2026-09-08T05:50:50.304461", "log_type": "notification", "event": "complaint_assigned", "recipient_id": "6a9fa23a5b929788afc06db7", "delivery_status": "delivered", "error": null}
{"timestamp": "2026-09-08T05:50:50.440925", "log_type": "api_request", "method": "GET", "path": "/auth/me", "user_id": "anonymous", "status_code": 401, "duration_ms": 0.3}
{"timestamp": "2026-09-08T05:50:51.489001", "log_type": "api_request", "method": "GET", "path": "/api/workers", "user_id": "6a9fa23b5b929788afc06dc8", "status_code": 403, "duration_ms": 1.1}
{"timestamp": "2026-09-08T05:50:53.004203", "log_type": "api_request", "method": "GET", "path": "/api/invalid-route-xyz", "user_id": "anonymous", "status_code": 404, "duration_ms": 0.0}
{"timestamp": "2026-09-08T05:50:53.006670", "log_type": "api_request", "method": "GET", "path": "/api/health", "user_id": "anonymous", "status_code": 200, "duration_ms": 0.6}
{"timestamp": "2026-09-08T05:50:53.008500", "log_type": "api_request", "method": "GET", "path": "/api/notifications", "user_id": "anonymous", "status_code": 401, "duration_ms": 0.0}
{"timestamp": "2026-09-08T05:50:54.542709", "log_type": "ai_call", "task": "image_classification", "provider": "gemini", "success": false, "confidence": 0.0, "duration_ms": 0.0, "error": "[Errno 2] No such file or directory: 'pothole.jpg'"}
{"timestamp": "2026-09-08T05:51:01.470115", "log_type": "ai_call", "task": "classification", "provider": "gemini", "success": true, "confidence": 0.0, "duration_ms": 6227.9, "error": null}
{"timestamp": "2026-09-08T05:51:15.561057", "log_type": "ai_call", "task": "image_classification", "provider": "gemini", "success": false, "confidence": 0.0, "duration_ms": 0.0, "error": "[Errno 2] No such file or directory: 'missing.webp'"}
{"timestamp": "2026-09-08T05:57:24.425668", "log_type": "api_request", "method": "GET", "path": "/api/health", "user_id": "anonymous", "status_code": 200, "duration_ms": 0.0}
{"timestamp": "2026-09-08T05:57:24.875533", "log_type": "api_request", "method": "POST", "path": "/auth/register", "user_id": "anonymous", "status_code": 422, "duration_ms": 4.5}
{"timestamp": "2026-09-08T05:57:24.879736", "log_type": "api_request", "method": "POST", "path": "/auth/register", "user_id": "anonymous", "status_code": 403, "duration_ms": 1.2}
{"timestamp": "2026-09-08T05:57:24.882158", "log_type": "api_request", "method": "POST", "path": "/auth/register", "user_id": "anonymous", "status_code": 403, "duration_ms": 0.6}
{"timestamp": "2026-09-08T05:57:24.893742", "log_type": "security_event", "event_type": "failed_login", "user_id": "anonymous", "ip": "127.0.0.1", "details": {"email": "riya@test.sc"}}
{"timestamp": "2026-09-08T05:57:24.894266", "log_type": "api_request", "method": "POST", "path": "/auth/login", "user_id": "anonymous", "status_code": 401, "duration_ms": 2.4}
{"timestamp": "2026-09-08T05:58:10.439443", "log_type": "api_request", "method": "GET", "path": "/api/health", "user_id": "anonymous", "status_code": 200, "duration_ms": 0.5}
{"timestamp": "2026-09-08T05:58:10.902826", "log_type": "api_request", "method": "POST", "path": "/api/auth/register", "user_id": "anonymous", "status_code": 404, "duration_ms": 0.0}
{"timestamp": "2026-09-08T05:58:10.905737", "log_type": "api_request", "method": "POST", "path": "/auth/register", "user_id": "anonymous", "status_code": 422, "duration_ms": 1.8}
{"timestamp": "2026-09-08T05:58:10.906864", "log_type": "api_request", "method": "POST", "path": "/api/auth/register", "user_id": "anonymous", "status_code": 404, "duration_ms": 0.0}
{"timestamp": "2026-09-08T05:58:10.908179", "log_type": "api_request", "method": "POST", "path": "/auth/register", "user_id": "anonymous", "status_code": 403, "duration_ms": 0.6}
{"timestamp": "2026-09-08T05:58:10.909279", "log_type": "api_request", "method": "POST", "path": "/api/auth/register", "user_id": "anonymous", "status_code": 404, "duration_ms": 0.6}
{"timestamp": "2026-09-08T05:58:10.910797", "log_type": "api_request", "method": "POST", "path": "/auth/register", "user_id": "anonymous", "status_code": 403, "duration_ms": 0.6}
{"timestamp": "2026-09-08T05:58:10.915493", "log_type": "api_request", "method": "POST", "path": "/api/auth/login", "user_id": "anonymous", "status_code": 404, "duration_ms": 0.7}
{"timestamp": "2026-09-08T05:58:10.918927", "log_type": "security_event", "event_type": "failed_login", "user_id": "anonymous", "ip": "127.0.0.1", "details": {"email": "riya@test.sc"}}
{"timestamp": "2026-09-08T05:58:10.919452", "log_type": "api_request", "method": "POST", "path": "/auth/login", "user_id": "anonymous", "status_code": 401, "duration_ms": 2.3}
{"timestamp": "2026-09-08T05:58:10.920038", "log_type": "api_request", "method": "POST", "path": "/api/auth/login", "user_id": "anonymous", "status_code": 404, "duration_ms": 0.0}
{"timestamp": "2026-09-08T05:58:10.922955", "log_type": "security_event", "event_type": "failed_login", "user_id": "anonymous", "ip": "127.0.0.1", "details": {"email": "mehta@test.sc"}}
{"timestamp": "2026-09-08T05:58:10.923483", "log_type": "api_request", "method": "POST", "path": "/auth/login", "user_id": "anonymous", "status_code": 401, "duration_ms": 2.1}
{"timestamp": "2026-09-08T05:58:10.924541", "log_type": "api_request", "method": "POST", "path": "/api/auth/login", "user_id": "anonymous", "status_code": 404, "duration_ms": 0.0}
{"timestamp": "2026-09-08T05:58:10.927149", "log_type": "security_event", "event_type": "failed_login", "user_id": "anonymous", "ip": "127.0.0.1", "details": {"email": "arjun@test.sc"}}
{"timestamp": "2026-09-08T05:58:10.927678", "log_type": "api_request", "method": "POST", "path": "/auth/login", "user_id": "anonymous", "status_code": 401, "duration_ms": 1.8}
{"timestamp": "2026-09-08T05:58:10.984103", "log_type": "api_request", "method": "POST", "path": "/api/issues", "user_id": "anonymous", "status_code": 401, "duration_ms": 0.0}
{"timestamp": "2026-09-08T05:58:11.999625", "log_type": "api_request", "method": "POST", "path": "/api/issues", "user_id": "anonymous", "status_code": 401, "duration_ms": 0.0}
{"timestamp": "2026-09-08T05:58:12.002698", "log_type": "api_request", "method": "GET", "path": "/api/issues", "user_id": "anonymous", "status_code": 401, "duration_ms": 0.0}
{"timestamp": "2026-09-08T05:58:12.006146", "log_type": "api_request", "method": "GET", "path": "/api/workers/6a9fa3f2366ba3c88caa9f12/tasks", "user_id": "anonymous", "status_code": 404, "duration_ms": 0.0}
{"timestamp": "2026-09-08T05:58:12.008360", "log_type": "api_request", "method": "GET", "path": "/api/workers/6a9fa3f4366ba3c88caa9f13/tasks", "user_id": "anonymous", "status_code": 404, "duration_ms": 0.6}
{"timestamp": "2026-09-08T05:58:12.010236", "log_type": "api_request", "method": "POST", "path": "/api/route", "user_id": "anonymous", "status_code": 404, "duration_ms": 0.0}
{"timestamp": "2026-09-08T05:58:12.012390", "log_type": "api_request", "method": "GET", "path": "/api/map/route", "user_id": "anonymous", "status_code": 401, "duration_ms": 0.0}
{"timestamp": "2026-09-08T05:58:12.015558", "log_type": "api_request", "method": "POST", "path": "/api/route", "user_id": "anonymous", "status_code": 404, "duration_ms": 0.0}
{"timestamp": "2026-09-08T05:58:12.019960", "log_type": "api_request", "method": "GET", "path": "/api/issues", "user_id": "anonymous", "status_code": 401, "duration_ms": 0.0}
{"timestamp": "2026-09-08T05:58:12.022904", "log_type": "api_request", "method": "GET", "path": "/api/issues", "user_id": "anonymous", "status_code": 401, "duration_ms": 0.0}
{"timestamp": "2026-09-08T05:58:12.025657", "log_type": "api_request", "method": "GET", "path": "/api/issues", "user_id": "anonymous", "status_code": 401, "duration_ms": 0.0}
{"timestamp": "2026-09-08T06:01:42.646778", "log_type": "api_request", "method": "GET", "path": "/api/health", "user_id": "anonymous", "status_code": 200, "duration_ms": 0.6}
{"timestamp": "2026-09-08T06:01:43.849631", "log_type": "api_request", "method": "POST", "path": "/api/auth/register", "user_id": "anonymous", "status_code": 201, "duration_ms": 679.7}
{"timestamp": "2026-09-08T06:01:43.858692", "log_type": "api_request", "method": "POST", "path": "/api/auth/register", "user_id": "anonymous", "status_code": 403, "duration_ms": 4.0}
{"timestamp": "2026-09-08T06:01:43.864986", "log_type": "api_request", "method": "POST", "path": "/auth/register", "user_id": "anonymous", "status_code": 403, "duration_ms": 1.1}
{"timestamp": "2026-09-08T06:01:43.870907", "log_type": "api_request", "method": "POST", "path": "/api/auth/register", "user_id": "anonymous", "status_code": 403, "duration_ms": 1.7}
{"timestamp": "2026-09-08T06:01:43.878530", "log_type": "api_request", "method": "POST", "path": "/auth/register", "user_id": "anonymous", "status_code": 403, "duration_ms": 3.4}
{"timestamp": "2026-09-08T06:01:44.589445", "log_type": "security_event", "event_type": "login", "user_id": "6a9fa4c7372966388d24eb2e", "ip": "127.0.0.1", "details": {}}
{"timestamp": "2026-09-08T06:01:44.596460", "log_type": "api_request", "method": "POST", "path": "/api/auth/login", "user_id": "anonymous", "status_code": 200, "duration_ms": 707.5}
{"timestamp": "2026-09-08T06:01:44.610239", "log_type": "security_event", "event_type": "failed_login", "user_id": "anonymous", "ip": "127.0.0.1", "details": {"email": "mehta@test.sc"}}
{"timestamp": "2026-09-08T06:01:44.613686", "log_type": "api_request", "method": "POST", "path": "/api/auth/login", "user_id": "6a9fa4c7372966388d24eb2e", "status_code": 401, "duration_ms": 11.3}
{"timestamp": "2026-09-08T06:01:44.630372", "log_type": "security_event", "event_type": "failed_login", "user_id": "anonymous", "ip": "127.0.0.1", "details": {"email": "arjun@test.sc"}}
{"timestamp": "2026-09-08T06:01:44.633840", "log_type": "api_request", "method": "POST", "path": "/api/auth/login", "user_id": "6a9fa4c7372966388d24eb2e", "status_code": 401, "duration_ms": 13.5}
{"timestamp": "2026-09-08T06:01:51.928281", "log_type": "ai_call", "task": "classification", "provider": "gemini", "success": false, "confidence": 0.0, "duration_ms": 0.0, "error": "404 This model models/gemini-2.0-flash is no longer available. Please update your code to use models/gemini-3.6-flash for the latest features and improvements. We recommend you to use the Interactions API."}
{"timestamp": "2026-09-08T06:01:54.522114", "log_type": "ai_call", "task": "image_classification", "provider": "gemini", "success": false, "confidence": 0.0, "duration_ms": 0.0, "error": "404 This model models/gemini-2.0-flash is no longer available. Please update your code to use models/gemini-3.6-flash for the latest features and improvements. We recommend you to use the Interactions API."}
{"timestamp": "2026-09-08T06:01:54.557962", "log_type": "api_request", "method": "POST", "path": "/api/issues", "user_id": "6a9fa4c7372966388d24eb2e", "status_code": 500, "duration_ms": 9700.0}
{"timestamp": "2026-09-08T06:01:59.606361", "log_type": "ai_call", "task": "classification", "provider": "gemini", "success": false, "confidence": 0.0, "duration_ms": 0.0, "error": "404 This model models/gemini-2.0-flash is no longer available. Please update your code to use models/gemini-3.6-flash for the latest features and improvements. We recommend you to use the Interactions API."}
{"timestamp": "2026-09-08T06:02:02.056375", "log_type": "ai_call", "task": "image_classification", "provider": "gemini", "success": false, "confidence": 0.0, "duration_ms": 0.0, "error": "404 This model models/gemini-2.0-flash is no longer available. Please update your code to use models/gemini-3.6-flash for the latest features and improvements. We recommend you to use the Interactions API."}
{"timestamp": "2026-09-08T06:02:02.069338", "log_type": "api_request", "method": "POST", "path": "/api/issues", "user_id": "6a9fa4c7372966388d24eb2e", "status_code": 500, "duration_ms": 6505.3}
{"timestamp": "2026-09-08T06:02:02.103258", "log_type": "api_request", "method": "GET", "path": "/api/issues", "user_id": "6a9fa4c7372966388d24eb2e", "status_code": 200, "duration_ms": 24.5}
{"timestamp": "2026-09-08T06:02:02.114746", "log_type": "api_request", "method": "GET", "path": "/api/workers/6a9fa4c7372966388d24eb2f/tasks", "user_id": "6a9fa4c7372966388d24eb2e", "status_code": 403, "duration_ms": 4.8}
{"timestamp": "2026-09-08T06:02:02.122484", "log_type": "api_request", "method": "GET", "path": "/api/workers/6a9fa4da372966388d24eb32/tasks", "user_id": "6a9fa4c7372966388d24eb2e", "status_code": 403, "duration_ms": 3.6}
{"timestamp": "2026-09-08T06:02:02.620420", "log_type": "api_request", "method": "POST", "path": "/api/route", "user_id": "6a9fa4c7372966388d24eb2e", "status_code": 200, "duration_ms": 493.2}
{"timestamp": "2026-09-08T06:02:02.629466", "log_type": "api_request", "method": "POST", "path": "/api/route", "user_id": "6a9fa4c7372966388d24eb2e", "status_code": 400, "duration_ms": 4.0}
{"timestamp": "2026-09-08T06:02:02.639565", "log_type": "api_request", "method": "GET", "path": "/api/issues", "user_id": "6a9fa4c7372966388d24eb2e", "status_code": 200, "duration_ms": 6.0}
{"timestamp": "2026-09-08T06:02:02.649782", "log_type": "api_request", "method": "GET", "path": "/api/issues", "user_id": "6a9fa4c7372966388d24eb2e", "status_code": 200, "duration_ms": 7.1}
{"timestamp": "2026-09-08T06:02:02.667772", "log_type": "api_request", "method": "GET", "path": "/api/issues", "user_id": "6a9fa4c7372966388d24eb2e", "status_code": 200, "duration_ms": 12.5}
{"timestamp": "2026-09-08T06:03:02.424887", "log_type": "api_request", "method": "GET", "path": "/api/health", "user_id": "anonymous", "status_code": 200, "duration_ms": 0.0}
{"timestamp": "2026-09-08T06:03:04.204186", "log_type": "api_request", "method": "POST", "path": "/api/auth/register", "user_id": "anonymous", "status_code": 201, "duration_ms": 269.7}
{"timestamp": "2026-09-08T06:03:15.267358", "log_type": "api_request", "method": "GET", "path": "/api/health", "user_id": "anonymous", "status_code": 200, "duration_ms": 0.0}
{"timestamp": "2026-09-08T06:03:15.970648", "log_type": "api_request", "method": "POST", "path": "/api/auth/register", "user_id": "anonymous", "status_code": 201, "duration_ms": 255.0}
{"timestamp": "2026-09-08T06:03:16.237158", "log_type": "api_request", "method": "POST", "path": "/api/auth/register", "user_id": "anonymous", "status_code": 201, "duration_ms": 264.0}
{"timestamp": "2026-09-08T06:03:16.490023", "log_type": "api_request", "method": "POST", "path": "/api/auth/register", "user_id": "anonymous", "status_code": 201, "duration_ms": 250.8}
{"timestamp": "2026-09-08T06:03:16.732864", "log_type": "security_event", "event_type": "login", "user_id": "6a9fa523bccf7d1bd1b0770c", "ip": "127.0.0.1", "details": {}}
{"timestamp": "2026-09-08T06:03:16.734868", "log_type": "api_request", "method": "POST", "path": "/api/auth/login", "user_id": "anonymous", "status_code": 200, "duration_ms": 240.9}
{"timestamp": "2026-09-08T06:03:16.963870", "log_type": "security_event", "event_type": "login", "user_id": "6a9fa524bccf7d1bd1b0770d", "ip": "127.0.0.1", "details": {}}
{"timestamp": "2026-09-08T06:03:16.964866", "log_type": "api_request", "method": "POST", "path": "/api/auth/login", "user_id": "6a9fa523bccf7d1bd1b0770c", "status_code": 200, "duration_ms": 228.3}
{"timestamp": "2026-09-08T06:03:17.194253", "log_type": "security_event", "event_type": "login", "user_id": "6a9fa524bccf7d1bd1b0770e", "ip": "127.0.0.1", "details": {}}
{"timestamp": "2026-09-08T06:03:17.196248", "log_type": "api_request", "method": "POST", "path": "/api/auth/login", "user_id": "6a9fa524bccf7d1bd1b0770d", "status_code": 200, "duration_ms": 229.5}
{"timestamp": "2026-09-08T06:03:21.890059", "log_type": "ai_call", "task": "classification", "provider": "gemini", "success": false, "confidence": 0.0, "duration_ms": 0.0, "error": "429 You exceeded your current quota, please check your plan and billing details. For more information on this error, head to: https://ai.google.dev/gemini-api/docs/rate-limits. To monitor your current usage, head to: https://ai.dev/rate-limit. \n* Quota exceeded for metric: generativelanguage.googleapis.com/generate_content_free_tier_requests, limit: 20, model: gemini-3.8-flash\nPlease retry in 37.793702719s. [links {\n  description: \"Learn more about Gemini API quotas\"\n  url: \"https://ai.google.dev/gemini-api/docs/rate-limits\"\n}\n, violations {\n  quota_metric: \"generativelanguage.googleapis.com/generate_content_free_tier_requests\"\n  quota_id: \"GenerateRequestsPerDayPerProjectPerModel-FreeTier\"\n  quota_dimensions {\n    key: \"model\"\n    value: \"gemini-3.8-flash\"\n  }\n  quota_dimensions {\n    key: \"location\"\n    value: \"global\"\n  }\n  quota_value: 20\n}\n, retry_delay {\n  seconds: 37\n}\n]"}
{"timestamp": "2026-09-08T06:03:24.156717", "log_type": "ai_call", "task": "image_classification", "provider": "gemini", "success": false, "confidence": 0.0, "duration_ms": 0.0, "error": "429 You exceeded your current quota, please check your plan and billing details. For more information on this error, head to: https://ai.google.dev/gemini-api/docs/rate-limits. To monitor your current usage, head to: https://ai.dev/rate-limit. \n* Quota exceeded for metric: generativelanguage.googleapis.com/generate_content_free_tier_requests, limit: 20, model: gemini-3.8-flash\nPlease retry in 35.479756106s. [links {\n  description: \"Learn more about Gemini API quotas\"\n  url: \"https://ai.google.dev/gemini-api/docs/rate-limits\"\n}\n, violations {\n  quota_metric: \"generativelanguage.googleapis.com/generate_content_free_tier_requests\"\n  quota_id: \"GenerateRequestsPerDayPerProjectPerModel-FreeTier\"\n  quota_dimensions {\n    key: \"model\"\n    value: \"gemini-3.8-flash\"\n  }\n  quota_dimensions {\n    key: \"location\"\n    value: \"global\"\n  }\n  quota_value: 20\n}\n, retry_delay {\n  seconds: 35\n}\n]"}
{"timestamp": "2026-09-08T06:03:24.178851", "log_type": "notification", "event": "complaint_created", "recipient_id": "6a9fa523bccf7d1bd1b0770c", "delivery_status": "delivered", "error": null}
{"timestamp": "2026-09-08T06:03:24.180491", "log_type": "notification", "event": "ai_analysis_completed", "recipient_id": "6a9fa523bccf7d1bd1b0770c", "delivery_status": "delivered", "error": null}
{"timestamp": "2026-09-08T06:03:24.195345", "log_type": "api_request", "method": "POST", "path": "/api/issues", "user_id": "6a9fa523bccf7d1bd1b0770c", "status_code": 201, "duration_ms": 6947.2}
{"timestamp": "2026-09-08T06:03:28.992930", "log_type": "ai_call", "task": "classification", "provider": "gemini", "success": false, "confidence": 0.0, "duration_ms": 0.0, "error": "429 You exceeded your current quota, please check your plan and billing details. For more information on this error, head to: https://ai.google.dev/gemini-api/docs/rate-limits. To monitor your current usage, head to: https://ai.dev/rate-limit. \n* Quota exceeded for metric: generativelanguage.googleapis.com/generate_content_free_tier_requests, limit: 20, model: gemini-3.8-flash\nPlease retry in 30.685126984s. [links {\n  description: \"Learn more about Gemini API quotas\"\n  url: \"https://ai.google.dev/gemini-api/docs/rate-limits\"\n}\n, violations {\n  quota_metric: \"generativelanguage.googleapis.com/generate_content_free_tier_requests\"\n  quota_id: \"GenerateRequestsPerDayPerProjectPerModel-FreeTier\"\n  quota_dimensions {\n    key: \"model\"\n    value: \"gemini-3.8-flash\"\n  }\n  quota_dimensions {\n    key: \"location\"\n    value: \"global\"\n  }\n  quota_value: 20\n}\n, retry_delay {\n  seconds: 30\n}\n]"}
{"timestamp": "2026-09-08T06:03:31.063711", "log_type": "ai_call", "task": "image_classification", "provider": "gemini", "success": false, "confidence": 0.0, "duration_ms": 0.0, "error": "429 You exceeded your current quota, please check your plan and billing details. For more information on this error, head to: https://ai.google.dev/gemini-api/docs/rate-limits. To monitor your current usage, head to: https://ai.dev/rate-limit. \n* Quota exceeded for metric: generativelanguage.googleapis.com/generate_content_free_tier_requests, limit: 20, model: gemini-3.8-flash\nPlease retry in 28.578762411s. [links {\n  description: \"Learn more about Gemini API quotas\"\n  url: \"https://ai.google.dev/gemini-api/docs/rate-limits\"\n}\n, violations {\n  quota_metric: \"generativelanguage.googleapis.com/generate_content_free_tier_requests\"\n  quota_id: \"GenerateRequestsPerDayPerProjectPerModel-FreeTier\"\n  quota_dimensions {\n    key: \"model\"\n    value: \"gemini-3.8-flash\"\n  }\n  quota_dimensions {\n    key: \"location\"\n    value: \"global\"\n  }\n  quota_value: 20\n}\n, retry_delay {\n  seconds: 28\n}\n]"}
{"timestamp": "2026-09-08T06:03:31.086769", "log_type": "notification", "event": "complaint_created", "recipient_id": "6a9fa523bccf7d1bd1b0770c", "delivery_status": "delivered", "error": null}
{"timestamp": "2026-09-08T06:03:31.089765", "log_type": "notification", "event": "ai_analysis_completed", "recipient_id": "6a9fa523bccf7d1bd1b0770c", "delivery_status": "delivered", "error": null}
{"timestamp": "2026-09-08T06:03:31.098521", "log_type": "api_request", "method": "POST", "path": "/api/issues", "user_id": "6a9fa523bccf7d1bd1b0770c", "status_code": 201, "duration_ms": 5890.7}
{"timestamp": "2026-09-08T06:03:31.120567", "log_type": "api_request", "method": "GET", "path": "/api/issues", "user_id": "6a9fa524bccf7d1bd1b0770d", "status_code": 500, "duration_ms": 16.5}
{"timestamp": "2026-09-08T06:03:31.128117", "log_type": "api_request", "method": "GET", "path": "/api/issues/SC-2026-8DA0FC", "user_id": "6a9fa524bccf7d1bd1b0770d", "status_code": 200, "duration_ms": 4.5}
{"timestamp": "2026-09-08T06:03:31.142638", "log_type": "api_request", "method": "PATCH", "path": "/api/issues/SC-2026-8DA0FC/status", "user_id": "6a9fa524bccf7d1bd1b0770d", "status_code": 200, "duration_ms": 12.5}
{"timestamp": "2026-09-08T06:03:31.151772", "log_type": "api_request", "method": "PATCH", "path": "/api/issues/SC-2026-8DA0FC/status", "user_id": "6a9fa524bccf7d1bd1b0770d", "status_code": 422, "duration_ms": 6.5}
{"timestamp": "2026-09-08T06:03:31.161800", "log_type": "api_request", "method": "PATCH", "path": "/api/issues/SC-2026-8DA0FC/classification", "user_id": "6a9fa524bccf7d1bd1b0770d", "status_code": 200, "duration_ms": 7.7}
{"timestamp": "2026-09-08T06:03:31.176430", "log_type": "api_request", "method": "GET", "path": "/api/issues/SC-2026-8DA0FC/recommendations", "user_id": "6a9fa524bccf7d1bd1b0770d", "status_code": 200, "duration_ms": 9.7}
{"timestamp": "2026-09-08T06:03:31.197182", "log_type": "notification", "event": "complaint_assigned", "recipient_id": "6a9fa523bccf7d1bd1b0770c", "delivery_status": "delivered", "error": null}
{"timestamp": "2026-09-08T06:03:31.198969", "log_type": "notification", "event": "complaint_assigned", "recipient_id": "6a9fa524bccf7d1bd1b0770e", "delivery_status": "delivered", "error": null}
{"timestamp": "2026-09-08T06:03:31.206106", "log_type": "notification", "event": "complaint_assigned", "recipient_id": "6a9fa524bccf7d1bd1b0770e", "delivery_status": "delivered", "error": null}
{"timestamp": "2026-09-08T06:03:31.208435", "log_type": "api_request", "method": "POST", "path": "/api/issues/SC-2026-8DA0FC/assignment", "user_id": "6a9fa524bccf7d1bd1b0770d", "status_code": 200, "duration_ms": 29.4}
{"timestamp": "2026-09-08T06:03:31.219505", "log_type": "api_request", "method": "POST", "path": "/api/issues/SC-2026-8DA0FC/assignment", "user_id": "6a9fa523bccf7d1bd1b0770c", "status_code": 403, "duration_ms": 3.4}
{"timestamp": "2026-09-08T06:03:31.234511", "log_type": "api_request", "method": "GET", "path": "/api/workers/6a9fa524bccf7d1bd1b0770e/tasks", "user_id": "6a9fa524bccf7d1bd1b0770e", "status_code": 200, "duration_ms": 12.7}
{"timestamp": "2026-09-08T06:03:31.241842", "log_type": "api_request", "method": "GET", "path": "/api/workers/6a9fa533bccf7d1bd1b07720/tasks", "user_id": "6a9fa524bccf7d1bd1b0770e", "status_code": 403, "duration_ms": 4.0}
{"timestamp": "2026-09-08T06:03:31.616392", "log_type": "api_request", "method": "POST", "path": "/api/route", "user_id": "6a9fa524bccf7d1bd1b0770e", "status_code": 200, "duration_ms": 370.5}
{"timestamp": "2026-09-08T06:03:31.623060", "log_type": "api_request", "method": "POST", "path": "/api/route", "user_id": "6a9fa524bccf7d1bd1b0770e", "status_code": 400, "duration_ms": 3.4}
{"timestamp": "2026-09-08T06:03:31.635344", "log_type": "api_request", "method": "PATCH", "path": "/api/issues/SC-2026-8DA0FC/status", "user_id": "6a9fa524bccf7d1bd1b0770e", "status_code": 200, "duration_ms": 10.7}
{"timestamp": "2026-09-08T06:03:31.652222", "log_type": "api_request", "method": "POST", "path": "/api/issues/SC-2026-8DA0FC/resolution", "user_id": "6a9fa524bccf7d1bd1b0770e", "status_code": 200, "duration_ms": 14.9}
{"timestamp": "2026-09-08T06:03:31.662325", "log_type": "api_request", "method": "GET", "path": "/api/issues/SC-2026-8DA0FC", "user_id": "6a9fa523bccf7d1bd1b0770c", "status_code": 200, "duration_ms": 4.0}
{"timestamp": "2026-09-08T06:03:31.671388", "log_type": "api_request", "method": "GET", "path": "/api/issues", "user_id": "6a9fa523bccf7d1bd1b0770c", "status_code": 500, "duration_ms": 6.1}
{"timestamp": "2026-09-08T06:06:11.858160", "log_type": "api_request", "method": "GET", "path": "/api/health", "user_id": "anonymous", "status_code": 200, "duration_ms": 0.0}
{"timestamp": "2026-09-08T06:06:12.579417", "log_type": "api_request", "method": "POST", "path": "/api/auth/register", "user_id": "anonymous", "status_code": 201, "duration_ms": 244.4}
{"timestamp": "2026-09-08T06:06:12.811860", "log_type": "api_request", "method": "POST", "path": "/api/auth/register", "user_id": "anonymous", "status_code": 201, "duration_ms": 230.5}
{"timestamp": "2026-09-08T06:06:13.054207", "log_type": "api_request", "method": "POST", "path": "/api/auth/register", "user_id": "anonymous", "status_code": 201, "duration_ms": 240.3}
{"timestamp": "2026-09-08T06:06:13.287193", "log_type": "security_event", "event_type": "login", "user_id": "6a9fa5d43463993d861b5365", "ip": "127.0.0.1", "details": {}}
{"timestamp": "2026-09-08T06:06:13.289696", "log_type": "api_request", "method": "POST", "path": "/api/auth/login", "user_id": "anonymous", "status_code": 200, "duration_ms": 231.5}
{"timestamp": "2026-09-08T06:06:13.514225", "log_type": "security_event", "event_type": "login", "user_id": "6a9fa5d43463993d861b5366", "ip": "127.0.0.1", "details": {}}
{"timestamp": "2026-09-08T06:06:13.515221", "log_type": "api_request", "method": "POST", "path": "/api/auth/login", "user_id": "6a9fa5d43463993d861b5365", "status_code": 200, "duration_ms": 224.1}
{"timestamp": "2026-09-08T06:06:13.749917", "log_type": "security_event", "event_type": "login", "user_id": "6a9fa5d53463993d861b5367", "ip": "127.0.0.1", "details": {}}
{"timestamp": "2026-09-08T06:06:13.750916", "log_type": "api_request", "method": "POST", "path": "/api/auth/login", "user_id": "6a9fa5d43463993d861b5366", "status_code": 200, "duration_ms": 234.2}
{"timestamp": "2026-09-08T06:06:18.749319", "log_type": "ai_call", "task": "classification", "provider": "gemini", "success": false, "confidence": 0.0, "duration_ms": 0.0, "error": "429 You exceeded your current quota, please check your plan and billing details. For more information on this error, head to: https://ai.google.dev/gemini-api/docs/rate-limits. To monitor your current usage, head to: https://ai.dev/rate-limit. \n* Quota exceeded for metric: generativelanguage.googleapis.com/generate_content_free_tier_requests, limit: 20, model: gemini-3.8-flash\nPlease retry in 40.911244897s. [links {\n  description: \"Learn more about Gemini API quotas\"\n  url: \"https://ai.google.dev/gemini-api/docs/rate-limits\"\n}\n, violations {\n  quota_metric: \"generativelanguage.googleapis.com/generate_content_free_tier_requests\"\n  quota_id: \"GenerateRequestsPerDayPerProjectPerModel-FreeTier\"\n  quota_dimensions {\n    key: \"model\"\n    value: \"gemini-3.8-flash\"\n  }\n  quota_dimensions {\n    key: \"location\"\n    value: \"global\"\n  }\n  quota_value: 20\n}\n, retry_delay {\n  seconds: 40\n}\n]"}
{"timestamp": "2026-09-08T06:06:20.818308", "log_type": "ai_call", "task": "image_classification", "provider": "gemini", "success": false, "confidence": 0.0, "duration_ms": 0.0, "error": "429 You exceeded your current quota, please check your plan and billing details. For more information on this error, head to: https://ai.google.dev/gemini-api/docs/rate-limits. To monitor your current usage, head to: https://ai.dev/rate-limit. \n* Quota exceeded for metric: generativelanguage.googleapis.com/generate_content_free_tier_requests, limit: 20, model: gemini-3.8-flash\nPlease retry in 38.798009089s. [links {\n  description: \"Learn more about Gemini API quotas\"\n  url: \"https://ai.google.dev/gemini-api/docs/rate-limits\"\n}\n, violations {\n  quota_metric: \"generativelanguage.googleapis.com/generate_content_free_tier_requests\"\n  quota_id: \"GenerateRequestsPerDayPerProjectPerModel-FreeTier\"\n  quota_dimensions {\n    key: \"model\"\n    value: \"gemini-3.8-flash\"\n  }\n  quota_dimensions {\n    key: \"location\"\n    value: \"global\"\n  }\n  quota_value: 20\n}\n, retry_delay {\n  seconds: 38\n}\n]"}
{"timestamp": "2026-09-08T06:06:20.860558", "log_type": "notification", "event": "complaint_created", "recipient_id": "6a9fa5d43463993d861b5365", "delivery_status": "delivered", "error": null}
{"timestamp": "2026-09-08T06:06:20.863551", "log_type": "notification", "event": "ai_analysis_completed", "recipient_id": "6a9fa5d43463993d861b5365", "delivery_status": "delivered", "error": null}
{"timestamp": "2026-09-08T06:06:20.883549", "log_type": "api_request", "method": "POST", "path": "/api/issues", "user_id": "6a9fa5d43463993d861b5365", "status_code": 201, "duration_ms": 7077.4}
{"timestamp": "2026-09-08T06:06:25.441560", "log_type": "ai_call", "task": "classification", "provider": "gemini", "success": false, "confidence": 0.0, "duration_ms": 0.0, "error": "429 You exceeded your current quota, please check your plan and billing details. For more information on this error, head to: https://ai.google.dev/gemini-api/docs/rate-limits. To monitor your current usage, head to: https://ai.dev/rate-limit. \n* Quota exceeded for metric: generativelanguage.googleapis.com/generate_content_free_tier_requests, limit: 20, model: gemini-3.8-flash\nPlease retry in 34.253054718s. [links {\n  description: \"Learn more about Gemini API quotas\"\n  url: \"https://ai.google.dev/gemini-api/docs/rate-limits\"\n}\n, violations {\n  quota_metric: \"generativelanguage.googleapis.com/generate_content_free_tier_requests\"\n  quota_id: \"GenerateRequestsPerDayPerProjectPerModel-FreeTier\"\n  quota_dimensions {\n    key: \"model\"\n    value: \"gemini-3.8-flash\"\n  }\n  quota_dimensions {\n    key: \"location\"\n    value: \"global\"\n  }\n  quota_value: 20\n}\n, retry_delay {\n  seconds: 34\n}\n]"}
{"timestamp": "2026-09-08T06:06:27.501223", "log_type": "ai_call", "task": "image_classification", "provider": "gemini", "success": false, "confidence": 0.0, "duration_ms": 0.0, "error": "429 You exceeded your current quota, please check your plan and billing details. For more information on this error, head to: https://ai.google.dev/gemini-api/docs/rate-limits. To monitor your current usage, head to: https://ai.dev/rate-limit. \n* Quota exceeded for metric: generativelanguage.googleapis.com/generate_content_free_tier_requests, limit: 20, model: gemini-3.8-flash\nPlease retry in 32.163882098s. [links {\n  description: \"Learn more about Gemini API quotas\"\n  url: \"https://ai.google.dev/gemini-api/docs/rate-limits\"\n}\n, violations {\n  quota_metric: \"generativelanguage.googleapis.com/generate_content_free_tier_requests\"\n  quota_id: \"GenerateRequestsPerDayPerProjectPerModel-FreeTier\"\n  quota_dimensions {\n    key: \"model\"\n    value: \"gemini-3.8-flash\"\n  }\n  quota_dimensions {\n    key: \"location\"\n    value: \"global\"\n  }\n  quota_value: 20\n}\n, retry_delay {\n  seconds: 32\n}\n]"}
{"timestamp": "2026-09-08T06:06:27.508223", "log_type": "notification", "event": "complaint_created", "recipient_id": "6a9fa5d43463993d861b5365", "delivery_status": "delivered", "error": null}
{"timestamp": "2026-09-08T06:06:27.509224", "log_type": "notification", "event": "ai_analysis_completed", "recipient_id": "6a9fa5d43463993d861b5365", "delivery_status": "delivered", "error": null}
{"timestamp": "2026-09-08T06:06:27.516226", "log_type": "api_request", "method": "POST", "path": "/api/issues", "user_id": "6a9fa5d43463993d861b5365", "status_code": 201, "duration_ms": 5628.2}
{"timestamp": "2026-09-08T06:06:27.524502", "log_type": "api_request", "method": "GET", "path": "/api/issues", "user_id": "6a9fa5d43463993d861b5366", "status_code": 200, "duration_ms": 4.0}
{"timestamp": "2026-09-08T06:06:27.529688", "log_type": "api_request", "method": "GET", "path": "/api/issues/SC-2026-9A993B", "user_id": "6a9fa5d43463993d861b5366", "status_code": 200, "duration_ms": 2.8}
{"timestamp": "2026-09-08T06:06:27.535659", "log_type": "api_request", "method": "PATCH", "path": "/api/issues/SC-2026-9A993B/status", "user_id": "6a9fa5d43463993d861b5366", "status_code": 422, "duration_ms": 4.8}
{"timestamp": "2026-09-08T06:06:27.542138", "log_type": "api_request", "method": "PATCH", "path": "/api/issues/SC-2026-9A993B/status", "user_id": "6a9fa5d43463993d861b5366", "status_code": 422, "duration_ms": 4.3}
{"timestamp": "2026-09-08T06:06:27.548406", "log_type": "api_request", "method": "PATCH", "path": "/api/issues/SC-2026-9A993B/classification", "user_id": "6a9fa5d43463993d861b5366", "status_code": 200, "duration_ms": 4.4}
{"timestamp": "2026-09-08T06:06:27.555415", "log_type": "api_request", "method": "GET", "path": "/api/issues/SC-2026-9A993B/recommendations", "user_id": "6a9fa5d43463993d861b5366", "status_code": 200, "duration_ms": 3.3}
{"timestamp": "2026-09-08T06:06:27.564632", "log_type": "api_request", "method": "POST", "path": "/api/issues/SC-2026-9A993B/assignment", "user_id": "6a9fa5d43463993d861b5366", "status_code": 400, "duration_ms": 6.9}
{"timestamp": "2026-09-08T06:06:27.571066", "log_type": "api_request", "method": "POST", "path": "/api/issues/SC-2026-9A993B/assignment", "user_id": "6a9fa5d43463993d861b5365", "status_code": 403, "duration_ms": 1.7}
{"timestamp": "2026-09-08T06:06:27.577285", "log_type": "api_request", "method": "GET", "path": "/api/workers/6a9fa5d53463993d861b5367/tasks", "user_id": "6a9fa5d53463993d861b5367", "status_code": 200, "duration_ms": 4.5}
{"timestamp": "2026-09-08T06:06:27.581385", "log_type": "api_request", "method": "GET", "path": "/api/workers/6a9fa5e33463993d861b5373/tasks", "user_id": "6a9fa5d53463993d861b5367", "status_code": 403, "duration_ms": 2.1}
{"timestamp": "2026-09-08T06:06:27.989775", "log_type": "api_request", "method": "POST", "path": "/api/route", "user_id": "6a9fa5d53463993d861b5367", "status_code": 200, "duration_ms": 406.6}
{"timestamp": "2026-09-08T06:06:27.996235", "log_type": "api_request", "method": "POST", "path": "/api/route", "user_id": "6a9fa5d53463993d861b5367", "status_code": 400, "duration_ms": 3.6}
{"timestamp": "2026-09-08T06:06:28.005155", "log_type": "api_request", "method": "PATCH", "path": "/api/issues/SC-2026-9A993B/status", "user_id": "6a9fa5d53463993d861b5367", "status_code": 422, "duration_ms": 6.6}
{"timestamp": "2026-09-08T06:06:28.021306", "log_type": "api_request", "method": "POST", "path": "/api/issues/SC-2026-9A993B/resolution", "user_id": "6a9fa5d53463993d861b5367", "status_code": 200, "duration_ms": 13.3}
{"timestamp": "2026-09-08T06:06:28.030964", "log_type": "api_request", "method": "GET", "path": "/api/issues/SC-2026-9A993B", "user_id": "6a9fa5d43463993d861b5365", "status_code": 200, "duration_ms": 4.5}
{"timestamp": "2026-09-08T06:06:28.037524", "log_type": "api_request", "method": "GET", "path": "/api/issues", "user_id": "6a9fa5d43463993d861b5365", "status_code": 200, "duration_ms": 4.9}
{"timestamp": "2026-09-08T06:06:28.039526", "log_type": "api_request", "method": "GET", "path": "/api/issues", "user_id": "anonymous", "status_code": 401, "duration_ms": 0.0}
{"timestamp": "2026-09-08T06:06:28.041519", "log_type": "api_request", "method": "GET", "path": "/api/issues", "user_id": "anonymous", "status_code": 401, "duration_ms": 0.0}
{"timestamp": "2026-09-08T06:07:03.731665", "log_type": "api_request", "method": "GET", "path": "/api/health", "user_id": "anonymous", "status_code": 200, "duration_ms": 0.6}
{"timestamp": "2026-09-08T06:07:04.450376", "log_type": "api_request", "method": "POST", "path": "/api/auth/register", "user_id": "anonymous", "status_code": 201, "duration_ms": 241.9}
{"timestamp": "2026-09-08T06:07:04.677221", "log_type": "api_request", "method": "POST", "path": "/api/auth/register", "user_id": "anonymous", "status_code": 201, "duration_ms": 225.8}
{"timestamp": "2026-09-08T06:07:04.900965", "log_type": "api_request", "method": "POST", "path": "/api/auth/register", "user_id": "anonymous", "status_code": 201, "duration_ms": 221.6}
{"timestamp": "2026-09-08T06:07:05.151647", "log_type": "security_event", "event_type": "login", "user_id": "6a9fa6089b0f66028a79e87b", "ip": "127.0.0.1", "details": {}}
{"timestamp": "2026-09-08T06:07:05.154651", "log_type": "api_request", "method": "POST", "path": "/api/auth/login", "user_id": "anonymous", "status_code": 200, "duration_ms": 249.5}
{"timestamp": "2026-09-08T06:07:05.388805", "log_type": "security_event", "event_type": "login", "user_id": "6a9fa6089b0f66028a79e87c", "ip": "127.0.0.1", "details": {}}
{"timestamp": "2026-09-08T06:07:05.390862", "log_type": "api_request", "method": "POST", "path": "/api/auth/login", "user_id": "6a9fa6089b0f66028a79e87b", "status_code": 200, "duration_ms": 232.7}
{"timestamp": "2026-09-08T06:07:05.616168", "log_type": "security_event", "event_type": "login", "user_id": "6a9fa6089b0f66028a79e87d", "ip": "127.0.0.1", "details": {}}
{"timestamp": "2026-09-08T06:07:05.618171", "log_type": "api_request", "method": "POST", "path": "/api/auth/login", "user_id": "6a9fa6089b0f66028a79e87c", "status_code": 200, "duration_ms": 225.8}
{"timestamp": "2026-09-08T06:07:10.527206", "log_type": "ai_call", "task": "classification", "provider": "gemini", "success": false, "confidence": 0.0, "duration_ms": 0.0, "error": "429 You exceeded your current quota, please check your plan and billing details. For more information on this error, head to: https://ai.google.dev/gemini-api/docs/rate-limits. To monitor your current usage, head to: https://ai.dev/rate-limit. \n* Quota exceeded for metric: generativelanguage.googleapis.com/generate_content_free_tier_requests, limit: 20, model: gemini-3.8-flash\nPlease retry in 49.256383301s. [links {\n  description: \"Learn more about Gemini API quotas\"\n  url: \"https://ai.google.dev/gemini-api/docs/rate-limits\"\n}\n, violations {\n  quota_metric: \"generativelanguage.googleapis.com/generate_content_free_tier_requests\"\n  quota_id: \"GenerateRequestsPerDayPerProjectPerModel-FreeTier\"\n  quota_dimensions {\n    key: \"model\"\n    value: \"gemini-3.8-flash\"\n  }\n  quota_dimensions {\n    key: \"location\"\n    value: \"global\"\n  }\n  quota_value: 20\n}\n, retry_delay {\n  seconds: 49\n}\n]"}
{"timestamp": "2026-09-08T06:07:12.800440", "log_type": "ai_call", "task": "image_classification", "provider": "gemini", "success": false, "confidence": 0.0, "duration_ms": 0.0, "error": "429 You exceeded your current quota, please check your plan and billing details. For more information on this error, head to: https://ai.google.dev/gemini-api/docs/rate-limits. To monitor your current usage, head to: https://ai.dev/rate-limit. \n* Quota exceeded for metric: generativelanguage.googleapis.com/generate_content_free_tier_requests, limit: 20, model: gemini-3.8-flash\nPlease retry in 46.890410453s. [links {\n  description: \"Learn more about Gemini API quotas\"\n  url: \"https://ai.google.dev/gemini-api/docs/rate-limits\"\n}\n, violations {\n  quota_metric: \"generativelanguage.googleapis.com/generate_content_free_tier_requests\"\n  quota_id: \"GenerateRequestsPerDayPerProjectPerModel-FreeTier\"\n  quota_dimensions {\n    key: \"model\"\n    value: \"gemini-3.8-flash\"\n  }\n  quota_dimensions {\n    key: \"location\"\n    value: \"global\"\n  }\n  quota_value: 20\n}\n, retry_delay {\n  seconds: 46\n}\n]"}
{"timestamp": "2026-09-08T06:07:12.822290", "log_type": "notification", "event": "complaint_created", "recipient_id": "6a9fa6089b0f66028a79e87b", "delivery_status": "delivered", "error": null}
{"timestamp": "2026-09-08T06:07:12.825235", "log_type": "notification", "event": "ai_analysis_completed", "recipient_id": "6a9fa6089b0f66028a79e87b", "delivery_status": "delivered", "error": null}
{"timestamp": "2026-09-08T06:07:12.838507", "log_type": "api_request", "method": "POST", "path": "/api/issues", "user_id": "6a9fa6089b0f66028a79e87b", "status_code": 201, "duration_ms": 7175.6}
{"timestamp": "2026-09-08T06:07:20.359282", "log_type": "ai_call", "task": "classification", "provider": "gemini", "success": false, "confidence": 0.0, "duration_ms": 0.0, "error": "429 You exceeded your current quota, please check your plan and billing details. For more information on this error, head to: https://ai.google.dev/gemini-api/docs/rate-limits. To monitor your current usage, head to: https://ai.dev/rate-limit. \n* Quota exceeded for metric: generativelanguage.googleapis.com/generate_content_free_tier_requests, limit: 20, model: gemini-3.8-flash\nPlease retry in 39.477428884s. [links {\n  description: \"Learn more about Gemini API quotas\"\n  url: \"https://ai.google.dev/gemini-api/docs/rate-limits\"\n}\n, violations {\n  quota_metric: \"generativelanguage.googleapis.com/generate_content_free_tier_requests\"\n  quota_id: \"GenerateRequestsPerDayPerProjectPerModel-FreeTier\"\n  quota_dimensions {\n    key: \"model\"\n    value: \"gemini-3.8-flash\"\n  }\n  quota_dimensions {\n    key: \"location\"\n    value: \"global\"\n  }\n  quota_value: 20\n}\n, retry_delay {\n  seconds: 39\n}\n]"}
{"timestamp": "2026-09-08T06:07:22.359780", "log_type": "ai_call", "task": "image_classification", "provider": "gemini", "success": false, "confidence": 0.0, "duration_ms": 0.0, "error": "429 You exceeded your current quota, please check your plan and billing details. For more information on this error, head to: https://ai.google.dev/gemini-api/docs/rate-limits. To monitor your current usage, head to: https://ai.dev/rate-limit. \n* Quota exceeded for metric: generativelanguage.googleapis.com/generate_content_free_tier_requests, limit: 20, model: gemini-3.8-flash\nPlease retry in 37.259489048s. [links {\n  description: \"Learn more about Gemini API quotas\"\n  url: \"https://ai.google.dev/gemini-api/docs/rate-limits\"\n}\n, violations {\n  quota_metric: \"generativelanguage.googleapis.com/generate_content_free_tier_requests\"\n  quota_id: \"GenerateRequestsPerDayPerProjectPerModel-FreeTier\"\n  quota_dimensions {\n    key: \"model\"\n    value: \"gemini-3.8-flash\"\n  }\n  quota_dimensions {\n    key: \"location\"\n    value: \"global\"\n  }\n  quota_value: 20\n}\n, retry_delay {\n  seconds: 37\n}\n]"}
{"timestamp": "2026-09-08T06:07:22.391184", "log_type": "notification", "event": "complaint_created", "recipient_id": "6a9fa6089b0f66028a79e87b", "delivery_status": "delivered", "error": null}
{"timestamp": "2026-09-08T06:07:22.392185", "log_type": "notification", "event": "ai_analysis_completed", "recipient_id": "6a9fa6089b0f66028a79e87b", "delivery_status": "delivered", "error": null}
{"timestamp": "2026-09-08T06:07:22.398467", "log_type": "api_request", "method": "POST", "path": "/api/issues", "user_id": "6a9fa6089b0f66028a79e87b", "status_code": 201, "duration_ms": 8547.7}
{"timestamp": "2026-09-08T06:07:22.406758", "log_type": "api_request", "method": "GET", "path": "/api/issues", "user_id": "6a9fa6089b0f66028a79e87c", "status_code": 200, "duration_ms": 3.6}
{"timestamp": "2026-09-08T06:07:22.411772", "log_type": "api_request", "method": "GET", "path": "/api/issues/SC-2026-BE134D", "user_id": "6a9fa6089b0f66028a79e87c", "status_code": 200, "duration_ms": 3.4}
{"timestamp": "2026-09-08T06:07:22.417324", "log_type": "api_request", "method": "PATCH", "path": "/api/issues/SC-2026-BE134D/status", "user_id": "6a9fa6089b0f66028a79e87c", "status_code": 422, "duration_ms": 4.4}
{"timestamp": "2026-09-08T06:07:22.423521", "log_type": "api_request", "method": "PATCH", "path": "/api/issues/SC-2026-BE134D/status", "user_id": "6a9fa6089b0f66028a79e87c", "status_code": 422, "duration_ms": 4.1}
{"timestamp": "2026-09-08T06:07:22.430979", "log_type": "api_request", "method": "PATCH", "path": "/api/issues/SC-2026-BE134D/classification", "user_id": "6a9fa6089b0f66028a79e87c", "status_code": 200, "duration_ms": 5.3}
{"timestamp": "2026-09-08T06:07:22.439209", "log_type": "api_request", "method": "GET", "path": "/api/issues/SC-2026-BE134D/recommendations", "user_id": "6a9fa6089b0f66028a79e87c", "status_code": 200, "duration_ms": 4.1}
{"timestamp": "2026-09-08T06:07:22.447360", "log_type": "api_request", "method": "POST", "path": "/api/issues/SC-2026-BE134D/assignment", "user_id": "6a9fa6089b0f66028a79e87c", "status_code": 400, "duration_ms": 6.5}
{"timestamp": "2026-09-08T06:07:22.455540", "log_type": "api_request", "method": "POST", "path": "/api/issues/SC-2026-BE134D/assignment", "user_id": "6a9fa6089b0f66028a79e87b", "status_code": 403, "duration_ms": 1.8}
{"timestamp": "2026-09-08T06:07:22.464193", "log_type": "api_request", "method": "GET", "path": "/api/workers/6a9fa6089b0f66028a79e87d/tasks", "user_id": "6a9fa6089b0f66028a79e87d", "status_code": 200, "duration_ms": 6.4}
{"timestamp": "2026-09-08T06:07:22.471066", "log_type": "api_request", "method": "GET", "path": "/api/workers/6a9fa61a9b0f66028a79e889/tasks", "user_id": "6a9fa6089b0f66028a79e87d", "status_code": 403, "duration_ms": 2.3}
{"timestamp": "2026-09-08T06:07:22.964261", "log_type": "api_request", "method": "POST", "path": "/api/route", "user_id": "6a9fa6089b0f66028a79e87d", "status_code": 200, "duration_ms": 491.4}
{"timestamp": "2026-09-08T06:07:22.975184", "log_type": "api_request", "method": "POST", "path": "/api/route", "user_id": "6a9fa6089b0f66028a79e87d", "status_code": 400, "duration_ms": 4.5}
{"timestamp": "2026-09-08T06:07:22.989309", "log_type": "api_request", "method": "PATCH", "path": "/api/issues/SC-2026-BE134D/status", "user_id": "6a9fa6089b0f66028a79e87d", "status_code": 422, "duration_ms": 10.5}
{"timestamp": "2026-09-08T06:07:23.011109", "log_type": "api_request", "method": "POST", "path": "/api/issues/SC-2026-BE134D/resolution", "user_id": "6a9fa6089b0f66028a79e87d", "status_code": 200, "duration_ms": 17.6}
{"timestamp": "2026-09-08T06:07:23.027590", "log_type": "api_request", "method": "GET", "path": "/api/issues/SC-2026-BE134D", "user_id": "6a9fa6089b0f66028a79e87b", "status_code": 200, "duration_ms": 7.1}
{"timestamp": "2026-09-08T06:07:23.037657", "log_type": "api_request", "method": "GET", "path": "/api/issues", "user_id": "6a9fa6089b0f66028a79e87b", "status_code": 200, "duration_ms": 5.9}
{"timestamp": "2026-09-08T06:07:23.039732", "log_type": "api_request", "method": "GET", "path": "/api/issues", "user_id": "anonymous", "status_code": 401, "duration_ms": 0.0}
{"timestamp": "2026-09-08T06:07:23.041802", "log_type": "api_request", "method": "GET", "path": "/api/issues", "user_id": "anonymous", "status_code": 401, "duration_ms": 0.0}
{"timestamp": "2026-09-08T06:08:45.734415", "log_type": "api_request", "method": "GET", "path": "/api/health", "user_id": "anonymous", "status_code": 200, "duration_ms": 0.0}
{"timestamp": "2026-09-08T06:08:46.801812", "log_type": "api_request", "method": "POST", "path": "/api/auth/register", "user_id": "anonymous", "status_code": 201, "duration_ms": 242.1}
{"timestamp": "2026-09-08T06:08:47.035010", "log_type": "api_request", "method": "POST", "path": "/api/auth/register", "user_id": "anonymous", "status_code": 201, "duration_ms": 231.8}
{"timestamp": "2026-09-08T06:08:47.265889", "log_type": "api_request", "method": "POST", "path": "/api/auth/register", "user_id": "anonymous", "status_code": 201, "duration_ms": 228.0}
{"timestamp": "2026-09-08T06:08:47.493842", "log_type": "security_event", "event_type": "login", "user_id": "6a9fa66ef0b688d75799ab8e", "ip": "127.0.0.1", "details": {}}
{"timestamp": "2026-09-08T06:08:47.496296", "log_type": "api_request", "method": "POST", "path": "/api/auth/login", "user_id": "anonymous", "status_code": 200, "duration_ms": 225.7}
{"timestamp": "2026-09-08T06:08:47.720601", "log_type": "security_event", "event_type": "login", "user_id": "6a9fa66ff0b688d75799ab8f", "ip": "127.0.0.1", "details": {}}
{"timestamp": "2026-09-08T06:08:47.722662", "log_type": "api_request", "method": "POST", "path": "/api/auth/login", "user_id": "6a9fa66ef0b688d75799ab8e", "status_code": 200, "duration_ms": 225.1}
{"timestamp": "2026-09-08T06:08:47.979862", "log_type": "security_event", "event_type": "login", "user_id": "6a9fa66ff0b688d75799ab90", "ip": "127.0.0.1", "details": {}}
{"timestamp": "2026-09-08T06:08:47.981398", "log_type": "api_request", "method": "POST", "path": "/api/auth/login", "user_id": "6a9fa66ff0b688d75799ab8f", "status_code": 200, "duration_ms": 257.0}
{"timestamp": "2026-09-08T06:08:56.184973", "log_type": "ai_call", "task": "classification", "provider": "gemini", "success": false, "confidence": 0.0, "duration_ms": 0.0, "error": "429 You exceeded your current quota, please check your plan and billing details. For more information on this error, head to: https://ai.google.dev/gemini-api/docs/rate-limits. To monitor your current usage, head to: https://ai.dev/rate-limit. \n* Quota exceeded for metric: generativelanguage.googleapis.com/generate_content_free_tier_requests, limit: 20, model: gemini-3.8-flash\nPlease retry in 3.518560815s. [links {\n  description: \"Learn more about Gemini API quotas\"\n  url: \"https://ai.google.dev/gemini-api/docs/rate-limits\"\n}\n, violations {\n  quota_metric: \"generativelanguage.googleapis.com/generate_content_free_tier_requests\"\n  quota_id: \"GenerateRequestsPerDayPerProjectPerModel-FreeTier\"\n  quota_dimensions {\n    key: \"model\"\n    value: \"gemini-3.8-flash\"\n  }\n  quota_dimensions {\n    key: \"location\"\n    value: \"global\"\n  }\n  quota_value: 20\n}\n, retry_delay {\n  seconds: 3\n}\n]"}
{"timestamp": "2026-09-08T06:09:00.717992", "log_type": "ai_call", "task": "image_classification", "provider": "gemini", "success": false, "confidence": 0.0, "duration_ms": 0.0, "error": "429 You exceeded your current quota, please check your plan and billing details. For more information on this error, head to: https://ai.google.dev/gemini-api/docs/rate-limits. To monitor your current usage, head to: https://ai.dev/rate-limit. \n* Quota exceeded for metric: generativelanguage.googleapis.com/generate_content_free_tier_requests, limit: 20, model: gemini-3.8-flash\nPlease retry in 58.928030736s. [links {\n  description: \"Learn more about Gemini API quotas\"\n  url: \"https://ai.google.dev/gemini-api/docs/rate-limits\"\n}\n, violations {\n  quota_metric: \"generativelanguage.googleapis.com/generate_content_free_tier_requests\"\n  quota_id: \"GenerateRequestsPerDayPerProjectPerModel-FreeTier\"\n  quota_dimensions {\n    key: \"model\"\n    value: \"gemini-3.8-flash\"\n  }\n  quota_dimensions {\n    key: \"location\"\n    value: \"global\"\n  }\n  quota_value: 20\n}\n, retry_delay {\n  seconds: 58\n}\n]"}
{"timestamp": "2026-09-08T06:09:00.743901", "log_type": "notification", "event": "complaint_created", "recipient_id": "6a9fa66ef0b688d75799ab8e", "delivery_status": "delivered", "error": null}
{"timestamp": "2026-09-08T06:09:00.746903", "log_type": "notification", "event": "ai_analysis_completed", "recipient_id": "6a9fa66ef0b688d75799ab8e", "delivery_status": "delivered", "error": null}
{"timestamp": "2026-09-08T06:09:00.758891", "log_type": "api_request", "method": "POST", "path": "/api/issues", "user_id": "6a9fa66ef0b688d75799ab8e", "status_code": 201, "duration_ms": 12719.1}
{"timestamp": "2026-09-08T06:09:06.674092", "log_type": "ai_call", "task": "classification", "provider": "gemini", "success": false, "confidence": 0.0, "duration_ms": 0.0, "error": "429 You exceeded your current quota, please check your plan and billing details. For more information on this error, head to: https://ai.google.dev/gemini-api/docs/rate-limits. To monitor your current usage, head to: https://ai.dev/rate-limit. \n* Quota exceeded for metric: generativelanguage.googleapis.com/generate_content_free_tier_requests, limit: 20, model: gemini-3.8-flash\nPlease retry in 53.013429324s. [links {\n  description: \"Learn more about Gemini API quotas\"\n  url: \"https://ai.google.dev/gemini-api/docs/rate-limits\"\n}\n, violations {\n  quota_metric: \"generativelanguage.googleapis.com/generate_content_free_tier_requests\"\n  quota_id: \"GenerateRequestsPerDayPerProjectPerModel-FreeTier\"\n  quota_dimensions {\n    key: \"model\"\n    value: \"gemini-3.8-flash\"\n  }\n  quota_dimensions {\n    key: \"location\"\n    value: \"global\"\n  }\n  quota_value: 20\n}\n, retry_delay {\n  seconds: 53\n}\n]"}
{"timestamp": "2026-09-08T06:09:09.232984", "log_type": "ai_call", "task": "image_classification", "provider": "gemini", "success": false, "confidence": 0.0, "duration_ms": 0.0, "error": "429 You exceeded your current quota, please check your plan and billing details. For more information on this error, head to: https://ai.google.dev/gemini-api/docs/rate-limits. To monitor your current usage, head to: https://ai.dev/rate-limit. \n* Quota exceeded for metric: generativelanguage.googleapis.com/generate_content_free_tier_requests, limit: 20, model: gemini-3.8-flash\nPlease retry in 50.54316733s. [links {\n  description: \"Learn more about Gemini API quotas\"\n  url: \"https://ai.google.dev/gemini-api/docs/rate-limits\"\n}\n, violations {\n  quota_metric: \"generativelanguage.googleapis.com/generate_content_free_tier_requests\"\n  quota_id: \"GenerateRequestsPerDayPerProjectPerModel-FreeTier\"\n  quota_dimensions {\n    key: \"model\"\n    value: \"gemini-3.8-flash\"\n  }\n  quota_dimensions {\n    key: \"location\"\n    value: \"global\"\n  }\n  quota_value: 20\n}\n, retry_delay {\n  seconds: 50\n}\n]"}
{"timestamp": "2026-09-08T06:09:09.244778", "log_type": "notification", "event": "complaint_created", "recipient_id": "6a9fa66ef0b688d75799ab8e", "delivery_status": "delivered", "error": null}
{"timestamp": "2026-09-08T06:09:09.247296", "log_type": "notification", "event": "ai_analysis_completed", "recipient_id": "6a9fa66ef0b688d75799ab8e", "delivery_status": "delivered", "error": null}
{"timestamp": "2026-09-08T06:09:09.254609", "log_type": "api_request", "method": "POST", "path": "/api/issues", "user_id": "6a9fa66ef0b688d75799ab8e", "status_code": 201, "duration_ms": 7480.7}
{"timestamp": "2026-09-08T06:09:09.261685", "log_type": "api_request", "method": "GET", "path": "/api/issues", "user_id": "6a9fa66ff0b688d75799ab8f", "status_code": 200, "duration_ms": 3.0}
{"timestamp": "2026-09-08T06:09:09.268651", "log_type": "api_request", "method": "GET", "path": "/api/issues/SC-2026-B0DC01", "user_id": "6a9fa66ff0b688d75799ab8f", "status_code": 200, "duration_ms": 5.2}
{"timestamp": "2026-09-08T06:09:09.274444", "log_type": "api_request", "method": "PATCH", "path": "/api/issues/SC-2026-B0DC01/status", "user_id": "6a9fa66ff0b688d75799ab8f", "status_code": 422, "duration_ms": 4.0}
{"timestamp": "2026-09-08T06:09:09.280955", "log_type": "api_request", "method": "PATCH", "path": "/api/issues/SC-2026-B0DC01/status", "user_id": "6a9fa66ff0b688d75799ab8f", "status_code": 422, "duration_ms": 5.3}
{"timestamp": "2026-09-08T06:09:09.290125", "log_type": "api_request", "method": "PATCH", "path": "/api/issues/SC-2026-B0DC01/classification", "user_id": "6a9fa66ff0b688d75799ab8f", "status_code": 200, "duration_ms": 5.2}
{"timestamp": "2026-09-08T06:09:09.297482", "log_type": "api_request", "method": "GET", "path": "/api/issues/SC-2026-B0DC01/recommendations", "user_id": "6a9fa66ff0b688d75799ab8f", "status_code": 200, "duration_ms": 3.9}
{"timestamp": "2026-09-08T06:09:09.306318", "log_type": "api_request", "method": "POST", "path": "/api/issues/SC-2026-B0DC01/assignment", "user_id": "6a9fa66ff0b688d75799ab8f", "status_code": 400, "duration_ms": 7.0}
{"timestamp": "2026-09-08T06:09:09.315013", "log_type": "api_request", "method": "POST", "path": "/api/issues/SC-2026-B0DC01/assignment", "user_id": "6a9fa66ef0b688d75799ab8e", "status_code": 403, "duration_ms": 3.1}
{"timestamp": "2026-09-08T06:09:09.321103", "log_type": "api_request", "method": "GET", "path": "/api/workers/6a9fa66ff0b688d75799ab90/tasks", "user_id": "6a9fa66ff0b688d75799ab90", "status_code": 200, "duration_ms": 4.1}
{"timestamp": "2026-09-08T06:09:09.325621", "log_type": "api_request", "method": "GET", "path": "/api/workers/6a9fa685f0b688d75799ab9c/tasks", "user_id": "6a9fa66ff0b688d75799ab90", "status_code": 403, "duration_ms": 2.5}
{"timestamp": "2026-09-08T06:09:09.891891", "log_type": "api_request", "method": "POST", "path": "/api/route", "user_id": "6a9fa66ff0b688d75799ab90", "status_code": 200, "duration_ms": 562.7}
{"timestamp": "2026-09-08T06:09:09.897985", "log_type": "api_request", "method": "POST", "path": "/api/route", "user_id": "6a9fa66ff0b688d75799ab90", "status_code": 400, "duration_ms": 3.3}
{"timestamp": "2026-09-08T06:09:09.908078", "log_type": "api_request", "method": "PATCH", "path": "/api/issues/SC-2026-B0DC01/status", "user_id": "6a9fa66ff0b688d75799ab90", "status_code": 422, "duration_ms": 6.7}
{"timestamp": "2026-09-08T06:09:09.924086", "log_type": "api_request", "method": "POST", "path": "/api/issues/SC-2026-B0DC01/resolution", "user_id": "6a9fa66ff0b688d75799ab90", "status_code": 200, "duration_ms": 13.4}
{"timestamp": "2026-09-08T06:09:09.937061", "log_type": "api_request", "method": "GET", "path": "/api/issues/SC-2026-B0DC01", "user_id": "6a9fa66ef0b688d75799ab8e", "status_code": 200, "duration_ms": 7.2}
{"timestamp": "2026-09-08T06:09:09.944352", "log_type": "api_request", "method": "GET", "path": "/api/issues", "user_id": "6a9fa66ef0b688d75799ab8e", "status_code": 200, "duration_ms": 5.4}
{"timestamp": "2026-09-08T06:09:09.947224", "log_type": "api_request", "method": "GET", "path": "/api/issues", "user_id": "anonymous", "status_code": 401, "duration_ms": 0.5}
{"timestamp": "2026-09-08T06:09:09.950636", "log_type": "api_request", "method": "GET", "path": "/api/issues", "user_id": "anonymous", "status_code": 401, "duration_ms": 0.5}
{"timestamp": "2026-09-08T06:09:29.729513", "log_type": "api_request", "method": "GET", "path": "/api/health", "user_id": "anonymous", "status_code": 200, "duration_ms": 0.0}
{"timestamp": "2026-09-08T06:09:30.465332", "log_type": "api_request", "method": "POST", "path": "/api/auth/register", "user_id": "anonymous", "status_code": 201, "duration_ms": 241.8}
{"timestamp": "2026-09-08T06:09:30.692662", "log_type": "api_request", "method": "POST", "path": "/api/auth/register", "user_id": "anonymous", "status_code": 201, "duration_ms": 226.0}
{"timestamp": "2026-09-08T06:09:30.921873", "log_type": "api_request", "method": "POST", "path": "/api/auth/register", "user_id": "anonymous", "status_code": 201, "duration_ms": 228.2}
{"timestamp": "2026-09-08T06:09:31.151004", "log_type": "security_event", "event_type": "login", "user_id": "6a9fa69ad57485b42aaabc5f", "ip": "127.0.0.1", "details": {}}
{"timestamp": "2026-09-08T06:09:31.152006", "log_type": "api_request", "method": "POST", "path": "/api/auth/login", "user_id": "anonymous", "status_code": 200, "duration_ms": 226.4}
{"timestamp": "2026-09-08T06:09:31.378692", "log_type": "security_event", "event_type": "login", "user_id": "6a9fa69ad57485b42aaabc60", "ip": "127.0.0.1", "details": {}}
{"timestamp": "2026-09-08T06:09:31.380698", "log_type": "api_request", "method": "POST", "path": "/api/auth/login", "user_id": "6a9fa69ad57485b42aaabc5f", "status_code": 200, "duration_ms": 226.8}
{"timestamp": "2026-09-08T06:09:31.640263", "log_type": "security_event", "event_type": "login", "user_id": "6a9fa69ad57485b42aaabc61", "ip": "127.0.0.1", "details": {}}
{"timestamp": "2026-09-08T06:09:31.641252", "log_type": "api_request", "method": "POST", "path": "/api/auth/login", "user_id": "6a9fa69ad57485b42aaabc60", "status_code": 200, "duration_ms": 259.6}
{"timestamp": "2026-09-08T06:09:36.316986", "log_type": "ai_call", "task": "classification", "provider": "gemini", "success": false, "confidence": 0.0, "duration_ms": 0.0, "error": "429 You exceeded your current quota, please check your plan and billing details. For more information on this error, head to: https://ai.google.dev/gemini-api/docs/rate-limits. To monitor your current usage, head to: https://ai.dev/rate-limit. \n* Quota exceeded for metric: generativelanguage.googleapis.com/generate_content_free_tier_requests, limit: 20, model: gemini-3.8-flash\nPlease retry in 23.324769942s. [links {\n  description: \"Learn more about Gemini API quotas\"\n  url: \"https://ai.google.dev/gemini-api/docs/rate-limits\"\n}\n, violations {\n  quota_metric: \"generativelanguage.googleapis.com/generate_content_free_tier_requests\"\n  quota_id: \"GenerateRequestsPerDayPerProjectPerModel-FreeTier\"\n  quota_dimensions {\n    key: \"model\"\n    value: \"gemini-3.8-flash\"\n  }\n  quota_dimensions {\n    key: \"location\"\n    value: \"global\"\n  }\n  quota_value: 20\n}\n, retry_delay {\n  seconds: 23\n}\n]"}
{"timestamp": "2026-09-08T06:09:38.289232", "log_type": "ai_call", "task": "image_classification", "provider": "gemini", "success": false, "confidence": 0.0, "duration_ms": 0.0, "error": "429 You exceeded your current quota, please check your plan and billing details. For more information on this error, head to: https://ai.google.dev/gemini-api/docs/rate-limits. To monitor your current usage, head to: https://ai.dev/rate-limit. \n* Quota exceeded for metric: generativelanguage.googleapis.com/generate_content_free_tier_requests, limit: 20, model: gemini-3.8-flash\nPlease retry in 21.349379324s. [links {\n  description: \"Learn more about Gemini API quotas\"\n  url: \"https://ai.google.dev/gemini-api/docs/rate-limits\"\n}\n, violations {\n  quota_metric: \"generativelanguage.googleapis.com/generate_content_free_tier_requests\"\n  quota_id: \"GenerateRequestsPerDayPerProjectPerModel-FreeTier\"\n  quota_dimensions {\n    key: \"model\"\n    value: \"gemini-3.8-flash\"\n  }\n  quota_dimensions {\n    key: \"location\"\n    value: \"global\"\n  }\n  quota_value: 20\n}\n, retry_delay {\n  seconds: 21\n}\n]"}
{"timestamp": "2026-09-08T06:09:38.301218", "log_type": "notification", "event": "complaint_created", "recipient_id": "6a9fa69ad57485b42aaabc5f", "delivery_status": "delivered", "error": null}
{"timestamp": "2026-09-08T06:09:38.302220", "log_type": "notification", "event": "ai_analysis_completed", "recipient_id": "6a9fa69ad57485b42aaabc5f", "delivery_status": "delivered", "error": null}
{"timestamp": "2026-09-08T06:09:38.311215", "log_type": "api_request", "method": "POST", "path": "/api/issues", "user_id": "6a9fa69ad57485b42aaabc5f", "status_code": 201, "duration_ms": 6615.2}
{"timestamp": "2026-09-08T06:09:43.082379", "log_type": "ai_call", "task": "classification", "provider": "gemini", "success": false, "confidence": 0.0, "duration_ms": 0.0, "error": "429 You exceeded your current quota, please check your plan and billing details. For more information on this error, head to: https://ai.google.dev/gemini-api/docs/rate-limits. To monitor your current usage, head to: https://ai.dev/rate-limit. \n* Quota exceeded for metric: generativelanguage.googleapis.com/generate_content_free_tier_requests, limit: 20, model: gemini-3.8-flash\nPlease retry in 16.582028574s. [links {\n  description: \"Learn more about Gemini API quotas\"\n  url: \"https://ai.google.dev/gemini-api/docs/rate-limits\"\n}\n, violations {\n  quota_metric: \"generativelanguage.googleapis.com/generate_content_free_tier_requests\"\n  quota_id: \"GenerateRequestsPerDayPerProjectPerModel-FreeTier\"\n  quota_dimensions {\n    key: \"model\"\n    value: \"gemini-3.8-flash\"\n  }\n  quota_dimensions {\n    key: \"location\"\n    value: \"global\"\n  }\n  quota_value: 20\n}\n, retry_delay {\n  seconds: 16\n}\n]"}
{"timestamp": "2026-09-08T06:09:45.051478", "log_type": "ai_call", "task": "image_classification", "provider": "gemini", "success": false, "confidence": 0.0, "duration_ms": 0.0, "error": "429 You exceeded your current quota, please check your plan and billing details. For more information on this error, head to: https://ai.google.dev/gemini-api/docs/rate-limits. To monitor your current usage, head to: https://ai.dev/rate-limit. \n* Quota exceeded for metric: generativelanguage.googleapis.com/generate_content_free_tier_requests, limit: 20, model: gemini-3.8-flash\nPlease retry in 14.592195152s. [links {\n  description: \"Learn more about Gemini API quotas\"\n  url: \"https://ai.google.dev/gemini-api/docs/rate-limits\"\n}\n, violations {\n  quota_metric: \"generativelanguage.googleapis.com/generate_content_free_tier_requests\"\n  quota_id: \"GenerateRequestsPerDayPerProjectPerModel-FreeTier\"\n  quota_dimensions {\n    key: \"model\"\n    value: \"gemini-3.8-flash\"\n  }\n  quota_dimensions {\n    key: \"location\"\n    value: \"global\"\n  }\n  quota_value: 20\n}\n, retry_delay {\n  seconds: 14\n}\n]"}
{"timestamp": "2026-09-08T06:09:45.073516", "log_type": "notification", "event": "complaint_created", "recipient_id": "6a9fa69ad57485b42aaabc5f", "delivery_status": "delivered", "error": null}
{"timestamp": "2026-09-08T06:09:45.077561", "log_type": "notification", "event": "ai_analysis_completed", "recipient_id": "6a9fa69ad57485b42aaabc5f", "delivery_status": "delivered", "error": null}
{"timestamp": "2026-09-08T06:09:45.090457", "log_type": "api_request", "method": "POST", "path": "/api/issues", "user_id": "6a9fa69ad57485b42aaabc5f", "status_code": 201, "duration_ms": 5766.9}
{"timestamp": "2026-09-08T06:09:45.106994", "log_type": "api_request", "method": "GET", "path": "/api/issues", "user_id": "6a9fa69ad57485b42aaabc60", "status_code": 200, "duration_ms": 9.1}
{"timestamp": "2026-09-08T06:09:45.119811", "log_type": "api_request", "method": "GET", "path": "/api/issues/SC-2026-DE511B", "user_id": "6a9fa69ad57485b42aaabc60", "status_code": 200, "duration_ms": 7.5}
{"timestamp": "2026-09-08T06:09:45.135340", "log_type": "api_request", "method": "PATCH", "path": "/api/issues/SC-2026-DE511B/status", "user_id": "6a9fa69ad57485b42aaabc60", "status_code": 422, "duration_ms": 9.6}
{"timestamp": "2026-09-08T06:09:45.148705", "log_type": "api_request", "method": "PATCH", "path": "/api/issues/SC-2026-DE511B/status", "user_id": "6a9fa69ad57485b42aaabc60", "status_code": 422, "duration_ms": 9.3}
{"timestamp": "2026-09-08T06:09:45.166027", "log_type": "api_request", "method": "PATCH", "path": "/api/issues/SC-2026-DE511B/classification", "user_id": "6a9fa69ad57485b42aaabc60", "status_code": 200, "duration_ms": 12.0}
{"timestamp": "2026-09-08T06:09:45.181832", "log_type": "api_request", "method": "GET", "path": "/api/issues/SC-2026-DE511B/recommendations", "user_id": "6a9fa69ad57485b42aaabc60", "status_code": 200, "duration_ms": 8.8}
{"timestamp": "2026-09-08T06:09:45.202416", "log_type": "api_request", "method": "POST", "path": "/api/issues/SC-2026-DE511B/assignment", "user_id": "6a9fa69ad57485b42aaabc60", "status_code": 400, "duration_ms": 14.8}
{"timestamp": "2026-09-08T06:09:45.218133", "log_type": "api_request", "method": "POST", "path": "/api/issues/SC-2026-DE511B/assignment", "user_id": "6a9fa69ad57485b42aaabc5f", "status_code": 403, "duration_ms": 5.4}
{"timestamp": "2026-09-08T06:09:45.233607", "log_type": "api_request", "method": "GET", "path": "/api/workers/6a9fa69ad57485b42aaabc61/tasks", "user_id": "6a9fa69ad57485b42aaabc61", "status_code": 200, "duration_ms": 9.8}
{"timestamp": "2026-09-08T06:09:45.246026", "log_type": "api_request", "method": "GET", "path": "/api/workers/6a9fa6a9d57485b42aaabc6d/tasks", "user_id": "6a9fa69ad57485b42aaabc61", "status_code": 403, "duration_ms": 5.6}
{"timestamp": "2026-09-08T06:09:45.678672", "log_type": "api_request", "method": "POST", "path": "/api/route", "user_id": "6a9fa69ad57485b42aaabc61", "status_code": 200, "duration_ms": 426.5}
{"timestamp": "2026-09-08T06:09:45.689179", "log_type": "api_request", "method": "POST", "path": "/api/route", "user_id": "6a9fa69ad57485b42aaabc61", "status_code": 400, "duration_ms": 5.4}
{"timestamp": "2026-09-08T06:09:45.703371", "log_type": "api_request", "method": "PATCH", "path": "/api/issues/SC-2026-DE511B/status", "user_id": "6a9fa69ad57485b42aaabc61", "status_code": 422, "duration_ms": 8.9}
{"timestamp": "2026-09-08T06:09:45.723744", "log_type": "api_request", "method": "POST", "path": "/api/issues/SC-2026-DE511B/resolution", "user_id": "6a9fa69ad57485b42aaabc61", "status_code": 200, "duration_ms": 14.9}
{"timestamp": "2026-09-08T06:09:45.738121", "log_type": "api_request", "method": "GET", "path": "/api/issues/SC-2026-DE511B", "user_id": "6a9fa69ad57485b42aaabc5f", "status_code": 200, "duration_ms": 6.1}
{"timestamp": "2026-09-08T06:09:45.749954", "log_type": "api_request", "method": "GET", "path": "/api/issues", "user_id": "6a9fa69ad57485b42aaabc5f", "status_code": 200, "duration_ms": 8.0}
{"timestamp": "2026-09-08T06:09:45.753745", "log_type": "api_request", "method": "GET", "path": "/api/issues", "user_id": "anonymous", "status_code": 401, "duration_ms": 0.0}
{"timestamp": "2026-09-08T06:09:45.758575", "log_type": "api_request", "method": "GET", "path": "/api/issues", "user_id": "anonymous", "status_code": 401, "duration_ms": 0.5}
{"timestamp": "2026-09-08T06:10:11.399151", "log_type": "api_request", "method": "GET", "path": "/api/health", "user_id": "anonymous", "status_code": 200, "duration_ms": 0.6}
{"timestamp": "2026-09-08T06:10:12.468872", "log_type": "api_request", "method": "POST", "path": "/api/auth/register", "user_id": "anonymous", "status_code": 201, "duration_ms": 560.6}
{"timestamp": "2026-09-08T06:10:13.023753", "log_type": "api_request", "method": "POST", "path": "/api/auth/register", "user_id": "anonymous", "status_code": 201, "duration_ms": 552.0}
{"timestamp": "2026-09-08T06:10:13.585283", "log_type": "api_request", "method": "POST", "path": "/api/auth/register", "user_id": "anonymous", "status_code": 201, "duration_ms": 557.5}
{"timestamp": "2026-09-08T06:10:14.123323", "log_type": "security_event", "event_type": "login", "user_id": "6a9fa6c47409c36955f9df21", "ip": "127.0.0.1", "details": {}}
{"timestamp": "2026-09-08T06:10:14.126703", "log_type": "api_request", "method": "POST", "path": "/api/auth/login", "user_id": "anonymous", "status_code": 200, "duration_ms": 532.4}
{"timestamp": "2026-09-08T06:10:14.634150", "log_type": "security_event", "event_type": "login", "user_id": "6a9fa6c57409c36955f9df22", "ip": "127.0.0.1", "details": {}}
{"timestamp": "2026-09-08T06:10:14.637504", "log_type": "api_request", "method": "POST", "path": "/api/auth/login", "user_id": "6a9fa6c47409c36955f9df21", "status_code": 200, "duration_ms": 507.3}
{"timestamp": "2026-09-08T06:10:15.174626", "log_type": "security_event", "event_type": "login", "user_id": "6a9fa6c57409c36955f9df23", "ip": "127.0.0.1", "details": {}}
{"timestamp": "2026-09-08T06:10:15.177621", "log_type": "api_request", "method": "POST", "path": "/api/auth/login", "user_id": "6a9fa6c57409c36955f9df22", "status_code": 200, "duration_ms": 536.9}
{"timestamp": "2026-09-08T06:10:20.986390", "log_type": "ai_call", "task": "classification", "provider": "gemini", "success": false, "confidence": 0.0, "duration_ms": 0.0, "error": "429 You exceeded your current quota, please check your plan and billing details. For more information on this error, head to: https://ai.google.dev/gemini-api/docs/rate-limits. To monitor your current usage, head to: https://ai.dev/rate-limit. \n* Quota exceeded for metric: generativelanguage.googleapis.com/generate_content_free_tier_requests, limit: 20, model: gemini-3.8-flash\nPlease retry in 38.737783663s. [links {\n  description: \"Learn more about Gemini API quotas\"\n  url: \"https://ai.google.dev/gemini-api/docs/rate-limits\"\n}\n, violations {\n  quota_metric: \"generativelanguage.googleapis.com/generate_content_free_tier_requests\"\n  quota_id: \"GenerateRequestsPerDayPerProjectPerModel-FreeTier\"\n  quota_dimensions {\n    key: \"model\"\n    value: \"gemini-3.8-flash\"\n  }\n  quota_dimensions {\n    key: \"location\"\n    value: \"global\"\n  }\n  quota_value: 20\n}\n, retry_delay {\n  seconds: 38\n}\n]"}
{"timestamp": "2026-09-08T06:10:25.712877", "log_type": "ai_call", "task": "image_classification", "provider": "gemini", "success": false, "confidence": 0.0, "duration_ms": 0.0, "error": "429 You exceeded your current quota, please check your plan and billing details. For more information on this error, head to: https://ai.google.dev/gemini-api/docs/rate-limits. To monitor your current usage, head to: https://ai.dev/rate-limit. \n* Quota exceeded for metric: generativelanguage.googleapis.com/generate_content_free_tier_requests, limit: 20, model: gemini-3.8-flash\nPlease retry in 33.954321936s. [links {\n  description: \"Learn more about Gemini API quotas\"\n  url: \"https://ai.google.dev/gemini-api/docs/rate-limits\"\n}\n, violations {\n  quota_metric: \"generativelanguage.googleapis.com/generate_content_free_tier_requests\"\n  quota_id: \"GenerateRequestsPerDayPerProjectPerModel-FreeTier\"\n  quota_dimensions {\n    key: \"model\"\n    value: \"gemini-3.8-flash\"\n  }\n  quota_dimensions {\n    key: \"location\"\n    value: \"global\"\n  }\n  quota_value: 20\n}\n, retry_delay {\n  seconds: 33\n}\n]"}
{"timestamp": "2026-09-08T06:10:25.767444", "log_type": "notification", "event": "complaint_created", "recipient_id": "6a9fa6c47409c36955f9df21", "delivery_status": "delivered", "error": null}
{"timestamp": "2026-09-08T06:10:25.770522", "log_type": "notification", "event": "ai_analysis_completed", "recipient_id": "6a9fa6c47409c36955f9df21", "delivery_status": "delivered", "error": null}
{"timestamp": "2026-09-08T06:10:25.796406", "log_type": "api_request", "method": "POST", "path": "/api/issues", "user_id": "6a9fa6c47409c36955f9df21", "status_code": 201, "duration_ms": 10452.5}
{"timestamp": "2026-09-08T06:10:30.650866", "log_type": "ai_call", "task": "classification", "provider": "gemini", "success": false, "confidence": 0.0, "duration_ms": 0.0, "error": "429 You exceeded your current quota, please check your plan and billing details. For more information on this error, head to: https://ai.google.dev/gemini-api/docs/rate-limits. To monitor your current usage, head to: https://ai.dev/rate-limit. \n* Quota exceeded for metric: generativelanguage.googleapis.com/generate_content_free_tier_requests, limit: 20, model: gemini-3.8-flash\nPlease retry in 29.03247816s. [links {\n  description: \"Learn more about Gemini API quotas\"\n  url: \"https://ai.google.dev/gemini-api/docs/rate-limits\"\n}\n, violations {\n  quota_metric: \"generativelanguage.googleapis.com/generate_content_free_tier_requests\"\n  quota_id: \"GenerateRequestsPerDayPerProjectPerModel-FreeTier\"\n  quota_dimensions {\n    key: \"model\"\n    value: \"gemini-3.8-flash\"\n  }\n  quota_dimensions {\n    key: \"location\"\n    value: \"global\"\n  }\n  quota_value: 20\n}\n, retry_delay {\n  seconds: 29\n}\n]"}
{"timestamp": "2026-09-08T06:10:33.141230", "log_type": "ai_call", "task": "image_classification", "provider": "gemini", "success": false, "confidence": 0.0, "duration_ms": 0.0, "error": "429 You exceeded your current quota, please check your plan and billing details. For more information on this error, head to: https://ai.google.dev/gemini-api/docs/rate-limits. To monitor your current usage, head to: https://ai.dev/rate-limit. \n* Quota exceeded for metric: generativelanguage.googleapis.com/generate_content_free_tier_requests, limit: 20, model: gemini-3.8-flash\nPlease retry in 26.535150723s. [links {\n  description: \"Learn more about Gemini API quotas\"\n  url: \"https://ai.google.dev/gemini-api/docs/rate-limits\"\n}\n, violations {\n  quota_metric: \"generativelanguage.googleapis.com/generate_content_free_tier_requests\"\n  quota_id: \"GenerateRequestsPerDayPerProjectPerModel-FreeTier\"\n  quota_dimensions {\n    key: \"model\"\n    value: \"gemini-3.8-flash\"\n  }\n  quota_dimensions {\n    key: \"location\"\n    value: \"global\"\n  }\n  quota_value: 20\n}\n, retry_delay {\n  seconds: 26\n}\n]"}
{"timestamp": "2026-09-08T06:10:33.168182", "log_type": "notification", "event": "complaint_created", "recipient_id": "6a9fa6c47409c36955f9df21", "delivery_status": "delivered", "error": null}
{"timestamp": "2026-09-08T06:10:33.173098", "log_type": "notification", "event": "ai_analysis_completed", "recipient_id": "6a9fa6c47409c36955f9df21", "delivery_status": "delivered", "error": null}
{"timestamp": "2026-09-08T06:10:33.194648", "log_type": "api_request", "method": "POST", "path": "/api/issues", "user_id": "6a9fa6c47409c36955f9df21", "status_code": 201, "duration_ms": 6380.7}
{"timestamp": "2026-09-08T06:10:33.216560", "log_type": "api_request", "method": "GET", "path": "/api/issues", "user_id": "6a9fa6c57409c36955f9df22", "status_code": 200, "duration_ms": 12.1}
{"timestamp": "2026-09-08T06:10:33.236039", "log_type": "api_request", "method": "GET", "path": "/api/issues/SC-2026-0FCC49", "user_id": "6a9fa6c57409c36955f9df22", "status_code": 200, "duration_ms": 11.6}
{"timestamp": "2026-09-08T06:10:33.279723", "log_type": "api_request", "method": "PATCH", "path": "/api/issues/SC-2026-0FCC49/status", "user_id": "6a9fa6c57409c36955f9df22", "status_code": 200, "duration_ms": 33.7}
{"timestamp": "2026-09-08T06:10:33.299554", "log_type": "api_request", "method": "PATCH", "path": "/api/issues/SC-2026-0FCC49/status", "user_id": "6a9fa6c57409c36955f9df22", "status_code": 422, "duration_ms": 11.2}
{"timestamp": "2026-09-08T06:10:33.317700", "log_type": "api_request", "method": "PATCH", "path": "/api/issues/SC-2026-0FCC49/classification", "user_id": "6a9fa6c57409c36955f9df22", "status_code": 200, "duration_ms": 11.6}
{"timestamp": "2026-09-08T06:10:33.345556", "log_type": "api_request", "method": "GET", "path": "/api/issues/SC-2026-0FCC49/recommendations", "user_id": "6a9fa6c57409c36955f9df22", "status_code": 200, "duration_ms": 17.0}
{"timestamp": "2026-09-08T06:10:33.382309", "log_type": "notification", "event": "complaint_assigned", "recipient_id": "6a9fa6c47409c36955f9df21", "delivery_status": "delivered", "error": null}
{"timestamp": "2026-09-08T06:10:33.385935", "log_type": "notification", "event": "complaint_assigned", "recipient_id": "6a9fa6c57409c36955f9df23", "delivery_status": "delivered", "error": null}
{"timestamp": "2026-09-08T06:10:33.396604", "log_type": "notification", "event": "complaint_assigned", "recipient_id": "6a9fa6c57409c36955f9df23", "delivery_status": "delivered", "error": null}
{"timestamp": "2026-09-08T06:10:33.401291", "log_type": "api_request", "method": "POST", "path": "/api/issues/SC-2026-0FCC49/assignment", "user_id": "6a9fa6c57409c36955f9df22", "status_code": 200, "duration_ms": 48.8}
{"timestamp": "2026-09-08T06:10:33.419780", "log_type": "api_request", "method": "POST", "path": "/api/issues/SC-2026-0FCC49/assignment", "user_id": "6a9fa6c47409c36955f9df21", "status_code": 403, "duration_ms": 6.5}
{"timestamp": "2026-09-08T06:10:33.436710", "log_type": "api_request", "method": "GET", "path": "/api/workers/6a9fa6c57409c36955f9df23/tasks", "user_id": "6a9fa6c57409c36955f9df23", "status_code": 200, "duration_ms": 12.0}
{"timestamp": "2026-09-08T06:10:33.449381", "log_type": "api_request", "method": "GET", "path": "/api/workers/6a9fa6d97409c36955f9df35/tasks", "user_id": "6a9fa6c57409c36955f9df23", "status_code": 403, "duration_ms": 5.6}
{"timestamp": "2026-09-08T06:10:33.923177", "log_type": "api_request", "method": "POST", "path": "/api/route", "user_id": "6a9fa6c57409c36955f9df23", "status_code": 200, "duration_ms": 468.6}
{"timestamp": "2026-09-08T06:10:33.934955", "log_type": "api_request", "method": "POST", "path": "/api/route", "user_id": "6a9fa6c57409c36955f9df23", "status_code": 400, "duration_ms": 5.5}
{"timestamp": "2026-09-08T06:10:33.962822", "log_type": "api_request", "method": "PATCH", "path": "/api/issues/SC-2026-0FCC49/status", "user_id": "6a9fa6c57409c36955f9df23", "status_code": 200, "duration_ms": 22.3}
{"timestamp": "2026-09-08T06:10:33.994669", "log_type": "api_request", "method": "POST", "path": "/api/issues/SC-2026-0FCC49/resolution", "user_id": "6a9fa6c57409c36955f9df23", "status_code": 200, "duration_ms": 22.0}
{"timestamp": "2026-09-08T06:10:34.011161", "log_type": "api_request", "method": "GET", "path": "/api/issues/SC-2026-0FCC49", "user_id": "6a9fa6c47409c36955f9df21", "status_code": 200, "duration_ms": 7.2}
{"timestamp": "2026-09-08T06:10:34.024083", "log_type": "api_request", "method": "GET", "path": "/api/issues", "user_id": "6a9fa6c47409c36955f9df21", "status_code": 200, "duration_ms": 8.0}
{"timestamp": "2026-09-08T06:10:34.027969", "log_type": "api_request", "method": "GET", "path": "/api/issues", "user_id": "anonymous", "status_code": 401, "duration_ms": 0.0}
{"timestamp": "2026-09-08T06:10:34.033568", "log_type": "api_request", "method": "GET", "path": "/api/issues", "user_id": "anonymous", "status_code": 401, "duration_ms": 0.0}
